text,rating,categories,platform
1대1 튜터링 매우 만족스럽게 쓰고 있습니다. 다만 교재 사전질문 선택시 다른 질문들 터치가 거의 되지 않는 점이 불편합니다. 다른 리뷰에서도 이런 내용을 봤는데 빠른 수정 부탁드립니다!!,4.0,"튜터 품질, 앱 UX/버그, 콘텐츠/교재",Google Play
갑자기 AI튜터 관련 메뉴들이 터치가 1도 안먹네요. 수업진행을 할수가없는데 기간은 가고;; 답답하네요,1.0,"튜터 품질, 앱 UX/버그",Google Play
1. 앱 업데이트후 AI 듣기에서 찜하기가 없어졌습니다 2. 안드로이드는 AI 듣기 인터페이스와 안드로이드의 물리키 인터페이스가 겹쳐 선택하기가 어려워졌습니다 3. 반복기능도 안됩니다. 백그라운드에서 반복 설정해두면 계속 플레이되었는데 안되네요. 또한 다른 앱을 사용하다가 다시 돌아오면 끊기고 article을 다시 골라야합니다. 근데 찜하기가 안되어있으니 어디있던 article 인지 알기가 어렵네요 충분히 테스트 후 업데이트 사항은 적용부탁드립니다.....,3.0,앱 UX/버그,Google Play
오류나서 회원가입도 못하고 로그인도 못하고 있어요,1.0,앱 UX/버그,Google Play
링글 공동창업자 이승훈 씨?? 여기서 자꾸 메일이 와요 미춰버리겠네.. 이메일좀 그만좀 보내세요. 하고싶다가도 자꾸 이메일 보내서 지워버렸어요. 진짜싫어요.,1.0,고객지원,Google Play
오류가 너무 많아요,1.0,앱 UX/버그,Google Play
"다른건 다 좋은데, 수업준비에서 질문들 선택하는 화면의 좌우 스크롤 및 터치가 매우 심각하게 안 먹어서 사용하기가 너무 불편합니다. 최소 별점 3개는 까먹을 정도로 불편해요. 개선된 부분 확인되면 별점 수정 고려해보겠습니다",2.0,"튜터 품질, 앱 UX/버그, 콘텐츠/교재",Google Play
업뎃 후 아무것도 안됨. 수업 예약 화면도 안보임,1.0,"예약 시스템, 앱 UX/버그",Google Play
앱푸쉬가 와서 메시지 누르면 앱 접속이안되요.. 다시 어플 껐다켜서 처음부터 들어가야됨;;,1.0,앱 UX/버그,Google Play
튜터 스케줄 오픈 알림도 뜨고 튜터 페이지에서 예약하기 버튼이 활성화 되어있는데도 예약하기 버튼을 누르면 스케줄이 마감되었다고 계속 뜨네요,1.0,"튜터 품질, 예약 시스템",Google Play
"링글의 컨텐츠에는 만족하며 2022년부터 계속 사용중입니다. 다만 휴대폰으로 접속했을 때 속도가 말할수 없이 느립니다. 그리고 최근 업데이트 이후에는 휴대폰으로 수업 접속 시 3~4분 동안은 화면은 나오는데 오디오가 연결이 안돼서, 한참동안 튜터와 뻘쭘하게 기다려야 합니다. 원래 리뷰 같은거 남기지 않는데, 전혀 개선이 없는것 같아서 남깁니다. 노트북으로 접속했을 때는 괜찮은데, 휴대폰 이용 편의성 좀 개선해주세요.",2.0,"튜터 품질, 앱 UX/버그",Google Play
며칠째 앱 설치가 안되서 수업을 못듣고 있어요..,1.0,앱 UX/버그,Google Play
업데이트 이후 설치가 아예 안됩니다. 회사 지원으로 이번달 수업 완료해야하는데 아예 접속을 못하고 있어요,1.0,"앱 UX/버그, 고객지원",Google Play
어플이 너무너무너무너므너무너무너무커무너무무 구려요. 수업 준비해서 멘트 다 쓰면 계속 날려요. 답변 다 적었는데 수업 준비 완료 버튼도 안눌려요. 어플에서 수업 변경도 안되거 취소도 안되고. 오ㅑ 이렇게 어플로는 아무것도 못하게 만든건가요?? 어떤 이유가 있었겠지만 편의성이 필요한 저로서는 어플 사용이 간편한 다른 학습어플로 넘어갈 수 밖에 없는거 같아여,1.0,"튜터 품질, 예약 시스템, 수업 효과, 고객지원",Google Play
bites학습 기능 어디갔나요? 업그레이드 했더니 안보여요. 없어진거면 꼭 다시 살려주세요. 데일리학습 같은거말고 수업 복습 기능 강화해주세요,4.0,수업 효과,Google Play
업데이트 이후 설치가 안되고 있습니다.,1.0,앱 UX/버그,Google Play
잘 쓰고있습니다만 앱 안정성이 굉장히 떨어집니다. 교재 오디오 듣다가 종료돼서 다시 켜야하기 일쑤입니다. 개선 부탁드립니다. 하나 더 요청드리자면 교재 글씨크기를 조정할 수 있으면 좋겠습니다.,4.0,"앱 UX/버그, 콘텐츠/교재",Google Play
앱이 와이파이 빵빵한데도 너무 느림. 최적화 안되는듯 그래도 피드백 바로바로 수용하는 자세도 좋고 원어민이나 시스템도 좋아서 만족.,4.0,"튜터 품질, 앱 UX/버그",Google Play
서비스는 너무 좋아요 몇년째 사용중입니다 하지만 앱은 너무 느리고 오류가 많아서 사용하기 힘들어요,3.0,"앱 UX/버그, 고객지원",Google Play
이젠 앱이 열리지도 않네요..,1.0,앱 UX/버그,Google Play
업데이트가 있다고해서 구글앱에 들어가면 업데이트 버튼이 없고 앱열기를 눌러도 업데이트 알림만 떠서 수업 준비를 못하고 있습니다.,3.0,"튜터 품질, 예약 시스템, 앱 UX/버그",Google Play
Ai스피킹이라고 사용권 줬는데 쓰려고하니까 계속 업데이트하라고 하네요. 사용 가능일 며칠 남지도 않았는데 다 날려먹게생겼는데요?,1.0,앱 UX/버그,Google Play
그냥 클릭하면 접속 가능한데 카톡으로 리워드 확인하라고 해서 카톡을 통해 접속하면 인터넷 연결안되어 있다고 뜨면서 이용 불가합니다. 작동해야 확인을 하던 말던 하죠. 이벤트 푸시만 보내지 마시고 앱 연결 링크도 좀 확인해주세요.,1.0,"예약 시스템, 앱 UX/버그",Google Play
앱이 진짜...너무 구림,1.0,앱 UX/버그,Google Play
수업시간 1시간전에 리마인드이메일이 한꺼번에 4개나 옵니다... 문자오는거까진 좋은데 왜 이리 메일폭탄을 보내시는건가요,2.0,"예약 시스템, 고객지원",Google Play
교재 선택을 했는데 반영이 안돼서 하기 싫은 교재로 공부하게 되는 일이 비일비재합니다,1.0,"수업 효과, 콘텐츠/교재",Google Play
어플 사용도 저는 불편한거 별로 없구요 불편하다고 얘기하면 바로바로 수정해주시니 좋습니다. 무엇보다 중상급자들에게 최적화된 수업이고 튜터분들도 좋으신분들이 대다수예요. 정말 좋습니다~번창하세요~~,5.0,"튜터 품질, 앱 UX/버그",Google Play
3년째 이용중인 회원인데 앱이 업데이트 후 이상해졌네요,1.0,앱 UX/버그,Google Play
업데이트 누가 승인해주신건가요... 더 불편해졌어요. 예약현황/복습/수업예약 확인하느데 더 불편해요. 예전 퀵메뉴가 더 직관적이고 좋은거 같네요.,3.0,"예약 시스템, 앱 UX/버그, 수업 효과",Google Play
업데이트하고 튜터들 예약힘들어졌어요. 제발 롤백해주세요.,1.0,"튜터 품질, 예약 시스템, 앱 UX/버그",Google Play
어플 메뉴 위치 왜 바꾸는건가요? 위치가 바뀌어서 불편하기도 하고 기능도 하나씩 에러 나고 적응 하기는 하겠지만 너무 불편하네요 내년에 다시 결제 하는것 고민해볼 정도에요,1.0,"가격, 앱 UX/버그",Google Play
운영시간은 낮에만 운영해서 멘토가 노쇼해도 할 수 있는게 없음. 하루에 2번 캔슬당하고 나니 더이상 이 플랫폼을 쓰고싶지 않아지네요. 비싼 비용내고 대접 못받는 기분입니다.,1.0,"가격, 예약 시스템",Google Play
"모바일기기로 Trial 첫수업듣는데, 소리안들리고 오디오에 문제 있어 4,000원 날렸네요. 첫 수업듣으려면 PC에서 웹에서 들으세요. 모바일기기에서 앱깔지말고.",1.0,앱 UX/버그,Google Play
앱이 버그가 있다면서 계속 종료됩니다.,1.0,앱 UX/버그,Google Play
왤케 뻔질나게 업데이트를 하고 업데이트 할때마다 용량 모자라다고 하나요.. 그냥 화상영어 하겠다는데 너무 잦은 업데이트가 불편합니다,1.0,앱 UX/버그,Google Play
컨텐츠는 좋은데 앱 에러가 너무 심합니다 ㅠ 최근들어서 더 늘어난 것 같아서 개선이 필요합니다.,2.0,앱 UX/버그,Google Play
시간먼저 선택 수업예약하려고 하면 화면 안나오고 멈추네요.,1.0,"예약 시스템, 앱 UX/버그",Google Play
"링글은 좋지만, 앱으로는 안되는게 너무 많고 느림. 생각하고 만든것인지 의문.",1.0,앱 UX/버그,Google Play
"어플 버그 엄청 많아요. 특히 다시듣기는 실행하면 중간에 아무 버튼도 안눌러지고, 대화도 어느시점부터 끊겨서 안나옵니다.",1.0,"앱 UX/버그, 콘텐츠/교재",Google Play
너무 앱이 무겁고 중간에 멈추는 일이 잦음.,2.0,앱 UX/버그,Google Play
링글이라는 학습프로그램자체는좋지만 어플은 문제가 많은거같습니다. 교제에 들어가서 듣기를 실행하다가 멈추려고해도 반응하지않습니다. 혹시나 여러 버튼을 누르면 오류가 더 많아져서 다른아이콘은 반응하지도 않습니다...프로그램의 대부분이 오류가 너무 많아서 정정이필요할거같습니다ㅠ,2.0,"앱 UX/버그, 수업 효과",Google Play
업데이트때마다 접속하면 팅깁니다. 이럴거면 왜 업데이트를 하는건가요?,1.0,앱 UX/버그,Google Play
링글 자체는 좋은데 앱이 튕기는 현상이 자주 나타남. 이 부분이 개선 되길 바람,2.0,앱 UX/버그,Google Play
링글 다운 받고 싶은테 Play 스토어 앱 다운로드 문제 해결 해 주세요 잘 안돼요,2.0,"앱 UX/버그, 고객지원",Google Play
"링글이라는 튜터 시스템이 아니라, 앱의 강제 업데이트가 너무너무 잦고 앱또한 불안정해보입니다.",2.0,"튜터 품질, 앱 UX/버그",Google Play
인내심테스트 앱인가요. 열때마다 업데이트 한다고 시간걸리고_ 업데이트할것도 없는데_ 튜터 피드백 확인하려고하면 그냥 흰 화면만 뜹니다. 처음엔 이정도까지는 아니었는데 왜이런가요,1.0,"튜터 품질, 예약 시스템, 앱 UX/버그",Google Play
수업은 너무 좋습니다 앱의 오류가 많고 업데이트가 잦아서 몇번 예약 시도하다가 안 쓰게 되네요..,3.0,"예약 시스템, 앱 UX/버그",Google Play
오늘 깔아서 네 번 열었는데 열 때마다 자꾸 업데이트 한다고 떠요. 답답해요,1.0,앱 UX/버그,Google Play
"링글 수업 9번 들었어요, 회사 노트북으로는 보안 때문에 ZOOM 접속이 안되서 휴대폰으로 주로 들고 (;;) 합니다. 갤럭시 탭으로 들어와 봤는데, 놀랍게도 화면 가로 전환이 안되네요.... 큰화면으로 볼려고 하는데... 태블릿 가로 버전도 지원 해주시면 좋겠네요 감사합니다",4.0,"앱 UX/버그, 고객지원",Google Play
수업 자체는 좋은데 앱이 엉망입니다. 첫번째 깔았을 땐 열면 바로 튕겨서 무용지물이더니 두번째 깔았을 땐 필수 업데이트를 무한진행합니다.,1.0,앱 UX/버그,Google Play
앱이 갑자기 아예 안열립니다.. 수강 기간도 얼마 안남았는데,1.0,앱 UX/버그,Google Play
맨날 튕기더니 업데이트 후 이제는 아예 앱 실행이 안됨,1.0,앱 UX/버그,Google Play
링글 수업 자체의 퀄리티는 굉장히 높은 편인것 같고 만족합니다. 교재 또한 다양해서 굳이 1:1 수업을 하지 않아도 공부할 수 있는게 많이 있습니다. 무료 강의도 몇 번 들어봤는데 이런 서비스도 만족합니다. 다만 수업은 좋지만 환경 개선이 필요할 것 같습니다. 링글 수업은 웹으로 보기에만 적합하게 만든 것 같습니다. 저는 직장인이기 때문에 중간중간 시간 날때마다 공부를 하려고 하는데 핸드폰(갤럭시노트10)으로 무료강의를 들으려고 하면 웨비나 접속이 안 되서 못 듣고 아이패드로 수업예습을 하려고 오늘 처음 접속해 봤더니 화면 비율이 최적화 되어있지 않더군요. 집에서 노트북으로 접속하는 경우가 아니라면 굉장히 불편합니다. 제가 수업 결제하기 전에도 이런 비슷한 리뷰를 본 적이 있었는데 역시나 직접 써보니 저도 불편하네요. 수업 자체는 좋은데 이런 부분들 때문에 계속 들어야 할지 말지 고민입니다. 빨리 업데이트 해주셨으면 해서 적습니다.,3.0,"가격, 예약 시스템, 앱 UX/버그, 수업 효과, 콘텐츠/교재, 고객지원",Google Play
"오류가 너무 많고, 한번에 앱이 실행되는 경우가 드물 정도.",2.0,앱 UX/버그,Google Play
"링글의 학습 시스템은 굉장히 좋은데 앱에 몇 가지 개선했으면 하는 부분들이 있습니다. 1. 가끔 앱을 실행하면 오류가 났는지 튕기고 다시 실행되는 경우가 있는데 이 부분이 수정이 됐으면 좋겠습니다. 2. 1:1 수업 탭에 시간 먼저 선택과 튜터 먼저 선택이 있는데, 교재 먼저 선택도 추가됐으면 좋겠습니다. 원하는 수업 주제를 먼저 고르고 해당 주제에 특화된 튜터를 고르길 희망하는 경우도 있기 때문입니다.",4.0,"튜터 품질, 예약 시스템, 앱 UX/버그, 수업 효과, 콘텐츠/교재",Google Play
"앱 너무 좋고 잘 공부하는 중인데요, 업데이트 이후에 자꾸 화면도 튕기고 교재를 한글로 전환하는 기능이 아예 안됩니다. 가끔 뜻을 모를때 한글 전환하며 볼 수 있는 것이 정말 좋았는데 이것좀 고쳐주시면 좋겠어요. 한가지 더 추가합니다. 튜터 알림시간 설정이 있으면 좋겠어요. 가끔 새벽에 알람이 와서 불편합니다.",3.0,"튜터 품질, 예약 시스템, 앱 UX/버그, 수업 효과, 콘텐츠/교재",Google Play
대상이 제가 아닌 푸시알림이 계속 옵니다 버그인지 운영에서 테스트중이신건진 모르겠으나 빠르게 수정해주세요 계속 울려서 거슬려요,1.0,"예약 시스템, 앱 UX/버그",Google Play
"어제(5월2일)까지 잘되던 앱이 오늘부터 계속 튕겨서 못들어갑니다. 7.6.1버전입니다. 지우고 다시 깔아봐도 계속 안됩니다. 노트9이고요, 탭7에서는 잘되서 수업은 일단 탭으로 진행했습니다. 탭에는 7.6.0버전입니다.",4.0,앱 UX/버그,Google Play
"링글 잘 사용하고 있어요. 다만 어플 사용하는데 몇가지 오류가 있어서 불편해요. 핸드폰으로 링글과 영영사전을 모두 보느라 여러 앱을 번갈아 쓰는 경우가 많은데, 어플 전환할 때 그냥 홈화면으로 돌아가더라구요; 예를 들면 교재 읽다가 모르는 단어 나와서 사전 어플 켰다가 다시 링글로 돌아오면 갑자기 홈화면으로 돌아가요. 그래서 매번 공부하던 데 다시 찾아서 돌아가야해서 불편하네요. 갤럭시 유전데, 화면분할 해놓고 화면 비율 조정할 때도 똑같은 문제가 발생해요. 비율 조정하다가 갑자기 홈화면으로 돌아가요. 이것 좀 고쳐주세요...",3.0,"앱 UX/버그, 수업 효과, 콘텐츠/교재",Google Play
두 세 번 짧게 칠 거면 좋음 근데 나처럼 몇 십 번 할 거면 안 하는 게 정말 최선이다.. 선생이랑 애초에 쭉 매칭해서 아니기 때문에 계속 생선이 바뀐다 그 때마다 일일이 하나씩 하나씩 처음하는 느낌.. 너무 싫다 참고로 이거 선생이 매 수업마다 바뀜 다른 화상 영어 전화영어 좋은 거 많으니 그거 쓰세요 이거 선생이 그냥 복불복 운빨입니다 여러 번 쓸 거면 절대 이거 쓰지 마세요,2.0,수업 효과,Google Play
항상 노력하는 자세에 감동합니다. 선생님들이 너무 자주 바뀌는건 좀 불만인데요 새로운 사람을 지속적으로 만나서 이야기 해 보는걸로는 좋은 기회가 될것 같아요. 찜한 튜터 예약알림 기능이 제일 좋습니다,5.0,"튜터 품질, 예약 시스템",Google Play
수강일자 남은 날 중에 딱 하루만 일정이 맞아서 신청했는데 튜터가 취소했네요...24시간 내 수업 신청가능한 보충 수업권 들어오고 원래 수업권도 복원됐는데 어차피 들을 수 있는 날이 없어서 그냥 버리게 생겼어요...보충수업권은 원하는 대로 쓸 수도 없는데ㅜㅠ팔아버릴수도 없고 그대로 날리겠네요...,2.0,"튜터 품질, 예약 시스템",Google Play
"환불하는데 무슨 1:1 문의를 시키고, 30분이 넘도록 답장이 없나요. 별로네요.",1.0,"가격, 고객지원",Google Play
현재까지는 맘에 들어요. 다만 동영상 올리기 용량 좀 늘려주세요. 튜터들 영상이 왜이리 퀄리티 떨어지는지 불만이었는데 제가 소개영상 올려보니 10MB 제한이 걸려있으니 그럴수 밖에 없다는 생각이 듭니다. 일단 제폰 노트20 기준으로 낮은 SD수준으로 아무리 빨리 찍어서 1분 30초 안에 끝내도 90MB이고 압축해도 11MB네요. 그래서 앞뒤를 조금 자르고 겨우 1분27초로 10MB 안에 맞췄습니다. 참고해 주세요. 바이~~,5.0,"튜터 품질, 앱 UX/버그",Google Play
업데이트 후 오류 작렬,1.0,앱 UX/버그,Google Play
"지금까지 총 2회 수업했습니다. 그 중 한 번은 튜터가 강의 시작 시간이 지났는데도 들어오지 않았고, 수업시작 6분뒤 고객센터에서 튜터 사정 상 수업이 어렵다는 말만 전달받고 수업이 취소되었습니다. 해당 수업권은 환불되고 추가 수업권까지 보상으로 받았지만 다시 수업하고싶지 않네요.",1.0,"가격, 튜터 품질, 예약 시스템, 고객지원",Google Play
"링글 수업 자체는 너무너무 좋아하는 수강생이지만, 링글 앱에 들어갈 때마다 앱이 새로 업데이트 되었다는 알림창이 떠서 매우 불편해요 :(",4.0,"예약 시스템, 앱 UX/버그",Google Play
설치가 안되고 자꾸할면튕기네요,1.0,앱 UX/버그,Google Play
제발 업데이트 좀 그만 해요. 뭔 업데이트릉 이주마다 한 번씩 하나요????? 바뀌는 것도 없구만. 이번 업데이트는 특히 최악. 앱 삭제하고 다시 깔았는데도 아예 먹통이네...,1.0,앱 UX/버그,Google Play
"원어민 튜터링 서비스는 좋은데. 앱은 너무너무너무 느리고 불편해서 별 하나 깎았아요. 오늘은 아예 안 뜨네요. 느리고, 오류도 많고, UI는 엉뚱하고... 이 사실을 링글만 모르시는 것 같아요.",4.0,"튜터 품질, 앱 UX/버그, 고객지원",Google Play
링글 이용자 입니다 업데이트가 너무 자주됩니다 하지 않고 싶은 사람도 있는데 할 수 밖에 없는 구조로 짜놓으시고 계속 업뎃도 안돼서 폰도 껏다 켜보고 앱을 지워도 보고 다시 설치하려니까 또 깔리지도 않네요 이 부분만 해결되면 인터페이스도 편리하고 좋은 앱인데.. 너무 치명적이네요,2.0,"앱 UX/버그, 고객지원",Google Play
링글 잘 쓰고 있습니다. 그런데 폰으로 접속하면 앱이 업데이트되어 홈 화면으로 이동한다는 안내창이 계속 뜨는데 이거 못 없애나요? 언제까지 매 접속마다 이걸 봐야 하죠...,4.0,앱 UX/버그,Google Play
예약하려고 하면 앱이 계속 중단돼요. 튜터 다고르고 어떤 수업교재로 할건지 정하는 단계에서요,1.0,"튜터 품질, 예약 시스템, 앱 UX/버그, 콘텐츠/교재",Google Play
지금까지 5번 수업 신청을 하였으나 막상 수업이 이루어진건 2번이고 나머지는 튜터의 노쇼및 당일 일방적인 취소였습니다. 원하는 튜터와 시간 잡기도 힘들어요. 수업의 질이 튜터의 운에 달려있는 점이 아쉽습니다,1.0,"튜터 품질, 예약 시스템",Google Play
카톡 로그인이 안돼요,2.0,앱 UX/버그,Google Play
업데이트하고나서 앱구현속도가 너무 느려요 진짜 불편해요 개발자 기획자님들일좀하세요,1.0,앱 UX/버그,Google Play
수업잡기가 너무힘듭니다... 3주전에 미리잡으려고해도 힘듭니다 게다가 업데이트후엔 수강신청하는것자체가 엄청느려져서 도저히 핸드폰으론 예약을 할 수가업네요...,2.0,"예약 시스템, 앱 UX/버그",Google Play
최근 광고를 늘리면서 수강생이 많아진 건지 튜터매칭이 어렵습니다. 프라임 시간대에는 매칭 가능 튜터가 0에서 최대 2명? 어찌된 일인지 몇달동안 계속 지정하던 고퀄 튜터들은 보이지도 않고요 예전 TLX가 업체에 지급을 못 해서 돈만 날린 기억을 상기시켜 불안하네요,3.0,"가격, 튜터 품질, 예약 시스템",Google Play
준비안된 일반 학생들로 구성된 최악의 언어학습앱. 차라리 전화영어가 더 도움될듯.,1.0,"튜터 품질, 앱 UX/버그, 수업 효과",Google Play
가입 진행이 안됩니다. 구글 연동을 해도 이메일 작성이후 아래 작성란으로 넘어가질 않아요. 선택도 안되고요.. (이메일은 제대로 썼는데 틀린 것처럼 붉은색 라인으로 뜨고요 ㅜㅠ) 확인 부탁드립니다,5.0,"앱 UX/버그, 고객지원",Google Play
"[생활문화] 링글플러스라는 1:1 화상영어라는 서비스의 사용기를 남겨봅니다.(ringleplus) Intro 전화영어는 많은 분들이 접해보셨을 거 같고 저도 이런저런 업체를 접해봤지만 이래저래 아쉬운 점이 많이 있습니다. 짧은 시간, 야근으로 인해 전화를 못 받는 경우 등 하지만 가장 아쉬운 점은 전화영어를 하는 튜터에 대한 아쉬움이었습니다. 각자의 영어 수준에 따라 다르지만 영어를 일정 수준 이상 하시는 분들은 전화영어 튜터들과 이런 저런 깊은 얘기를 하려다 보면 시간이 짧던지 아니면 내가 관심이 가는 주제에 대해 튜터가 잘 알지 못하는 경우가 꽤 있습니다. 아님 튜터의 영어 수준에 대해 아쉬울 수도 있구요. 이런 Needs를 잘 파악한 곳이 링글플러스라고 생각합니다. 수업 신청은 보통 ringleplus라는 곳에 회원을 가입해서 수업의 유형에 맞게 credit을 구입한 후 credit을 사용하여 원하는 시간에 본인이 직접 수업을 신청하는 방식으로 이루어 집니다. 수업은 수강신청된 시간에 웹사이트에 접속하면 나의 수업에서 쉽게 해당 강의를 찾을 수 있습니다. 해당강의를 클릭하면 채팅룸에 입장하게 되고 캠이 달려있는 노트북이면 처음에 한번만 플러그인을 설치하면 쉽게 저의 화면과 튜터의 화면이 동시에 뜨면서 수업 시작이 됩니다. 저는 맥에서 이어폰 꽂아서 하는데 기가랜이 아니어도 네트워크 상태도 좋고 발음도 클리어하게 들리는 편입니다. 장점 해당 서비스의 장점은 일단 튜터의 영어 수준이 우수합니다. Ivy League의 재학생들과 진행하기 때문에 이 학생들이 구사하는 어휘 및 collocations, 문장의 표현 등은 다른 전화영어의 강사 분들과는 차별 포인트라고 생각합니다. 튜터의 프로필이 사이트에 다 올라오지는 않지만 수업이 매칭되고 배정된 튜터의 소개를 보면 Harvard, Standford, Yale 등의 재학생들을 자주 접하는데 이 학생들의 전공 또한 다양해서 이야기 하다보면 교재의 주제 외 흥미로운 이야기들도 많이 나오구요. 두 번째로 좋은 점은 회사의 운영진들이 친절하십니다. 이 회사의 창립 멤버 분들은 Stanford MBA에 재학 중인 두 분의 한국분들이 만드셨는데 정말 빠르게 고객의 요구에 대응해주십니다. 가령 결제를 할 때 법인카드 사용 시 필요한 요구, 튜터 매칭에 관한 질문 등 자잘한 것에 대해서 친절히 대응해줄 때 참 좋았습니다. 법인카드 건은 간단하긴 했었지만 메뉴에는 없던 내용이었고 저는 법인카드 결재를 올렸어야 하는데 결재기한이 얼마 남지 않아 당황했었는데 기존에 없던 메뉴를 즉각적으로 만들어서 대응해주는 모습에 사실 약간 감동 받았어요. 이전에 전화영어 이용할 때는 이런 요구사항에 법인카드 별로 따로 대응을 하는 건 힘들다고 해서 1달만 이용하고 그 다음에 이용하고 싶은 마음이 들지 않았거든요. 그리고 수업 진행하는 교재의 퀄리티가 뛰어납니다. 교재를 직접 만드시는 지 알 수 없지만 비즈니스 관련한 주제들을 잘 정리해서 영어 대화를 하게끔 잘 편집된 교재들입니다. 그 때 그 때 이슈가 되는 미국의 기업에 관한 기사나 내용을 가져와서 이야기 하게끔 하기도 하구요, 시간이 없어서 영문 대신 2분 만에 국문으로 읽을 수 있게끔 한 것도 좋았구요. 교재를 읽고 tutor와 같이 Discussion 하게끔 한 질문들이 많긴 하지만 개인이 알아서 skip하면 되니 상관없을 거 같습니다. 영어로 advanced 디스커션이나 debate을 하고 싶으신 분의 needs를 잘 충족시켜줄 거라 생각합니다. 아쉬운점 아쉬운 점을 꼽아보자면 먼저 가격일 거 같습니다. 수업의 종류는 1:1 영어 회화/토론, 영문서 교정, 영어인터뷰/프레젠테이션, 개인별 맞춤수업 등 4가지로 구성되어 있는데 저같은 경우는 주로 1:1 영어회화만 신청합니다. 가장 기본이고 저렴합니다. 수업 신청의 기본단위는 1 credit이며 구매가격은 55,000 원 입니다. 1 credit으로 1:1 영어회화를 신청하면 40분 당 화상으로 영어회화를 할 수 있습니다. 국내에서 1:1 english 학원에가서 1시간 동안 수업을 받으면 7~8만원 대로 크게 차이가 나지는 않지만 일반 전화영어에 비교해보면 높은 가격이긴 합니다. 전화영어가 아니라 다른 화상영어 서비스랑 비교해보면 가격이 어떻게 되는 지는 저는 모르겠습니다(화상영어 서비스는 처음인지라) 여유가 되면 일주일에 2번 정도 해보고 싶지만 그러면 40만원을 흘쩍 넘기 때문에 저는 보통 3번 정도 수업을 듣습니다. 실력향상 보다는 감각을 유지하는 차원이기도 하고, 용돈받고 사는 처지라…. 저도 직장인이고 회사에서 운 좋게 어학지원비가 있어서 정기적으로 하지 학생분들이라면 이용장벽이 있을 수도 있게단 생각이 듭니다. 장기계약으로 장기할부가 있으면 어떨까 생각도 들기는 했어요. 월스트리트 이런 학원들처럼 1년 계약하고 12개월 할부 같은…. 다음으로 아쉬운 점은 튜터분들의 나이가 어린 편입니다. 나이가 어리다고 해서 튜터들이 수업에 참여하는 자세가 이상하지는 않습니다. 사실 아주 좋은 편이라고 생각합니다. 단지 1,2학년 학부생이기 때문에 주제에 대해서 얘기할 때 조금 깊이있게 대화하고 싶을 때는 아쉬운 점이 조금 있습니다. 튜터의 풀이 좀 더 다양해지면 좋지 않을까 합니다. 소감 처음으로 링글플러스를 접하게 된 계기는 슬라이드 쉐어라는 사이트에서 대표자 분의 슬라이드를 발견했던 거 같습니다. 지금 다시 들어가서 보니 그 때 당시의 슬라이드를 찾지는 못 하지만 현재 대표자 분이 슬라이드 쉐어에 링글플러스라는 서비스에 소개해놓은 링크를 공유 드립니다. 저는 링글플러스라는 곳을 계속 사용할 거 같습니다. 게으르다보니 아침에 학원 가기도 귀찮고, 저녁에는 갑자기 회식이 잡히기도 하구요. 주말에는 갑자기 가족행사가 잡힐 때도 있고, 마트에 가야할 수도 있구요…. 전화영어는 저비용이긴 하지만 거의 만족해본 적이 없었고, 1:1 튜터 같은 경우는 이런 사람에게 튜터를 받아야 하나 싶은 사람이 나타나서 학원보다 돈을 더 많이 내야할 때도 있었구요. 저같이 전화영어는 아쉽고, 학원가기는 귀찮으시고, 1:1 튜터링 하시면서 이상한 튜터에 데여보신 분들에게 추천 드리구요. 미국 MBA나 영어로 석/박 인터뷰 준비하시는 분들에게는 특히 추천 드립니다. 전화 인터뷰든 아님 어드민이랑 직접 하시던 30~50분 정도 하셔야 할 텐데 제가 예전에 준비할 때 이런 서비스가 있었으면 잘 활용했을 거 같습니다. 아 그리고 1회 무료 체험수업도 신청이 가능합니다. 한 번 해보시고 득이 되는 지 안 되는지 판단해보셔도 괜찮을 거 같습니다. 웹사이트에서도 가능했고 이메일로도 가능했던 거 같습니다. 저는 이메일로 신청해서 운영진이 카톡으로 연락주셔서 체험수헙을 진행했었습니다. Wrap-up 1) 체험수헙 회원가입 --> 체헙수업 신청 --> 수업시간 선정 --> 수업교재 선택 --> 체헙수업 진행 후 서비스 이용결정 2) 서비스 이용 회원가입 --> 크레딧 구매 --> 수업시간 선정(웹사이트에서 선정) --> 수업교재 선택 --> 해당시간 웹사이트 접속하여 수업 진행 --> 피드백",,"가격, 튜터 품질, 예약 시스템, 앱 UX/버그, 수업 효과, 콘텐츠/교재, 고객지원",Clien
"[1:1 화상 영어, 링글 수업 체험기] 거창한 내용은 없고 개인적인 경험담에 가까워서 체험기에 쓰지 않고 여기에 씁니다. 회사에서 매달 10만원씩 영어 수업 지원해주는데 저는 영국에서 오래 살았고 뭐 영어는 이정도하면 먹고 사는 데 문제 없지 생각으로 신청 안하고 있다가 혹시 영어 외 다른 언어(스페인어, 일본어) 수업도 지원하는 지 알아보니까 그건 안되더군요. 한국에 오니 영어 쓸 기회가 점점 줄면서 영어 까먹지나 않을까 하는 생각이 들면서 그래도 회사에서 지원해주는 데 한번 알아보자고 했더니 영어 회화 학원 아무리 수업 몇번 안나가는 것도 꽤 비싸더군요. 검색을 몇번 했더니 구글이 친절(!)하게 관련 광고를 띄우기 시작합니다. 그 중 링글 1:1 화상 영어 회화가 보입니다. 무슨 이벤트라고 해서 20분 수업 4번에 99,000원이길래 신청했습니다. 선생님과 수업 시간을 직접 고를 수 있고 원하면 새벽 시간대도 신청이 가능한 게 좋더군요. 시간적 여유가 없으신 분들은 언제라도 가능한 점이 좋네요. 11월달에 결제해놓고 게을러서 일주일에 한번꼴로 수업 들었습니다. 그냥 자유주제가 아니라 링글에서 나온 여러가지 주제중 하나를 선택해서 미리 공부해서 들어갑니다. 또 저는 게을러서 거의 준비없이 그냥 들어갔습니다. 선생님들은 아이비리그급 명문대생이고 의대다니시는 선생님도 있습니다. 영국식 영어가 익숙해지고 싶으시면 영국 선생님, 특정 학과에 관심이 많다라고 하시면 특정 학과 출신 선생님 이런식으로 자신에게 맞는 수업을 선택하시면 될 거 같습니다. 제가 아무래도 영국식 영어가 익숙하다 보니 영어 선생님은 영국 선생님만 선택하다가 마지막 수업은 미국 선생님을 선택했습니다. 제 점수입니다. 보통 Fluency, Vocabulary는 9점대, Grammar는 8-9점대 사이이고 오히려 가장 걱정했던 Pronunciation이 10점 3번째까지 영국 선생님을 선택했다가 혹시 제 발음이 영국 사람들한테만 통하는 거 아닐까해서 마지막은 미국 선생님에게 수업을 들었는데도 비슷한 평가더군요. 항목당 이렇게 평가 기준이 있습니다. 발음 관련해서는 이런 기준이더군요. - 선생님 1 평가: 선생님 2 평가: 선생님 3 평가: 선생님 4 평가: 선생님 네분 다 평가가 비슷해서 신기했습니다. 대충 발음은 좋은데 문법적 에러가 좀 있다. 저는 오히려 발음이 약점이라고 생각했는데 문법 관련한 피드백이 많네요. 아침에 일어나서 비몽사몽 수업한 적도 있고 말하면서 이건 문법에 안맞네 이러면서도 그냥 대화를 이어가다보니 문법 실수가 많습니다. 영어 회화를 대화 위주로 배우면서 문법 공부를 게을리한 부분이 있는 거 같아서 이 부분을 보충해야 겠다는 생각을 합니다. 막상 글로 쓰면 문법적 오류가 그렇게 크지 않는데 말로는 실수가 자주 나오더군요. 아무리 해외에 오래 살아도 Vocabulary와 Fluency부분이 10점이 되지 않는구나라는 것도 깨달았습니다. 뭐 이거 다 10점주면 수업 안들을까봐 그렇지 않을까라며 핑계를 만들어 봅니다. - 링글 전체적인 평가 저는 처음보는 사람에게도 말 잘거는 편이라 그런 부분은 문제가 없었는데 전화 영어가 아니라 화상으로 대화하다보니 외국인 울렁증있는 사람들에게는 특히 도움이 되지 않을까 싶습니다. 유학을 가거나, 이민을 준비중이신 분들도 유용하게 쓸 거 같습니다. 전반적으로 만족스러웠지만 20분이라는 시간은 너무 짧았습니다. 뭘 조금 하려고 하면 수업 끝입니다. 20분 수업 말고도 다양한 수업이 있었던 거 같은데 최소 40분 수업정도는 들어야 도움이 크지 않을까 싶습니다. 수업 후 피드백 읽어보고 예습하는 게 크게 도움이 될 거 같기도 합니다. (저는 안했지만) 저는 적어도 제가 뭐가 부족한지는 많이 깨달아서 링글 충분히 가치있다고 봅니다. 다시 들을까 고민중인데 귀찮아서 할지 잘 모르겠습니다.",,"가격, 튜터 품질, 예약 시스템, 앱 UX/버그, 수업 효과, 콘텐츠/교재, 고객지원",Clien
"[kindoflegacy] Tips [내돈내산] 링글 영어회화 7개월 리뷰 (캠블리, 스픽 비교) by somlegacy 2025. 8. 16. 반응형 약 7개월째 진행하고 있는 '링글' 영어 학습 플랫폼에 대해서 솔직하게 리뷰 해 보는 글을 작성해보려고 합니다. 아무래도 저도 고민을 정말로 많이 했었고, 비교도 많이 했던 터라 도움이 되는 글이었으면 좋겠습니다. 제가 비교했던 플랫폼은 링글 ( Rin g le ) , 캠블리 (Cambly ), 스픽(Speak) 입니다. 플랫폼에 대한 비교는 간략하게 아래 글에서 작성하겠지만, 저에게는 링글이 가장 맞다고 판단하여 시작하게 되었습니다. 링글을 선택한 이유와 링글을 7개월간 사용하면서 느낀 솔직한 장단점 에 대해서 리뷰 할 테니 끝까지 꼭 읽어보시고 판단하시길 바랍니다. 글은 결코 후원이 아닌 내돈내산 후 쓰는 자발적 게시글입니다. 리얼클래스와 스피킹맥스를 모두 사용해 본 사용자로서 해당 플랫폼과 고민 중이시라면 큰 도움이 될 것 같습니다. 또한 제 영어 학습 팁도 공유해 보도록 하겠습니다. 글 하단에는 링글 최저가 할인받아 수강하는 (제휴광고 X) 꿀팁 도 드릴 테니 꼭 꼭 놓치지 마세요! 링글 Ringle 영어 학습 플랫폼에 대해 먼저, 링글에 대한 이해가 필요합니다. 링글은 한국에서 시작된 영어 학습 스타트 기업으로서, 영어 교육의 새로운 지평을 열고자 하는 목표로 미국 MBA 과정 중에 만난 친구가 설립하였습니다. 링글, 기존 화상영어 플랫폼을 업그레이드하다 단순히 언어를 배우는 것을 넘어, 양질의 콘텐츠와 문화적 소통까지 배우울 수 있는 영어 학습 플랫폼에 대한 열망이 컸던 두 청년은 기존 화상영어의 아이디어에 새로운 것들은 결합하여 링글을 창업하게 되었습니다. 학습에 있어서 가장 중요한 예습과 복습을 그대로 반영한 것인데요. 스피킹의 영역에서는 특히나 예습과 복습이 굉장히 중요한데, 기존 플랫폼에 부족한 이 두 영역을 링글은 놓치지 않았습니다. 링글 공동창업자와 직원들 최고의 양질의 콘텐츠와 강사진 먼저, 링글은 아이비리그 튜터로 유명세를 탔습니다. 어차피 초등학생 수준의 영어로 말하는데 아이비리그 강사가 왜 필요할까? 솔직히 저도 처음에 의문이긴 했습니다. 링글의 튜터 리스트 그런데 회를 거듭할수록, 느껴지는 게 이들이 단순히 명문대생으로 똑똑한 브레인과 영어 티칭 기술을 갖고 있다기보다. 약속한 시간에 늦지 않은 책임감과 시간을 효율적으로 배분하는 능력, 그리고 상대방에 수준을 맞추는 것 등 다양한 점에서 높은 퀄리티가 느껴졌습니다. 링글은 자체 제작한 수 천 가지의 교재들로 입문자부터 심화까지 다양한 레벨의 분포를 커버할 수 있습니다. 또한 이 교재가 질이 좋다는 것을 저와 같은 초급자 분들도 느낄 수 있습니다. 맞춤형 컨텐츠와 피드백 시스템 이따가 자세히 다루겠지만, 개인별 영어 레벨은 천차만별입니다. 개개인의 영역에 맞추기 위해서는 맞춤형 커리큘럼이 필요한데 이를 교재선택과 튜터를 선택함으로써 점진적인 실력향상을 만들어 낼 수 있습니다. 링글 영어회화 시스템 피드백 시스템이야말로 링글의 핵심 인데, 내가 말한 부분을 자동 녹음되어 들을 수 있고 수업 중에 튜터가 남긴 피드백들을 수업 후 복습에 활용할 수 있습니다. 내 돈으로 링글(Ringle)을 선택한 이유 사실, 이미 전화 전화영어는 10년 전부터 큰 유행이었고, 유행에 편승하여 시도해 보았지만 정말 별로였습니다. 필리핀 분들의 영어는 도통 알아듣기 힘들었고 말하는 것에 의의를 두기에는 이게 뭔가 싶었습니다. 당시 전화영어는 정말로 전화로 하던 영어였는데요. 미리 정해진 시간에 전화를 하면 무작위로 배정된 분이 받아 전화로 영어 대화를 하던 거시었습니다. 전화 영어의 특유의 먹먹한 통신과 동남아 분들의 악센트는 정말 안 좋았던 기억이 있네요. 그 후로 이건 아니다 싶어 다른 방식으로 영어 공부를 했었습니다. 제가 수업을 듣기 전에 링글을 선택한 이유는 크게 3가지였습니다. 물론 가격은 제외하고 생각했습니다. 왜냐면 링글이 가장 비싸기 때문이죠.. 미국/영국 발음을 가진 원어민 튜터와의 수업 전화영어의 악몽 때문인지, 이 부분이 정말 크게 다가왔습니다. 특히 동남아 분들이나 조금 특이한 억양을 가진 분들이 없다는 게 좋게 와닿았습니다. 체계화된 콘텐츠로 다양한 영역을 커버 다른 플랫폼과의 비교 글은 이따 작성해 보겠지만, 유튜브나 블로그의 비교글 및 실제로 다른 플랫폼의 교재를 보더라도 링글이 압도적으로 좋았습니다. 특히 전반적인 개선이 필요한 저에게 딱이라는 생각이 들었습니다. 아이비리그 출신의 튜터와의 대화 어떻게 보면 별게 아닐 수 있겠지만, 확실히 다르다는 것을 느낄 수 있습니다. 그들의 문화에 대해서도 나눌 수 있고, 실제 영어권의 젊은 친구들이 어떤 생각을 가지고 말을 하는지 간접적으로 경험할 수 있습니다. 링글(Ringle) vs 캠블리(Cambly) vs 스픽(Speak) 플랫폼을 비교할 때는 화상영어를 중점으로 두고 서치 했기 때문에, 후보군에 링글, 캠블리를 최종 후보군으로 리스트업 하였습니다. 영어 회화에도 정말 많은 플랫폼들이 있는데요. 후보군에 오른 링글, 캠블리를 둔 이유는 크게 두 가지입니다. 정말 원어민과의 수업이 가능한지 시간 때우기가 아닌 양질의 수업을 받을 수 있을지 모든 것들을 고려해 보았을 때, 링글과 캠블리가 남았었습니다. 스픽를 마지막까지 고려한 이유는 바로 학습기능과 AI와의 대화 때문인데요. 일단 제 영어 수준이 기초 수준으로 많이 말을 하는 연습이 중요 할 것이라 생각이 들었고, AI와의 대화 수준이 꽤 만족스러웠기 때문입니다. 그래서 크게 2가지 화상영어인 링글과 캠블리의 비교를 해보고 화상영어와 스픽를 비교해보려고 합니다. 링글(Ringle) vs 캠블리(Cambly) 링글은 위에서 소개하였으니 캠블리 를 소개하자면, 전 세계에서 아마 영어회화 플랫폼에서는 가장 큰 플랫폼 이지 않을까 싶습니다. 이에 걸맞게 엄청난 수의 원어민들이 대기 중이고, 실시간으로 수업을 진행할 수 있습니다. 거의 24시간 동안 풀이죠. 캠블리 회화 커뮤니티와 맞춤 커리큘럼이 있다고는 하는데, 사실상 공부보다는 프리토킹에 더 최적화된 플랫폼은 확실 합니다. 튜터의 재량에 따라 수업 퀄리티가 월등하게 차이가 낫고요. 화상채팅 같은 느낌을 받았습니다. 링글(Ringle) 캠블리(Cambly) 가격 20분 X 4회 / 144,000원 1회(20분) 36,000원 60분 X 4회 / 150,000원 1회(20분) 12,500원 튜터수 상대적으로 적음 [★ ★] 매우 많음 [★ ★ ★ ★] 수업 퀄리티 전반적으로 높음 [★ ★ ★ ★] 튜터에 따라 차이 큼 [★ ★] 교재 퀄리티 압도적 높음 [★ ★ ★ ★ ★] 교재 거의 사용 X [★ ★] 장점 1. 컨텐츠 예복습 가능 2. 영어 교재 다수 1. 실시간 수업 가능 2. 스마트폰으로 수강 가능 단점 1. 실시간 수업 어려움 (튜터수 확실히 부족) 1. 적당한 튜터 찾기 힘듬 2. 컨텐츠 부족 간략하게 비교해 보면, 이렇습니다. 해당 포스팅은 링글 플랫폼에 대해 더 알려드리고자 쓴 글이니, 캠블리 소개는 뒤로 하겠습니다. 무튼, 저는 이 두 가지 표를 비교하면서 캠블리와 마지막까지 고민했습니다. 캠블리도 한 달 사용해 보았고요. 솔직하게 저와 같이 말을 많이 해야 되는 수준이신 분들은 캠블리가 더 나은 선택일 수도 있습니다. 20분 수업은 정말 짧고도 짧습니다.. 마케팅에 혹해서일까 싶기도 하고.. 저는 링글로 선택했습니다. 처음 링글 수업을 하게 된 선생님을 지금까지 계속해오고 있는데, 첫 수업이 굉장히 좋았습니다. 좋은 콘텐츠와 튜터가 만나 좋은 시너지를 만들었고 링글을 선택하게 만들었습니다. 영어 수준 별 플랫폼 추천 제 기준으로 정해본 영어 수준별 추천은 아래와 같습니다. 하지만 저와 같이 영어를 잘 못하시는 분도 링글을 해도 괜찮다는 생각입니다. 초급 / 중급 : 캠블리 추천 -> 말을 많이 하는 것에 초점 (영어적 사고 습관 필요) 심화 / 취업준비 / 입학준비 : 링글 추천 -> 높은 퀄리티의 영어 습득 필요할 때 플랫폼 대부분 체험권이 있으니 플랫폼별로 비교하고 시작하시기를 추천드립니다. 결론은 퀄리티 자체로는 링글 승이지만, 가성비로는 캠블리 승 입니다. 화상영어(링글/캠블리) vs 스픽(Speak) 스픽 을 화상영어로 생각하시는 분들도 있는데, AI와 대화할 수 있는 플랫폼 입니다. 즉 영어학습과 AI 대화를 통해 영어를 익히는 학습 툴이고요. 그렇다고 로봇과 대화하는 느낌은 아닙니다. 스픽 상황극 프로그램 최근에는 Chat gpt가 스픽의 역할을 훌륭하게 대체했다고 생각은 합니다 만, 몇 개월 전만에도 그러지 않았죠. 저 또한 고민이 많았습니다. 단순히 말을 많이 하기에는 AI 기능이 더 적절해 보이기도 했습니다. 그렇지만 스픽의 영어 대화기능도 훌륭합니다. 가격 은 스픽이 1년에 129,000원 이니 한 달에 20분 수업 4번에 14만 원대인 링글과는 차이 가 큽니다. 그래서 저는 개인적으로 링글을 메인으로 그리고 스픽를 서브로 하는 조합 도 추천합니다. 스픽의 AI대화 컨텐츠 스픽은 특히 스피킹을 처음 접하는 분들에게 특화되어 있다고 생각합니다. 나를 소개하는 가상의 역할극에서부터 레스토랑, 호텔 등 실제로 여행에서도 쓸만한 영어들이 많기 때문입니다. 그래도 외국인과의 실제 대화를 통해 느는 영어가 제대로 된 영어라 생각 하기 때문에 메인은 화상영어가 좋다는 생각입니다. 그렇지만, 앞서 말한 심도 있는 영어학습이나 인터뷰, 비즈니스 회화를 준비하신다면 링글 을 추천드립니다. 초급 / 중급 영어 학습 조합 추천: [메인] 링글/캠블리 + [서브] 스픽 스픽 3만원 할인코드 바로가기 링글(Ringle) 7개월 내돈내산 리뷰 : 장점 링글을 7개월간 42회 정도 했으니 한 달에 5~6회 정도 꾸준히 했다고 볼 수 있네요. 이 정도면 장단점에 논할 수 있을 만큼 수업을 들어 본 것 같습니다. 캠블리나 스픽에 대해 구체적으로 후기를 남기지 않은 이유는 캠블리는 한 달, 스픽은 일주일 밖에 사용해보지 못했기 때문입니다. 사용자 수준별 콘텐츠 보유 : 교재, 학습, 웨비나 등 영어교재 / 공인영어 (토플, 오픽 등) /비즈니스 회화 교재는 링글이 정말 특화된 부분 입니다. 특히 매주 새로운 교재가 나와서 원하는 주제를 가지고 다양한 아티클과 북으로 표현과 어휘를 익힐 수 있습니다. 다양한 카테고리에 걸친 링글의 교재 그리고 제가 가장 좋은 부분은 저와 같은 초급자에게 어울리는 스몰토크 질문 교재가 많다는 것 입니다. 저의 영어 목표는 네이티브 스피커들과 농담을 나눌정도의 회화 수준을 갖는 건데요. 다양한 링글의 스몰토크 교재들 그러다 보니 이런 스몰토크, 상황극 등의 교재들을 아주 유용 하게 쓰고 있습니다. 교재의 길이도 중단문에서 장문까지 레벨별 로 나뉘어있어서 예습 시간에 따라 선택할 수 있습니다. 다양한 링글 교재 비즈니스에서 사용되는 격식 있는 표현들이 담긴 교재 들도 있어, 이 부분에 중점을 두신 학습자분들도 도움이 될 것이라 생각합니다. 올해 말 즈음에는 저도 오픽 시험을 준비해보려고 합니다. 프리토킹의 대화 수준이 어느 정도 되면, 공인영어 점수도 취득해 보려고 하는데요. 링글에서는 오픽에 대한 교재도 많고, 모의시험을 치를 수 있는 시스템도 있습니다. 모의시험은 유료로 알고 있습니다만, 사용자들의 만족도가 꽤 높다고 합니다. 그래서 교재별로 단순 회화에서부터 공인영어, 나아가 비즈니스 회화까지 커버할 수 있다고 생각합니다. 영어 학습 목적에 따라 콘텐츠 세분화 잘되어 있음 ex) 비즈니스/공인영어/회화/인터뷰 등 데일리 영어 학습 데일리 학습으로 매일마다 다른 콘텐츠로 학습할 수 있습니다. 단순한 문법 문제에서부터 리스닝 스피킹 등 간단한 문제들로 데일리 학습이 구성되어 있습니다. 링글의 데일리 학습 시스템 너무 단순한 거 아니냐고 질문할 수 있으시지만, 개인적으로 딱 이 정도의 양이 데일리로 적당하다는 생각이 듭니다. 학습을 완료하면 빨간색으로 칠해지는데, 저는 많이 비어있네요.. 딱 적당한 양의 데일리 학습 컨텐츠 데일리 학습에서 나온 문장으로 하나씩 익히는 것도 영어실력 향상에 큰 도움이 된다는 생각이 듭니다. 적당한 양의 데일리 콘텐츠: 리스닝/그래머/리딩 다양한 웨비나와 프로그램 제가 링글을 정말 좋게 본 계기기도 합니다. 일단 다양한 웨비나 가 있습니다. 다음 주부터는 노티드와 디즈니를 거친 마케터분의 웨비나가 있네요. 신문 원문으로 읽기, 해외 MBA 준비하기, 아이엘츠/오픽 준비하기, 어린 왕자 책 원문 읽기 등 정말 많습니다. 월에 최소 2~3회는 준비되어 있는 것 같습니다. 마케터를 위한 프로그램이 기획된 링글 정말 만족도가 높았던 거는 토플/아이엘츠 스피킹 웨비나 및 스터디를 진행 했던 것인데요. 링글 창업자인 이성파 님이 직접 강의해 주시고 스터디도 관리해 주셔서 만족도가 매우 높았어요! 최고입니다. 아래는 제가 참여했던 카톡방에 일부 내용인데, 매일 같이 독려해주시고 영어공부 팁도 주시고 좋았어요. 다른 관리자분이 계셨었는데, 창업자분을 직접 찾아가서 갑자기 영어도 시키고 재밌었습니다.. 열일하는 링글 공동 창업자 이성파님 이렇게 매일 진도도 체크해 주시고, 격려의 말도 해주십니다. 작은 부분일지는 몰라도 저는 플랫폼에 크게 신뢰할 수 있게 된 계기였습니다. 플랫폼 자체에서 진행하는 프로그램 다수 (feat. 창업자 실제 운영) 실시간 교정, 튜터피드백 및 AI 분석 수업 중의 실시간 교정(패러프래이징) 수업 진행 중에 제가 말하거나 수업 전 작성해 놓은 부분을 토대로 튜터가 바꿔 쓰기를 해줍니다. 실시간 교정을 진행해 주는 건데요. 수업시간 중 말할 시간이 줄어들기도 하지만, 복습을 통한 실력 향상에는 큰 도움이 됩니다. 수업 때 저장되는 스크립트와 튜터의 실시간 교정 교재를 두고 실시간 교정이 가능 추후 복습에 활용 가능 튜터 피드백 튜터 피드백 기능이 이번에 개선되면서, 양극화 수준이 많이 줄었습니다. 제가 지속해서 수업하는 튜터 같은 경우는 항상 엄청난 양의 피드백을 써주셔서 큰 도움이 되었는데, 이번에 개선되면서 양이 한정되었다고 하더라고요. 물론 좋은 점으로는 대충 써주시던 분들은 더 많은 피드백을 받을 수 있습니다. 튜터의 간략한 수업 피드백과 답변에 대한 코멘트 저와 같은 경우는 튜터 피드백을 이렇게 노션에 정리하면서, 반복을 통해 습득할 수 있도록 학습하고 있습니다. 아무래도 원어민이 자연스럽게 고쳐준 문장들이라 훨씬 자연스럽습니다. 수업에 대한 전반적인 피드백 및 학습 피드백 제공 AI 분석 통계 수업 녹음을 통해서 내가 어떤 부분을 실수하고 있는지 알려줍니다. Comlexity, Accuracy, Fluency, Pronunciation 4가지 영역으로 수업 후 평가를 진행해 줍니다. AI가 분석해주는 영역별 점수 정확한 부분은 당연히 아니겠지만 과거 데이터를 보면서 약간의 실력 상승을 체감할 수 있는 부분도 있습니다. 특히 추천 학습 영역과 집중해 될 영역등을 나눠서 알려줍니다. 링글의 AI 분석 영역분석 필러워드 사용구간, 내가 중간에 멈췄던 구간등을 상세히 알려줘서 다음 수업 때 주의하면서 말을 해볼 수 있습니다. 4가지 영역의 AI 분석 제공, 학습 제안 기능 안정된 시스템 및 과거 수업 녹화 일단 줌을 통해 수업이 진행됩니다. 따로 코드를 기입하는 것은 아니고 '수업입장' 버튼을 클릭하면 자동으로 참여되는 순입니다. 수업은 전부 녹음되는데 이게 정말 도움이 됩니다. 아직 수업 중 모든 튜터의 말을 이해할 수 있는 정도가 아니라, 중간에 못 알아들었던 부분은 나중에 다시 들으며 체크해 보기도 합니다. 이상한 대답을 하고 있는 스스로를 보면, 안타깝기도 합니다. 수업교재와 스크립트가 남는 링글시스템 녹음 기능으로 복습 시 매우 활용도 높음 링글(Ringle) 7개월 내돈내산 리뷰 : 단점 장점에 대해서 굉장히 많이 서술한 것 같습니다. 무엇이든 단점이 존재하겠죠. 7개월간의 학습을 진행하면서 느낀 단점에 대해서도 자세히 작성해 보겠습니다. 튜터 부족에 따른 원하는 수업 진행 어려움 아마 링글 리뷰를 보시다 보면 이런 얘기가 많을 겁니다. 저도 이게 뭐 대단한 이슈가 될까 싶었는데, 학습자로서 꽤 불편한 부분이기도 하더라고요. 일단 학습자는 원하는 시간이 분명히 있을 거고, 미국이나 영국의 악센트를 선택해야 되기도 하고요. 너무 활기찬 수업보다 차분한 수업이 그리고 남자보다 여자 선생님이 편할 수도 있습니다. 필터를 걸 수록 적어지는 튜터 수 이런 필터를 일부 입력하다 보면, 생각보다 선택의 폭이 좁아지는 걸 알 수 있습니다. 그래서 오히려 튜터 시간에 맞추기 위해 개인 시간을 조정해야 되는데 이 부분이 직장인으로서 좀 불편한 점입니다. 당일수업권 사용 어려움 개선이 계속되고 있는 부분이지만, 당일 수업권 사용이 어렵습니다. 그도 당연할게 거의 캔슬이 된 수업 위주로 예약을 해야 되는 편이라 더 어려움을 느낄 때가 많은데요. 시간도 부족하고 해당 시간에 오직 한 명의 튜터만 보이는 당일수업권의 현실 당일수업권은 일부 정기권외에 조건을 채웠을 때 받게 되는 수업권입니다. 저도 지금 7개월간 한 번도 사용하지 못했습니다.. 그만큼 사용도 어렵고, 튜터수도 부족합니다. 영어 수준별 로드맵의 부재 제가 앞서 장점으로 콘텐츠가 많다고는 했습니다. 콘텐츠는 정말 다양하게 많습니다. 그렇지만 링글만의 로드맵이 없는 게 큰 단점인 것 같습니다. 보통 영어학원을 가게 되면 레벨 1의 수업이 끝나면 레벨 2의 수업이 있고 단계별로의 로드맵이 있는데, 링글은 학습자가 교재를 보면서 내 수준을 향상해야 됩니다. 로드맵의 부재 이런식으로 교재는 카테고리만 나눠진 상태입니다. 이러한 이유로 링글은 영어를 할줄 아는 사람이 하는게 좋다는 리뷰들이 많이 올라오는 이유인 것 같습니다. 능동적인 학습자의 경우 큰 도움이 될 수 있겠으나, 대부분이 직장인이라 생각하면 링글이 제안하는 학습 로드맵은 꼭 필요하지 않을까 싶습니다. 튜터별로의 수업방식 차이 큼 사실 캠블리에 비하면 더 낫다고 생각하지만, 링글도 조금 더 관리가 되어야 된다고 생각합니다. 수업 전에 프로필을 통해 수업 요청사항을 적어 놓을 수 있습니다. 그럼에도 불구하고, 본인의 스타일대로 수업을 진행하는 튜터들이 있습니다. 그러다 보니 20분 동안 한 3분 정도 말하고 듣기만 한 수업도 있네요. 돈이 정말 아깝다는 생각이 들었습니다. 고객센터에 컴플레인을 하면 아마 수업권을 복구해주지도 않을까 싶은데.. 또 이게 튜터 점수가 튜터 수입과도 직결되어 있으니 직접 되지는 않더라고요. 개선이 필요한 부분입니다. 수업 비용이 너무 비쌈 정말 큰 단점이고, 마지막까지 고민하게 만드는 요소입니다. 다시 새각해도 타 플랫폼에 비해 가격이 매우 비쌉니다. 다른 플랫폼도 원어민이 진행하는 데도 가격이 거의 절반에 가깝습니다. 링글의 비싼 수업료 아무리 콘텐츠와 R&D에 투자한다 하더라도 지금의 링글 비용은 매우 비싼 편입니다. 그리고 매년 가격이 계속 오르더라고요. 가격은 어느 정도 안정화가 되었으면 좋겠습니다. 링글(Ringle) 최저가 할인받기 링글을 할인받는 방법은 일 년에 2번 진행하는 프로모션 기간에 시작하는 것입니다. 그래서 혹시나 그 기간 외에 시작하시는 분들은 월 4회 혹은 약간 더 높은 수업권을 구매하여 사용하시다가 프로모션 기간에 맞춰 구매하시길 추천드립니다. 첫 회원가입 후 7일 이내 결제 회원가입을 하게 되면, 커피 한잔 가격에 수업을 들을 수 있는 체험권 같은 걸 줍니다. 1주일 내에 사용해야 되는 걸로 기억하고, 수업권 구매 시 할인 쿠폰 또한 받을 수 있습니다. 필자가 회원가입 후 진행한 체험권 대신 1주일 내에 결제와 수업을 진행해야 되니, 꼭! 영어 공부 시작 전에 진행하시길 바랍니다. 저도 어쩌다가 가입하게 되었고 덜컥 결제까지 하게 되었습니다. 신중한 선택을 위해 천천히 가입하세요! 1년에 단 2번 최대 할인 프로모션 할인받기 1년에 2번 큰 폭의 할인 프로모션을 진행합니다. 1번 진행 시 1달 정도 진행하니, 1년에 2달 정도 해당 프로모션을 진행하는 셈 이네요. 프로모션 미진행시에는 사실 캠블리를 이용하시다가 해당 프로모션 이용하시면서 넘어오는 것도 나쁘지 않은 선택인 것 같습니다. 필자가 하반기 프로모션 구매한 기간과 상반기 프로모션(1.20일경) 추측으로는 연중 2번의 프로모션은 1월과 8월경 진행하는 것 같습니다. 제가 구매한 일자가 대략 23년 8월이고 24년 1월인 현시점에서 프로모션을 진행하고 있기 때문입니다. 개인적으로는 매주 수강하기로 구매하셔서 강제적으...(truncated)",,"가격, 튜터 품질, 예약 시스템, 앱 UX/버그, 수업 효과, 콘텐츠/교재, 고객지원",Tistory
"[kindoflegacy] English [내돈내산] 링글 1년 6개월 솔직 후기 (feat.수업/가격/AI 튜터/스터디 클럽) by somlegacy 2025. 1. 4. 반응형 2023년 7월부터 현재까지 약 1년 6개월간 링글 화상영어로 영어회화를 공부하고 있습니다. 아마도 이 글을 찾아 들어오신 분들은 영어회화에 관심이 많으신 분들일 것이라 짐작합니다. 저도 링글, 캠블리, 스픽, 엔구, 리얼클래스, 스피킹맥스 등 거쳐간 영어 플랫폼 도 수도 없습니다. 22년 말부터 영어회화에 대한 필요성을 느끼면서, 다양한 플랫폼들을 접해보았고 플랫폼들 중에서 가장 좋다고 판단 든 것이 바로 '링글(Ringle)'입니다. 그래서 제가 1년 6개월간 사용 하며, 느낀 장단점 그리고 왜 계속 사용하는지 에 대해 적어볼까 합니다. 직접 들은 수업의 내용들의 후기와 영어 교재들, 링글 AI 튜터 활용 방법, 스터디 클럽 후기 까지 모조리 적어보도록 하겠습니다. 긴 글이니 천천히 읽어보세요. 링글 Ringle 화상영어 영어학습 플랫폼 혹시 모르시는 분들을 위해 링글에 대해 짧게 소개해볼까 합니다. 링글은 뿌리부터 한국에서 만들어진 기업입니다. 스탠퍼드에서 MBA 과정을 이수한 2명의 친구가 영어학습에 대한 패러다임을 바꾸고자 창업한 것이 링글의 근간입니다. 아무래도 MBA 과정을 이수하며, 겪은 그들의 시행착오에 따른 비즈니스 기회 포착은 링글을 만들게까지 했던 것 같습니다. 당시 전화영어가 대세였는데, 질적으로 떨어지는 학습 플랫폼들이 대다수였습니다. 엉터리 영어가 아닌 명문대 생에게 배우는 차별화된 영어를 배우고자 하는 틈새시장을 포착한 것이죠. 특별히, 대학생 과외가 보편적일 만큼 명문대생의 로망이 있는 한국 교육 소비자들의 심리를 잘 파악한 것 같습니다. 그리고 승진, 유학, 단순 학습 희망 등 다양한 이유로 퀄리티 높은 발음과 첨삭을 희망하는 니즈와 링글의 명문대생 화상영어는 궁합이 잘 맞았고, 24년 상반기만 결제액이 100억에 돌파하는 등 영어학습 유니콘 기업으로 거듭나게 됩니다. 링글 Ringle : 1:1 화상영어 / 링글 AI 튜터 / 링글 틴즈 링글이 제공하는 서비스는 크게 4가지가 있습니다. 그중에 블로그를 보실 분들에게 필요 없는 B2B 영역은 제외하겠습니다. 대부분은 1:1 화상영어를 위해 링글을 사용하시겠지만 그 외에도 링글 AI 튜터와 링글 틴즈가 있습니다. 링글 1:1 화상영어: 아이비리그 출신 및 명문대 영어권 학생과의 1:1 화상영어 수업 링글 AI 튜터: AI 튜터와(스픽 및 Chat gpt와 유사) 대화를 통한 프리토킹 및 회화수업 링글 틴즈: 1:1 화상영어와 내용은 동일하지만, 대상이 10대로 이루어진 화상영어 수업 영역을 나눠 놓았지만, 1:1 화상영어와 틴즈는 사실상 대상만 다른 같은 내용이고 AI 튜터 또한 수업 진행과 함께 무제한으로 학습할 수 있는 내용이기 때문에 튜터와의 화상영어와 AI 튜터 기능으로 영어를 학습한다고 생각하시면 됩니다. 링글(Ringle) 가격 및 할인 이벤트 링글의 가격은 매번 조금씩 늘어납니다. 지금까지 5번 이상 결제를 했었는데, 작게는 4회에서부터 많게는 72회까지 다양합니다. 당연히 회차가 많을수록 회 단가는 조금 내려갑니다만, 전반적으로 지속적인 가격 상승 이 있었습니다. 1년 반동안 모니터 해왔기 때문에 이 부분은 믿으셔도 됩니다. 필자가 링글 수업을 결제한 이력들 필자 링글 수업 결제 인증 대신에 링글은 1년에 2번 정도 가장 큰 세일을 합니다. 글을 쓰는 현재 시점에서도 25년 상반기 할인을 하고 있네요. 현재 기준으로 24회 구매 시, 회당 단가가 23,875원 정도 나오는데 24년 4월에 제가 10회를 구매했을 때, 10회에 221,905 원 즉, 수업 당 22,191원 정도 나오니 횟수를 늘려 구매한다 하더라도 더 비싸지고 있다는 걸 확인할 수 있습니다. 현재 링글의 가격은 12회에 309,000원, 24회에 573,000원, 48회에 1,086,000원, 72회에 1,584,000원 입니다. 23년 8월에 제가 72회를 1,439,175원에 구매하였으니 약 10%가량 비용이 상승 했네요. 상기 적어놓은 가격은 비교를 위해 1:1 수업 수강권 구매만을 고려하였습니다. AI 튜터 포함 시 가격은 더 비싸집니다. 링글(Ringle) 20분/40분 수업 패키지 가격 이 글을 보시는 분들은 아마 다른 가격표를 보실 수 있습니다만, 대략적인 가격 비교를 위해 표를 작성해보겠습니다. 아래에 글을 적겠지만, 개인적으로는 링글 AI 튜터는 만족스럽지 못하더라도 신규로 구매하시는 분들은 대부분 포함한 패키지로 구매하실 것 같아서 AI 튜터 포함 패키지 가격을 비교해 볼게요. 현재 홈페이지에 기재된 가격, 실결제 시 가격 조금더 내려감 분류 20분 40분 20분 40분 20분 40분 20분 40분 회수/주 12주 12주 24주 24주 48주 48주 72주 72주 가격 38.8만 61.7만 70.6만 108.5만 127.2만 201 만 184.8만 287.4만 회당가격 32,333 51,416 29,416 45,208 26,500 41,875 25,666 39,916 혜택 링글 AI 튜터(프리미엄+) 없음 링글 스터디 클럽 없음 튜터 우선 예약 수업연기 2회 수업 연기 4회 수업 연기 9회 수업 연기 14회 20분 수업과 40분 수업 가격차이가 꽤 큰편인데요. 개인적으로는 40분 수업은 직장인인 저에게는 부담되는 시간이었고, 복습이나 예습하기도 굉장히 부담스러웠기 때문에 20분 수업을 추천 드립니다. 매주 수업 수강 기준으로 글을 작성하였고, 매주 수업 기준으로 구매는 꼭 하시는 게 가격면에서 이득입니다. 대부분의 수업권이 수업 연기권을 주니, 부담보다는 의무감으로 매주 수업 수강 기준으로 구매하시는 걸 추천드립니다. 그리고 수업 2시간 전에 강의를 취소할 경우, 당일 수업 예약권으로 수업권이 전환되어 반환 되니 이부분을 활용하셔도 좋겠습니다. 링글 수업 가격은 대부분 25,000원 에서 32,000원까지 구매할 수 있습니다. 하지만 항상 포인트를 지급해 주는 이벤트와 추가 할인 등이 조금 있어서 회당가격은 몇 천 원 정도 내려갈 겁니다. 링글(Ringle) 화상 영어 수업 간략 소개 링글 수업은 먼저 튜터와의 시간을 정한 뒤에 해당 시각에 줌을 통해서 수업이 진행됩니다. 줌은 화상으로 연결되며, 수업하기로 들어가면 페이지가 실시간으로 수정이 되는 페이지로 바뀝니다. 이를 통해 튜터와 대화하고, 텍스트를 입력하여 수업을 진행할 수 있습니다. 화상수업에 대해 간략하게 이미지와 함께 소개해드릴게요. 먼저, 희망하는 시간을 정하면 좌측 사진처럼 해당 시간에 수업이 가능한 튜터들의 리스트가 뜹니다. 여기서 내가 희망하는 필터를 입력하여 원하는 튜터를 찾아 볼 수 있어요. 특히 억양부터 고르는 경우가 많습니다. 저는 항상 미국식으로 공부하려고 합니다. 튜터를 누르면 이렇게 튜터의 자기소개를 통해서, 어떤 억양을 구사하는지 그리고 어떤 영어를 쓰는지 간략하게나마 볼 수 있습니다. 자기소개 영상 옆에는 학생들의 후기가 있어서 실제로 어떤 수업이 이뤄지고 있는지 확인할 수 있죠. 그 후에 이렇게 교재를 선택하고, 선택한 교재를 미리 예습해 볼 수 있습니다. 질문들도 선택하고 지문에 대해서 질문이나 요청사항들을 남겨 놓을 수도 있습니다. 수업은 줌미팅으로 이뤄지고 교재는 실시간으로 튜터가 수정하는 것을 지켜볼 수 있습니다. 마주하지 않아도 꼭 같은 책을 보고 공부한다는 느낌이 듭니다. 링글(Ringle)을 선택한 이유 먼저, 저는 영어 공부를 위해 정말 다양한 플랫폼들을 경험했습니다. 링글, 캠블리, 스픽, 엔구, 리얼클래스, 스피킹맥스 등 거쳐간 영어 플랫폼 도 수도 없습니다. 간단한 플랫폼들의 비교는 제 이전 글을 참고해 주셔도 좋겠습니다. >>> [내돈내산] 링글 영어회화 7개월 리뷰 (캠블리, 스픽 비교) [내돈내산] 링글 영어회화 7개월 리뷰 (캠블리, 스픽 비교) 약 7개월째 진행하고 있는 '링글' 영어 학습 플랫폼에 대해서 솔직하게 리뷰해 보는 글을 작성해보려고 합니다. 아무래도 저도 고민을 정말로 많이 했었고, 비교도 많이 했던 터라 도움이 되는 kindoflegacy.com 대학생 때, 잠시 동안 해외에 거주 한 경험도 있고 일도 했지만, 모국어가 아닌 사람이 다른 언어를 익힌다는 게 쉬운 게 아니더라고요. 영어에 대한 갈망이 꽤 높았고, 늦은 나이에 다시 영어공부를 시작했습니다. 그러다 보니 거친 플랫폼들도 많네요. 가장 큰 이유는 강제성 에 있습니다. 수업을 미리 예약하고, 튜터와 약속을 한 수업에 참여한다는 것이 생각보다 큰 강제성이 있었습니다. 스픽도 현재 오랜 기간 구독하고는 있지만, 스픽에는 강제성이 없어서 좋은 어플임에도 매일 활용은 안되더라고요. 강제적으로 일주일에 20분 정도는 외국인과 대화 를 하는 게, 영어실력 증진에 있어서 드라마틱하지는 않지만 조금씩 개선됨을 느낍니다. 사실 영어실력은 유지만 하더라도 괜찮다고 생각이 듭니다. 직장인들은 생각보다 시간이 없기 때문이죠 . 또한, AI들이 제안해 주고 수정해 주는 것과 다른 퀄리티 를 보여주기 때문입니다. 스픽과 링글 AI튜터, CHAT GPT 모두 제가 말한 문장을 자연스럽게 고쳐줍니다. 그럼에도 불구하고 네이티브 스피커가 교정해 주는 건 다른 영역이라고 느껴질 정도입니다. 링글을 선택한 이유에 대해 간단히 정리해 보겠습니다. 1주일에 한 번은 해야 하는 강제성 원어민과의 대화 기회(영어울렁증 극복) AI와 비교불가능한 자연스러운 교정 영어 교재의 퀄리티 (적당한 양, 매주 업로드되는 교재 수) 영어 수업 녹화 기능(복습에 용이) 명문대 출신 튜터와의 대화 이러한 이유들이 크게 작용했는데, 영어 플랫폼을 사용 안 해보신 분이면 그런 생각이 들 수도 있습니다. ""이거 당연한 것들 아냐?""라는 의문이 드실 텐데요. 다른 플랫폼을 사용하시다 보면, 이런 것들이 당연하지가 않다는 걸 알 수 있습니다. 찐 내돈내산 링글(Ringle) 화상영어 장점 거의 2년째 링글을 최소 주 1회 많게는 주 3회 사용하다 보니 벌써 누적 수업이 120회 정도 되었습니다. 120회를 하면 영어실력이 느는지에 대해서는 개인차가 커서 답변드리기가 참 어렵습니다. 그래도 처음보다는 많이 개선된 영어회화를 구사하고 있습니다. 2년 가까이 사용한 유저로서 링글 화상영어의 장점에 대해 정리해 보겠습니다. 여러 플랫폼에 대해서 고민하고 있으신 분들에게 큰 도움이 되었으면 좋겠습니다. (1) 최고의 튜터, 원어민과 양질의 화상영어 수업 가능 엔구, 캠블리 등 다양한 화상영어 수업 플랫폼이 있습니다. 당연히 다양한 튜터들이 수업을 진행합니다. 단연, 이 부분에서 링글은 최고의 수업 퀄리티를 보여줍니다. 영어만 구사하는 사람들과 대화하는 것과 논리적인 사고를 가지고 영어학습에 최적화된 튜터가 제안해 주는 교정들은 수준차이가 많이 납니다. 링글 안에서도 튜터의 퀄리티 차이가 있는 것은 확실합니다. 그럼에도 불구하고, 제가 꽤 오랜 기간 사용했던 캠블리와 비교한다면 링글은 정말 최고의 퀄리티입니다. 튜터를 선택함에 있어서도 개인 취향을 반영할 수 있는데요. 기본적으로 성별, 억양에다가 전공까지 선택할 수 있습니다. 사진과 같이 희망하는 시간을 선택하게 되면 해당 시간에 가능한 튜터 리스트가 나옵니다. 필터를 걸면 더 나와 잘 맞을 수 있는 튜터를 고를 수 있죠. 리스트에 올라온 튜터들의 자기소개 글과 영상을 보면서 나와 잘 맞을지 고려해 볼 수 있고, 특별히 저런 억양의 영어를 배우고 싶다 하면 영상을 찾으며 튜터를 고를 수 있습니다. 수업평가도 꽤 자세히 나와 있어서 예전 내역들을 보면서, 어떤 스타일인지 외향적으로 에너지가 있으신 분인지 내향적으로 차분하게 수업을 진행해 주시는지 확인해 볼 수 있습니다. 나탈리 튜터는 제가 가장 오랫동안, 많은 횟수로 진행했던 튜터인데요. 차분한 분위기로 대화를 잘 이끌고, 명확한 피드백으로 영어 실력을 상승시키는데 큰 도움이 되었습니다. 근데 이렇게 인기 있는 튜터들은 시간이 오픈되자마자 빨리 시간이 차는 경우가 있습니다. (2) 퀄리티 높은 영어 교재와 컨텐츠 트렌드를 반영하여 매주 업로드 되는 교재 먼저, 링글의 영어 교재는 퀄리티가 좋습니다. 대충 기사를 발췌하는 것이 아니라 정돈된 글로 기승전결에 입각하여 제작되고 있으며, 과하게 어려운 어휘들은 제외하고 한 지문당 세 개에서 다섯 개 정도의 고급어휘들로 구성되어 있어서 새로운 어휘들을 누적 학습하기에 좋습니다. 보통 이렇게 4~5 문단으로 나뉘어 있어서 공부하기에 딱 적당한 수준입니다. 그리고, 어려운 어휘들은 예시와 함께 예문까지 나와서 표현 익히기에는 딱 안성맞춤입니다. 오디오도 있어서 문단을 읽음과 동시에 발음도 체크 할 수 있고, 배속기능으로 더 빠르게 들어 볼 수도 있어서 확실히 리스닝 측면에서 도움이 많이 됩니다. 교재에는 오 디오뿐만 아니라 영상 컨텐츠와 관련기사 까지 올라와서 보충 학습이라던지, 교재를 바탕으로 한 주제를 다양한 매체를 통해 듣고 연습해 볼 수 있습니다. 이런 기능은 링글이 그냥 독보적 이라 생각하시면됩니다. 분야별, 수준별로 나눠져 있는 교재 교재도 전공 및 분야별 로 나뉘어 있습니다. 그래서 경제에 대해서 공부를 한다고 하면, 지속적으로 해당 분야의 어휘를 익힐 수 도 있습니다. 아니면 익숙한 분야에서부터 공부를 시작하면서 범위를 넓힐 수도 있습니다 저의 경우에는 최근 경제 및 투자 공부를 지속하고 있는데, 영어공부로 공부를 하게 되니 훨씬 습득력이 빠르다는 생각을 했습니다. 아무래도 관심 있는 분야를 공부할 때 효과는 배가 되는 것 같습니다. 영어 수준별로도 교재가 나뉘어있어서 나에게 맞는 수준별 영어를 학습할 수 있습니다. 스몰토크나 생활영어로 시작하는 게 초심자에게는 도움이 되지 않을까 싶습니다. 지문도 굉장히 짧은 편이라 부담스럽지가 않습니다. 비즈니스 영어회화 / 영어시험용 교재 직장인들 꽤 높은 비율로 직장에서 영어를 쓰시기 위해 영어 공부하시는 분들이 많습니다. 그래서 그런지 링글에도 비즈니스용 회화 컨텐츠가 굉장히 많습니다. 웨비나도 지속해서 열리고 있고요. 아예 비즈니스 영어 탭이 있어서 회사에서 사용하는 유용한 표헌들도 교재로 선택할 수 있습니다. 그래프 설명과 비즈니스용 생활영어, 미팅용 영어 이렇게 디테일하게 설명되어 있는데 아무래도 격식 있는 비즈니스 영어는 어떤 단어를 쓰는지, 어떤 표현을 쓰는지가 중요하기 때문에 이런 교재가 큰 도움이 될 것 같습니다. 링글을 시험용으로 활용하시는 분들도 계실 겁니다 . 저도 올 해에는 오픽 점수를 만들어 놓으려고 하는데요. 저 같은 분들을 위해 오픽용 교재들도 있습니다. 해당 교재를 선택하고 튜터에게 해당 지문을 바탕으로 질문해 주고 첨삭해 달라고 하면, 그날의 강의 수업은 오픽 수업이 됩니다. 1:1 개인 과외 수업으로 바뀌는 거죠. (3) AI 분석으로 확인하는 영어 실력 AI 분석 통계로 실력향상 확인 수업을 한 후에는 AI가 수업 내용을 바탕으로 4가지 영역 을 분석해 줍니다. CAFP 분석이라고 부르던데 Complexity(복잡성), Accuracy(정확성), Fluency(유창성), Pronunciation(발음) 이렇게 4가지입니다. 당장 한 번의 수업으로는 확인이 힘들지만 데이터가 쌓이다 보면 내가 어떤 영역에서 개선이 필요한지 파악이 가능합니다. 저와 같은 경우는 아직 유창성에 집중해야 되는 단계라고 생각하는데, 처음에는 5 초반에서 시작했는데 지금은 5 후반에서 6 초반 정도 왔다 갔다 합니다. AI분석 기반 추천영역 제안 한 번 수업을 진행하면 AI는 수업을 분석하고 엄청나게 많은 양의 제안을 줍니다. AI 한테 제 수업은 참 안타까운 현장이지 않을까 싶습니다. 형태 혼동, 단어 순서, 부사, 발음, 전치사 등 개선사항이 너무나도 많습니다. 모든 제안을 다 귀담아듣기는 힘들지만, 특별히 제가 확인하는 부분은 특별히 시제와 말하기 속도, 발음 정도입니다. 아직 문법이나 수일치까지는 좀 어렵더라고요. (4) 수업 후의 복습 기능 수업에 나눈 대화 기록 링글은 수업 후에 복습할 수 있는 기능이 참 잘되어 있습니다. 앞서 소개해드린 AI 분석도 그렇고요. 수업을 시작하면 줌이 켜지면서, 녹음 중이라는 표시가 뜹니다. 수업에 튜터와 나눈 대화를 꼭 카톡으로 대화하듯이 쭉 대화창에 기입을 해줍니다. 이를 토대로 내가 어떤 말을 했는지, 그리고 어떻게 개선하면 좋을지. 수업 때 이해 못 했던 튜터의 질문을 수업이 끝난 후에 복기하면서 파악할 수 있습니다. 디스크립션뿐만 아니라 오디오 사운드도 있어서, 내 발음까지도 확인할 수 있죠. 수업 노트 피드백 수업 때 대화를 나누면서 튜터는 열심히 타이핑을 합니다. 실시간으로 노트가 업데이트되는 모습을 보면 재밌기도 한데요. 수업 때는 시간이 짧다 보니 모든 글을 다 바꿔 쓰기 해줄 수는 없기 때문에, 수업 후에 튜터가 글을 노트에 더 써줍니다. 노트를 보면 pales in comparison에 밑줄이 쳐져있는데, 이런 어려운 어휘들은 튜터가 따로 체크해 놓은 것입니다. 노트를 기록해 주는 건 튜터마다 정말 다릅니다. 굉장히 짧게 해주는 튜터도 있고요. 이렇게 길게 써주는 튜터도 있습니다. 개인적으로는 자세하게 써주는 튜터가 좋습니다. (5) 데일리 학습 데일리 학습 기능은 정말 잘 만들어졌다고 생각합니다. 데일리라는 단어에 걸맞게, 부담스럽지 않은 콘텐츠로 매일매일 학습할 수 있게끔 설계되어 있습니다. 어휘에서부터 문법까지 매일 열심히만 공부한다면, 얻어갈 부분이 정말 많습니다. 그럼에도 불구하고 매일매일 학습하는 게 쉬운 게 아닙니다. (6) 다양한 웨비나 진행 정말 다양한 웨니바나 진행됩니다. 이 부분은 링글이라는 회사가 사용자들을 위해 얼마나 세심하게 운영하고 있는 지를 엿볼 수 있는 부분인데요. 링글 튜터 활용에서부터, MBA, 비즈니스, CES 인사이트 등 다양한 웨비나를 확인해 볼 수 있죠. 간혹 원어민이 진행하는 강의도 있는데, 생각보다 재밌고 알차게 구성되어 있습니다. 링글을 처음 시작하게 되면 링글에 관해 알려주는 웨비나가 있습니다. 제 기억에는 주 2회 항상 진행했었는데, 링글에 대해서 소개해주고 영어학습을 어떻게 하는 게 좋은지 알려줍니다. 특별히, 공동 창업자 두 분이서 열심히 웨비나를 진행하시는데, 링글이 참 다이나믹하면서도 생동감 있는 회사라는 게 느껴집니다. 링글(Ringle) 화상영어 스터디 클럽 후기 강의권을 구매하게 되면, 스터디 클럽 참여권이 주어지는 경우가 있습니다. 지금 같은 경우는 24 주권부터 스터디 클럽 혜택이 있네요. 저는 23년도에 링글 화상영어 72회권을 구매하면서 스터디에 참여했습니다. IELTS와 OPIC 시험 주제로 진행하였고, 결과적으로는 굉장히 만족스러운 스터디였습니다. 2년이 지난 지금까지도 가끔 글이 올라오는 오픈 카톡방에서 담당자 분과 링글 공동창업자 분이 열정적으로 관리해 주셨습니다. 사실 이 스터디 덕에 링글을 더 믿고 오랜 기간 동안 수강하게 된 계기가 된 것 같습니다. 줌 라이브로 진행되는 수업 스터디 클럽은 줌을 통한 라이브 수업으로 진행됩니다. 물론 스터디 클럽마다 좀 다르겠지만, 기본적으로 강의와 스터디가 함께 진행됩니다. 다양한 표현들을 알려주시고, 교재도 PDF 형태로 제공됩니다. 수업은 한 시간이 안되게 진행되었고, 시험 스터디반이기 때문에 시험에 바로 활용할 수 있는 표현들 위주로 알려주십니다. 창업자인 이성파 님이 직접 해주시는데, 참 열정적인 분이라 생각 들었습니다. 대표로서 가장 바쁜 직책을 가지고 있음에도 수강생 하나하나를 챙기는 모습이 인상적이었습니다. 물론 강의도 매우 만족스러웠습니다. 오픈 카톡방을 통해 밀첩 관리 스터디가 진행되는 동안 오픈 카톡방이 운영됩니다. 놀랍게도 25년 현재에도 카톡방이 살아있고, 아주 가끔 영어에 관한 질문 글이나 넋두리들이 아직도 올라옵니다. 단연 이성파 님도 있고요 스터디가 진행되는 동안 매일처럼 카톡방에 글이 올라옵니다. 영어 시험 특성상 단기간에 많은 표현을 익히고 매일 같이 연습하는 것이 중요해서인데요. 이렇게 현재까지 몇 명 참여했다. 참여 좀 해달라고 독려해 주십니다. 대부분 직장인 분들이 많았어서, 날이 갈수록 참여인원이 줄어드는 건 안 비밀입니다. 매일 주어지는 녹음 미션 다른 언어를 배우는 것이기 때문에, 하루에 많은 양을 한꺼번에 습득하는 것보다 매일 조금씩 공부하는 게 중요하다고 생각 듭니다. 그래서 스터디가 시작되면 페이지 하나가 개설되고, 주어진 미션에 맞춰서 매일 녹음한 걸 업로드하는 미션이 주어집니다. ...(truncated)",,"가격, 튜터 품질, 예약 시스템, 앱 UX/버그, 수업 효과, 콘텐츠/교재, 고객지원",Tistory
