title,text,rating,author,date,company,source_type,source_platform,search_keyword,url,collected_at
백그라운드 재생 안돼서 떠나요!,"4년전에도 개발한다고 하고. . 
작년에도 검토한다고 하고
몇달전에도 검토. . 
 대체 개발할건가요?
 아님 능력이 안되는 개발자라면 
 우리가 그냥 떠날게요!!",3,"ㄷ,ㅅ@ㅁ'",2026-01-03T20:20:28-07:00,yanadu,review,appstore,야나두,https://apps.apple.com/kr/app/id1539582420,2026-01-18T14:39:46.801161
업데이트 이후로 영상시청이 안됩니다,제목이 곧 내용입니다,5,배민탈퇴합니다,2025-12-30T03:01:23-07:00,yanadu,review,appstore,야나두,https://apps.apple.com/kr/app/id1539582420,2026-01-18T14:39:46.801161
결제방식,수업 간 커리튤럼 및 가격을 비교하고 싶은데 전화통화로만 상담하고 결제하게 하는 방식이 최악이네요. 상담사는 풀패키지로만 결제하도록 유도하고 과목 하나는 결제 못하냐고 물어보니 홈페이지 찾아보라고 하고.. 근데 또 홈페이지 들어가지 결국 또 상담사연결이네요ㅎㅎㅎㅎ,1,apjdncjdk,2025-07-23T01:57:08-07:00,yanadu,review,appstore,야나두,https://apps.apple.com/kr/app/id1539582420,2026-01-18T14:39:46.801161
문장 따라하기 녹음기능이 이상함,녹음 시작하자마자 3초 안에 하라는 경고창이 뜨는데 오류인 것 같습니다 이거땜에 진도 못 나감 해결좀 해줘요,2,리뷰를쓰려고해도별명때문에못써,2025-05-06T07:46:40-07:00,yanadu,review,appstore,야나두,https://apps.apple.com/kr/app/id1539582420,2026-01-18T14:39:46.801161
백그라운드 백그라운드 백그라운드,"진짜 개발자고 PM이고 여기 리뷰 안 보냐 
지금 몇년째 사람들이 백그라운드 노래부르는거 안보이냐
나같으면 챙피하고 자괴감 들어서라도 빨리 만들겠다
그리고 ai는 뭐 대화가 기록되고 이어져야 의미가 있지 temp성으로 그렇게 해가지고는 누가 쓰냐",1,Kkdfg,2025-03-30T04:13:04-07:00,yanadu,review,appstore,야나두,https://apps.apple.com/kr/app/id1539582420,2026-01-18T14:39:46.801161
주머니에 넣고도 좀 보자 이망할,"이래서 오래동안 사용해야하는데 선불로 전부 지불하는거 싫어함
진심 빨리 고쳐달라고 얼마나 빌어야 백그라운드 만들어줄거임?
받을돈 이미 다 다받았다고 수강생 쌩까고 업데이트 안해주는건가
평생수강 이백만원이 정말 후회스럽다",1,sunshine_boy_is_me,2025-03-25T05:46:22-07:00,yanadu,review,appstore,야나두,https://apps.apple.com/kr/app/id1539582420,2026-01-18T14:39:46.801161
백그라운드 재생 안됨,"아직도 백그라운드
재생이 안되는건 좀....",1,rjrifkg,2025-02-05T15:41:24-07:00,yanadu,review,appstore,야나두,https://apps.apple.com/kr/app/id1539582420,2026-01-18T14:39:46.801161
말이 안되는 어플;,2025에 동영상 백그라운드 재생이 안되는 어플이 아직 존재함..,1,킴태칸,2025-01-16T20:33:37-07:00,yanadu,review,appstore,야나두,https://apps.apple.com/kr/app/id1539582420,2026-01-18T14:39:46.801161
야나두 장학금,야나두 장학금 미션 진행하는데 강의완료와 미션완료 전부하였지만 자꾸 미션실패라고 떠서 다음날이면 되겠지 하고 다음날봐도 전날 실패했다고 뜨고 있습니다.,3,귤국왕,2025-01-04T02:24:49-07:00,yanadu,review,appstore,야나두,https://apps.apple.com/kr/app/id1539582420,2026-01-18T14:39:46.801161
녹음,"녹음이 안되요!
3초냐에 녹음하라고 하고 꺼집니다.
진도율채워야하는데 빨리 수정해주세요",1,구리구리최,2024-09-04T03:28:35-07:00,yanadu,review,appstore,야나두,https://apps.apple.com/kr/app/id1539582420,2026-01-18T14:39:46.801161
녹음에서 자꾸 에러가 나네요,"AI 트레이닝에서 발음을 듣고 녹음을 하려고 하면 3초가 지났다고 녹음이 안되네요 ㅠㅠㅠㅠㅠㅠㅠ
그러다가 어플이 꺼집니다ㅠㅠㅠㅠㅠ",2,은쑤우누우우우웅,2024-09-02T07:59:10-07:00,yanadu,review,appstore,야나두,https://apps.apple.com/kr/app/id1539582420,2026-01-18T14:39:46.801161
Ios도 핸드폰.껏을때 사운드나오게해주세요,"안드로이드는 되는데 ios만 안되는 특별한 이유가 있는건가요?
업데이트좀 해주세요",1,소하91,2024-08-11T06:20:18-07:00,yanadu,review,appstore,야나두,https://apps.apple.com/kr/app/id1539582420,2026-01-18T14:39:46.801161
아무리 수강을 해도 출석일이 그대로,수강을 해도 54일에서 더이상 출석일이 늘어나지를 않아요 지금 뭐하자는 건가요?,1,스마일,2024-02-26T19:04:27-07:00,yanadu,review,appstore,야나두,https://apps.apple.com/kr/app/id1539582420,2026-01-18T14:39:46.801161
찜한 클래스 보기 버그,"찜함클래스 보기]가 자꾸 풀리네요. 
클래스 들어갔다가 다시 클래스 리스트로 돌와오면 찜한 클래스는 활성화되어 있는데, 전체클래스가 보입미다. 
클래스가 너무 많은데, 매번 이러니 너무 불편해요 
빠름 개선 요청드려요. 
아이폰15프로, iOS 17.1.2입니다.",4,네이티브맨,2024-01-09T16:51:51-07:00,yanadu,review,appstore,야나두,https://apps.apple.com/kr/app/id1539582420,2026-01-18T14:39:46.801161
평생수강 듣고있습니다,"연장패키지에 수업이 하나도 없어서 끝난줄 알았는데
연장패키지 얼마 안남았다는 문자보고 어플 접속하니 수업이 하나도 없네요 근데 아래 댓글보고 찜한 클래스 보기 여러번 누르니 수업이 보이네요
일부러 이렇게 꼼수로 해놓으신건지는 모르겠고 개선 좀 해주세요",1,킁큼,2023-12-31T11:38:36-07:00,yanadu,review,appstore,야나두,https://apps.apple.com/kr/app/id1539582420,2026-01-18T14:39:46.801161
진짜 너무 불편한 앱,일부러 수업 못 듣게 해서 평생수강 취소 시키시려고 하는 건가요? 아니라면 이렇게 불편하게 만드는 것도 정말 능력입니다. 사용성 테스트는 안해보고 만드는건지…,1,뉘모,2023-11-28T03:35:09-07:00,yanadu,review,appstore,야나두,https://apps.apple.com/kr/app/id1539582420,2026-01-18T14:39:46.801161
찜한 클래스 보기 관련 업데이트 요청,"'찜한 클래스 보기‘ 선택 후 클래스 들어갔다가 나오면 리스트에서 모든 클래스가 보여져요. 찜한 클래스 보기 토글은 그대로 켜져있구요. 
그래서 버튼 한번 off 했다가 다시 on해야하는 번거로움이 있습니다.
특정 클래스 들어갔다가 되돌아와도 해당 기능이 계속 유지되도록 업데이트 되면 좋겠어요.",5,별명을 설정,2023-11-08T03:28:52-07:00,yanadu,review,appstore,야나두,https://apps.apple.com/kr/app/id1539582420,2026-01-18T14:39:46.801161
백그라운드 재생좀..,제발….. 계속 키고 보는게 아니라 편하게 듣고 싶어요,1,h2wshot,2023-09-18T21:45:10-07:00,yanadu,review,appstore,야나두,https://apps.apple.com/kr/app/id1539582420,2026-01-18T14:39:46.801161
제발 제발!,"모바일 앱 로그인이 안됩니다 
비번이 맞는데도 불구하고 로그인에 실패했데요 
아니 한두번도 아니고 앱이 이상한건지 야나두 로그인시스템 자체가 이상한건지 잘 모르겠는데 좀 제발 고쳐주세요...... 돈내고 수강하는건데 진짜 너무하네요",1,사람이느무,2023-09-13T07:12:48-07:00,yanadu,review,appstore,야나두,https://apps.apple.com/kr/app/id1539582420,2026-01-18T14:39:46.801161
출석체크 며칠 됐는지 어떻게 확인하는지 알려주세요,얼마나 출석했는지 알려면 어떡하죠,3,포도마음,2023-08-27T20:35:25-07:00,yanadu,review,appstore,야나두,https://apps.apple.com/kr/app/id1539582420,2026-01-18T14:39:46.801161
오프라인 저장기능 만들어주세요 ㅠㅠ,데이터 없는곳에서도ㅠ영상 보면서 다니고 싶어요,3,오프라인온라인오프라인,2023-08-13T14:48:47-07:00,yanadu,review,appstore,야나두,https://apps.apple.com/kr/app/id1539582420,2026-01-18T14:39:46.801161
앱 꺼짐현상,강의 다듣고 따라하기 음성인식 버튼누르면 자꾸 앱이 종료되요.. 몇십만원주고 공부하는데 이런오류 말되나요..? AI트레이닝 음성인식 따라하기를 해야 진도율이 올라가는데 ... 전혀못하고있어요,1,김끼요,2023-06-13T09:25:59-07:00,yanadu,review,appstore,야나두,https://apps.apple.com/kr/app/id1539582420,2026-01-18T14:39:46.801161
오늘 갑자기 튕겨요,"저는 아이폰11프로 사용자입니다
소프트웨어는 최신버전이구요
근데 아침부터 갑자기 계속 튕김 현상이 생겼네요.
해결 부탁 드려요",5,서아이주니,2023-06-01T16:47:21-07:00,yanadu,review,appstore,야나두,https://apps.apple.com/kr/app/id1539582420,2026-01-18T14:39:46.801161
앱이 안열려요,업데이트 하라고 해서 했는데 그이후에 앱이 안열려요 지우고 다시 박도를 10번은 한고 같아요 왜 안열리는거에요?,1,ㄴㅈㅎㄹㅂ,2023-05-28T22:21:53-07:00,yanadu,review,appstore,야나두,https://apps.apple.com/kr/app/id1539582420,2026-01-18T14:39:46.801161
처음으로 돌아갑시다.,"강의만 계속 보고싶습니다. 
미션을 원하는게 아닙니다.
학교 숙제도 아니고 해야할게 너무 많아졌어요 
학습방법을 지정할 수 있으면 좋겠네요",1,BOEING748,2023-05-28T08:20:54-07:00,yanadu,review,appstore,야나두,https://apps.apple.com/kr/app/id1539582420,2026-01-18T14:39:46.801161
녹음 기능이 안좋아요,자꾸 녹음 안되고 튕기다가 꺼져요 혼자 ㅠ,1,민팅쓰,2023-05-06T08:00:50-07:00,yanadu,review,appstore,야나두,https://apps.apple.com/kr/app/id1539582420,2026-01-18T14:39:46.801161
말하기하면 꺼지네요,"어떻게 앱을 이따위로 만들어 운영하는지?
용량 부족문제 아니고, 마이크설정 이상 없고, 재설치해도 소용 없고, 답변은 전화로 문의하라는 매크로 답변만 있고.
이용하라는 건지 말라는 건지 모르겠네요",1,ㄱㄽㅇㅁㄴㄱㄽㅇㅁㄴ,2023-04-30T16:16:56-07:00,yanadu,review,appstore,야나두,https://apps.apple.com/kr/app/id1539582420,2026-01-18T14:39:46.801161
블루투스 연결하면 소리가 안나와요,"다른 앱들은 다 소리가 나오는데 야나두만 안 나와요
앱을 다시 설치해봐도 안 되고 해결 좀 해주세요",2,도둑년네티,2023-04-25T17:14:38-07:00,yanadu,review,appstore,야나두,https://apps.apple.com/kr/app/id1539582420,2026-01-18T14:39:46.801161
업데이트 작작해라,짜증나니까,1,니고니고니,2023-04-20T06:11:07-07:00,yanadu,review,appstore,야나두,https://apps.apple.com/kr/app/id1539582420,2026-01-18T14:39:46.801161
가입이 안됨,"가입하려니 이미 가입한 번호라서 안된다그러고,
아이디 찾으려니 가입한적 없는 번호라 그러고
풀패키지 460만원 냈는데 왜 이따구임?",1,개빡치네ㅇ,2023-04-17T07:36:59-07:00,yanadu,review,appstore,야나두,https://apps.apple.com/kr/app/id1539582420,2026-01-18T14:39:46.801161
어플 오류가 있어요,"가입하려니까 처음 가입인데 핸드폰번호가 휴면번호라고 뜨고 다시 가입하려고 정보 다 입력 하니까 아이디가 중복됐다고 해서 확인했더니 중복도 아니네요
결국 가입 못하고 다른데로 갑니다ㅏ…..",2,비트윈 실망,2023-03-26T03:25:33-07:00,yanadu,review,appstore,야나두,https://apps.apple.com/kr/app/id1539582420,2026-01-18T14:39:46.801161
에어팟 오류,"앱버전 3.1.12
ios 16.3.1
기기 아이폰se2
에어팟프로2

댓글 미션 클리어 후 다음 강의 들을 때 갑자기 에어팟이 아닌 기기 스피커로 소리가 나오고 앱을 완전히 종료한 후 다시 접속하면 에어팟으로 다시 소리가 나옴 

댓글 미션 후 에어팟 연결이 끊긴건 아님 

연결은 표시 되어 있음 / 수정 부탁드립니다",3,심썰,2023-03-13T07:42:29-07:00,yanadu,review,appstore,야나두,https://apps.apple.com/kr/app/id1539582420,2026-01-18T14:39:46.801161
강의는 너무 좋은데,요즘 갑자기 녹음 하려하면 3초 이내에 말하라고 하면서 혼자 꺼지고 시간 카운트는 자기멋대로 가고있고 화면들이 겹쳐서 뜨고 그래서 녹음이 안되네요 어떻게 해야하나요,3,삐쯬,2023-02-07T06:04:13-07:00,yanadu,review,appstore,야나두,https://apps.apple.com/kr/app/id1539582420,2026-01-18T14:39:46.801161
서버와의,"연결이 자꾸 안 된다네요 하 
지웠다가 깔아봐도 같아요 ㅡㅡ",1,하마ㅏ아ㅏ아,2023-02-07T04:19:38-07:00,yanadu,review,appstore,야나두,https://apps.apple.com/kr/app/id1539582420,2026-01-18T14:39:46.801161
강의는 좋은데 프로그램이 불편해요,"3년째 수강중입니다
강의는 너무 좋아요 그런데 프로그램이용이 불편하네요
연속재생 안되는 건 이해하겠는데
저절로 가로로 되지 않는건 매번 핸드폰에서 설정을 해야하니 번거롭습니다",1,레몬레읻,2023-02-04T13:27:36-07:00,yanadu,review,appstore,야나두,https://apps.apple.com/kr/app/id1539582420,2026-01-18T14:39:46.801161
강의 즐찾기능,"풀패키지 이용유저인데요
강의가 너무 많아서 접속할때마다 스크롤 한참내려서 시청중인 강의를 찾는게 매번 일이네요 시간도 걸리고
즐겨찾기기능이나 검색기능이 있으면 좋겠어요
아님 최근 시청한 강의를 맨위로 올려주시던가…
너무 불편합니다",3,하넹2,2023-01-04T17:30:29-07:00,yanadu,review,appstore,야나두,https://apps.apple.com/kr/app/id1539582420,2026-01-18T14:39:46.801161
말하기 미션 하려고 하면 자꾸 꺼지네요,"언젠가부터 말하기 미션하려고 하면 3초 이내 어쩌고 하면서 꺼져요;; 혹시 몰라 삭제하고 다시 깔기 했는데도 이럽니다 한두 번, 하루이틀이면 그러려니하는데 계속 이러니까 미션 성공률도 제자리… 
다른 분들은 이런 경우 없으신가요? 희한합니다",1,최떠순,2023-01-04T02:03:45-07:00,yanadu,review,appstore,야나두,https://apps.apple.com/kr/app/id1539582420,2026-01-18T14:39:46.801161
안드로이드 불가?,"테블릿에서 안되네요. 야나두의 다음작업을 허용하시겠습니까? 긱 샂ㄴ 미디어 파일 액세스 
여기서 멈춰요. 틈새영어는 되는데.",1,이귀욤이,2022-12-26T06:17:24-07:00,yanadu,review,appstore,야나두,https://apps.apple.com/kr/app/id1539582420,2026-01-18T14:39:46.801161
백그라운드 재생 기능,"백그라운드 재생 기능이 없어 너무 불편합니다.
출퇴근시 화면이 꺼진 상태에서 들어야하는 경우가 많은데",3,벼리고리,2022-12-21T13:33:07-07:00,yanadu,review,appstore,야나두,https://apps.apple.com/kr/app/id1539582420,2026-01-18T14:39:46.801161
앱실행,앱 열리는 시간이 왜이리 오래 걸릴까요,1,이브리,2022-12-06T06:47:44-07:00,yanadu,review,appstore,야나두,https://apps.apple.com/kr/app/id1539582420,2026-01-18T14:39:46.801161
다운이안되여,핸드폰 새로 바꾸고 다운 하려고 하는데 다운이 안됨,1,기억력도안좋은데어플안되면난어쩌라고ㅠㅠ,2022-12-04T18:38:26-07:00,yanadu,review,appstore,야나두,https://apps.apple.com/kr/app/id1539582420,2026-01-18T14:39:46.801161
맥북용 지원이 안되네요,"핸드폰으로 강의 잘 듣고 있는데, 맥북으로도 강의 같이 듣고 싶어요. 맥북으로는 볼 수가 없으니 아쉬워요.
개발 꼭 필요하다고 보여집니다.",3,이게진짜리뷰,2022-11-27T22:05:34-07:00,yanadu,review,appstore,야나두,https://apps.apple.com/kr/app/id1539582420,2026-01-18T14:39:46.801161
이런 오류가 많은 앱은 처음이네요,블루투스 이어폰 연결이 잘 안 되는 것 같아요. 다른 앱에서 영상 재생했을 때는 문제가 없었는데 야나두 앱으로 넘어와서 재생하면 이어폰에서 소리가 안 나와요. 앱을 다시 지웠다 깔면 또 정상적으로 소리가 나와요. 그러다가 어느 순간 되면 또 같은 오류가 발생됩니다.. 야나두가 유명해서 이런 자잘한 문제는 없을 거라고 생각하고 결제했는데.. 출퇴근 길에 휴대폰으로 들으려고 했는데 잘 안 되니 답답하고 짜증나네요,1,뎡일이이이,2022-11-04T03:56:49-07:00,yanadu,review,appstore,야나두,https://apps.apple.com/kr/app/id1539582420,2026-01-18T14:39:46.801161
아이폰앱에서 강의를 듣다보면 소리가 안들림,"몇 번 문의를 넣어봤으나 볼륨을 크게 해보라는 답변같지 않은 답변을 들음.
내가 아이폰만 있었으면 스트레스 엄청 받았겠죠. 앱을 지우거나 폰을 껐다 켜면 괜찮아 지다가 1강 정도 들으면 안들림. 갤럭시에선 멀쩡.",1,sia5702,2022-10-25T03:59:33-07:00,yanadu,review,appstore,야나두,https://apps.apple.com/kr/app/id1539582420,2026-01-18T14:39:46.801161
앱오류,"어제까지 잘듣고 있었는데 앱 로그아웃되고 서버연결 할수없다고 나오네요. 짤리 고쳐주세요. 
IOS 15.6.1 버전",1,CJONE card 어플 제작사.,2022-08-30T17:05:52-07:00,yanadu,review,appstore,야나두,https://apps.apple.com/kr/app/id1539582420,2026-01-18T14:39:46.801161
어플이 안들어가져요,ㅠㅠㅠㅠㅠㅠㅠㅠㅠㅠㅠ업데이트 안해서 그런건가 싶어 업데이트도 해보고 지웠다가 깔아봤는데도 안돼요,3,nun02173,2022-08-30T16:53:11-07:00,yanadu,review,appstore,야나두,https://apps.apple.com/kr/app/id1539582420,2026-01-18T14:39:46.801161
가로모드,1년전 리뷰에도 가로모드 안된다고 되어있던데 아직도 가로모드 지원 안되는게 이상해요 태블릿으로 공부하려면 당연히 가로모드 가능하게 해줘야죠,2,밥토웅,2022-06-01T08:32:27-07:00,yanadu,review,appstore,야나두,https://apps.apple.com/kr/app/id1539582420,2026-01-18T14:39:46.801161
맥북에서도 강의 재생 가능하게 해주세요!!,맥북에서도 강의 재생이 가능 했으면 좋겠습니다!!,4,현자아렌,2022-03-28T05:49:27-07:00,yanadu,review,appstore,야나두,https://apps.apple.com/kr/app/id1539582420,2026-01-18T14:39:46.801161
맥북용도 개발 해주실 수 없나요??,강의 너무 잘 듣고 있습니다만 가끔 핸드폰보다 화면이 훨씬 큰 맥북으로 보면 좋겠다는 생각이 많이 들거든요. 차후에 개발 부탁드려요~!!!,5,현자아렌,2022-03-28T05:45:12-07:00,yanadu,review,appstore,야나두,https://apps.apple.com/kr/app/id1539582420,2026-01-18T14:39:46.801161
백그라운드 재생이 안되네요?…,"오디오패키지 수강하였는데 백그라운드 재생이
안되네요?? 오디오만 들으면 되는데 화면이 왜 켜있어야 하는디 이해가 안되네요. 화면이 꺼졌을때도 오디오가 계속해서 실행될수 있도록 수정 부탁합니다",1,JH79357,2022-03-18T08:57:07-07:00,yanadu,review,appstore,야나두,https://apps.apple.com/kr/app/id1539582420,2026-01-18T14:39:46.801161
하루 10분인건 알겠는데 구림,폰잠금이나 어플 나가도 재생가능하게 만드셈 결제하고 개불편해서 안씀 다신 안할듯,1,댕댕용,2022-01-12T01:56:37-07:00,yanadu,review,appstore,야나두,https://apps.apple.com/kr/app/id1539582420,2026-01-18T14:39:46.801161
회원님은 현재 휴면계정입니다라는 글의 반복,고객센터 문의해서 휴면계정 해제하고 다른 기기로는 전부 다 들어가지는데 제 폰에서 로그인할 때만 저 글의 반복 해제하려면 번호 입력하고 인증번호를 입력해야한다는데 번호 입력하고 인증 요청 버튼을 눌러도 눌러지지 않음 인증버튼을 눌리게 하든가 이게 뭐임 진짜,1,내가화가없는사람인데,2021-12-10T16:12:28-07:00,yanadu,review,appstore,야나두,https://apps.apple.com/kr/app/id1539582420,2026-01-18T14:39:46.801161
아이폰 네이버 로그인안됨,네이버 회원으로 로그인이안되요... 아래 네이버버튼 클릭시 회원가입창이 뜨네요,1,세르니얌,2021-10-19T07:57:04-07:00,yanadu,review,appstore,야나두,https://apps.apple.com/kr/app/id1539582420,2026-01-18T14:39:46.801161
앱오류,앱이 안들어가지는데 어떻게 해야하는건지....지웠다가 다시 깔아도 똑같은데......,1,하로니오0,2021-10-16T08:00:58-07:00,yanadu,review,appstore,야나두,https://apps.apple.com/kr/app/id1539582420,2026-01-18T14:39:46.801161
지들 맘대로 변경,컴터 폰 모두 수강하고 전 책상에 앉아야 잘보는데 자들 맘대로 컴터 막는 횡포를 부리다니 된다면 환불받고 리얼클레스로 넘어가고 싶네요,1,코코코앱ㅇ,2021-10-12T07:59:05-07:00,yanadu,review,appstore,야나두,https://apps.apple.com/kr/app/id1539582420,2026-01-18T14:39:46.801161
서버 연결 불가,핸드폰 어플로 들어갔더니 자동 로그아웃 되어있고 서버연결이 안된다고 뜨는데 출첵도 못하고 상담도 현재 못받는데 어쩌란 말이죠?,1,ㅜㅗㅜㅗㅜㅗ,2021-10-03T18:19:41-07:00,yanadu,review,appstore,야나두,https://apps.apple.com/kr/app/id1539582420,2026-01-18T14:39:46.801161
네트워크 연결 실패로 출석체크가 안돼요,평생수강 신청해서 출석 체크 해야하는데 평생수강권 받을 수 있는 누적일수 하루 남겨놓고 출석 체크가 안돼요 핸드폰 재시동도 하고 어플도 다시 깔았는데도 안되네요 오늘 안에 출석 체크 못하면 끝인데 얼른 복구해주세요,4,kimzinc,2021-10-03T18:17:33-07:00,yanadu,review,appstore,야나두,https://apps.apple.com/kr/app/id1539582420,2026-01-18T14:39:46.801161
힝.. 로그인 접속이 안되요..,왜 안되는건가오오오오오..,2,휴지이이,2021-10-03T17:59:42-07:00,yanadu,review,appstore,야나두,https://apps.apple.com/kr/app/id1539582420,2026-01-18T14:39:46.801161
이 돈 주고 할바엔,그냥 비비씨 러닝 잉글리쉬 들으세요. 평생수강권 했는데 막상 강의도 별로 없고 정말 조악합니다. 대체 왜이렇게 강사 둘이 나와서 쳐 사담하는지 모르겠어요.남자강사가 못하는척 콩글리쉬 발음하는거 여자가 왜 가르쳐 주는지 모르겠음 처음엔 일반인인줄 알았는데 나중엔 강사로 나오더라 ㅋㅋ자꾸 이상한 사람 앉혀놓고 걔하는거 테스트 해주고 자빠졌..샘플만 보고 속지말자...,1,야나두구려,2021-08-20T03:05:31-07:00,yanadu,review,appstore,야나두,https://apps.apple.com/kr/app/id1539582420,2026-01-18T14:39:46.801161
화질 무엇…,"10년 전 강의보다 못한 화질이네요.
요즘 이런 화질로 강의 제공하는 업체가 있나요?ㅠㅠ
이전 부터 개선 요구가 많이 있었던가 같은데 
아직도 그대로인걸 보면 앱 관리가 잘 안되나봐요..",2,송눈누,2021-08-16T15:55:35-07:00,yanadu,review,appstore,야나두,https://apps.apple.com/kr/app/id1539582420,2026-01-18T14:39:46.801161
기존 어플 강의는 다 사라진건가요??,"기존 어플로 강의 계속 듣고있었는데
강의도 없어지고.. 어떻게 이용해야 하는지
안내가 있으면 좋겠어요",3,오류는이제그만,2021-07-19T23:16:55-07:00,yanadu,review,appstore,야나두,https://apps.apple.com/kr/app/id1539582420,2026-01-18T14:39:46.801161
라디오 강의 백그라운드 재생,"라디오 강의를 듣는 수강생입니다
라디오 강의인데 백그라운드 재생이 안되는건 너무 불편하네요..
주로 대중교통출퇴근시 강의듣고있는데 
화면이 계속 켜져있다보니 걷다보면 다른것들이 눌리고 배터리도 빨리소모되고......
개선 부탁드리겠습니다",3,yaaaaangx2,2021-07-05T05:31:40-07:00,yanadu,review,appstore,야나두,https://apps.apple.com/kr/app/id1539582420,2026-01-18T14:39:46.801161
앱 접속이 안되네요,"징학금 미션 이대로 실패하는건가 싶네요
야나두만 접속이 안되서 화면녹화 했습니다.
고객센터에 문의하려고 해도 18시까지만 해서 문의를 할 수가 없네요 ㅠ",3,황끼또,2021-06-21T06:07:37-07:00,yanadu,review,appstore,야나두,https://apps.apple.com/kr/app/id1539582420,2026-01-18T14:39:46.801161
서버에 연결할 수 없습니다가 계속 떠요,네트워크를 확인하라고 하는데 다른 어플은 잘만 되고 ㅜㅜ 뭐가 문제 일까요… 돈 주고 강의도 못듣는 사태 ㅎ,1,shh0928,2021-06-21T06:03:10-07:00,yanadu,review,appstore,야나두,https://apps.apple.com/kr/app/id1539582420,2026-01-18T14:39:46.801161
맥북,맥북 갑자기 안 되는데 왜그런건가요??,5,크킄 크,2021-06-04T04:49:05-07:00,yanadu,review,appstore,야나두,https://apps.apple.com/kr/app/id1539582420,2026-01-18T14:39:46.801161
안녕하세요,"장학금신청했는데 왜 입금되지 않을까요?
언제 입금 되나요?",5,ralroo85,2021-06-03T07:07:20-07:00,yanadu,review,appstore,야나두,https://apps.apple.com/kr/app/id1539582420,2026-01-18T14:39:46.801161
앱 부팅 시간 너무 길어요,앱 켜는데 너무 오래걸려요 키다가 잠들겄네,1,고기만두옆에김치만두,2021-06-01T08:19:21-07:00,yanadu,review,appstore,야나두,https://apps.apple.com/kr/app/id1539582420,2026-01-18T14:39:46.801161
앱이 안들어가져요,"유효한 계정이 아닙니다만 계속뜨고 컴퓨터로는 학습도 안되서 공부를 못하고 있네요. 확인 부탁드립니다.

오늘도 접속이 안됩니다",2,리타123,2021-04-11T21:27:12-07:00,yanadu,review,appstore,야나두,https://apps.apple.com/kr/app/id1539582420,2026-01-18T14:39:46.801161
엘지 노트북에서 같이쓰려는데 왜 다운이안됌?,아이폰쓰고 엘지노트북쓰면 다운이안됌?,1,니이디이니마,2021-04-11T01:51:54-07:00,yanadu,review,appstore,야나두,https://apps.apple.com/kr/app/id1539582420,2026-01-18T14:39:46.801161
팝업,그전버전처럼 강의 하나 끝날때마다 다음강의 볼껀지 팝업떳으면 좋겠어요!! 그럼 한강의라도 더 듣게되거든요,5,아카사타나하마야밍기,2021-03-31T07:42:06-07:00,yanadu,review,appstore,야나두,https://apps.apple.com/kr/app/id1539582420,2026-01-18T14:39:46.801161
AI음성녹음이,업데이트를 해도 앱을 나갔다 다시 열어도 껐다켜도 음성녹음이 4초를 못 넘기고 끊깁니다 덕분에 랩하듯 하고 있어요. 긴 문장의 경우 성우와 속도를 맞추려고 해도 중간에 끊기는 탓에 계속 3-4초 안에 하려고 하니 기억에도 안 남고 발음도 대충하게 됩니다.,2,ㅊㅇㅈㅅ,2021-03-28T03:38:35-07:00,yanadu,review,appstore,야나두,https://apps.apple.com/kr/app/id1539582420,2026-01-18T14:39:46.801161
아이패드 가로모드와 스플릿뷰 지원해주세요,"강의 어플인데 가로모드와 스플릿뷰 지원이 안된다는건 너무 어플이 뒤떨어지는것 같습니다,,,,,,
개선 요청 부탁드려요!",3,Haley Cha,2021-03-27T22:33:18-07:00,yanadu,review,appstore,야나두,https://apps.apple.com/kr/app/id1539582420,2026-01-18T14:39:46.801161
화질이 구려요,화질이 좋았으면 좋겠어요... 너무 구려요.,3,닝니잏,2021-03-24T08:29:17-07:00,yanadu,review,appstore,야나두,https://apps.apple.com/kr/app/id1539582420,2026-01-18T14:39:46.801161
폰이나 태블릿에서만 가능하다면...,"물론 야나두가 짬을 내서 짧은 시간만 투자하여 영어공부를 하는 방식으로 하고 있어 이동중이나 그럴때는 폰이나 태블릿이 편하겠지만... 
집중도는 PC 로 할때가 가장 높을텐데요
이걸 pc에선 안된다고 하니... 이후로 야나두 접속을 하는 횟수가 현저히 줄어버렸습니다. 
태블릿이 없는 저 같은 경우에는 폰으로는 동영상 시청등을 전혀 하지 않고 있는데... 
야나두 때문에 태블릿을 살 수도 없는 거고.. 
PC에서도 가능하게 하여 저를 포함 많은 분들이 짧은 시간에 집중력있게 영어공부를 하는 야나두의 영어공부 강점을 느낄 수 있게 해 주셔야 하는것은 아닌가요? 폰으로 보려고 하니 확실히게 집중력이 너무 떨어집니다. 업그레이드는 누굴 위한 건가요?",1,suhypa,2021-03-22T08:03:19-07:00,yanadu,review,appstore,야나두,https://apps.apple.com/kr/app/id1539582420,2026-01-18T14:39:46.801161
PC로 볼수가없네요,"저는 휴대폰 가지고다니기 편하게 일부러  크기가 작은거 쓰는데  작은화면으로 강의를 계속 볼려니 너무 불편하고 넓은 휴대폰이나 태플릿을 사고 싶지는 않는데 .......
휴대폰으로만 지원되는 기능 빼더라도 pc로 보고싶은데 Pc로 강의 이용 가능하게 하는 계획은 없나요?

강의는 정말 좋습니다!!!",1,니호,2021-03-09T05:06:48-07:00,yanadu,review,appstore,야나두,https://apps.apple.com/kr/app/id1539582420,2026-01-18T14:39:46.801161
가로모드 지원좀 해주세요,가로모드 지원좀 해주세요,3,예나쌤화이팅,2021-03-08T04:25:33-07:00,yanadu,review,appstore,야나두,https://apps.apple.com/kr/app/id1539582420,2026-01-18T14:39:46.801161
업데이트하고 앱이너무느려요.,업데이트 하라고 해서 했는데 앱의 너무느려요. 서버가 느린건지... 무슨 강의를 들을수가없네요ㅠㅠ 그리고 아이패드 가로모드 지원도 빨리 업데이트되었으면좋게습니다..,2,사용잙,2021-03-08T00:59:03-07:00,yanadu,review,appstore,야나두,https://apps.apple.com/kr/app/id1539582420,2026-01-18T14:39:46.801161
좋은데 아쉽습니다.,인강결제해서 쓰고있는데 강의는 좋습니다 어렵지않게 재미있게 보고있는데 화질이 너무 구리게 나와요 화질 설정을 할수있게하거나 그냥 화질 개선 부탁드립니다 조금 불편합니다,4,은근불만,2021-03-07T19:56:30-07:00,yanadu,review,appstore,야나두,https://apps.apple.com/kr/app/id1539582420,2026-01-18T14:39:46.801161
Ai 채점,"녹음이 안되고 채점이 안돼요 
장학금 신청했는데 이게 안되면 어떻게하나요,,,",1,랄라룰룰라,2021-03-06T05:53:15-07:00,yanadu,review,appstore,야나두,https://apps.apple.com/kr/app/id1539582420,2026-01-18T14:39:46.801161
야나두 2.0 장학금 미션완료가 안됨,"왜 실패하고 재도전하는 첫날은 미션완료 처리가 안되나요? 이것 때문에 일부러 하루더 안보고 다시 재도전 하는게 지금 3회차(날린 일수만 그럼 6일이에요)입니다. 내일모레 다시 재도전 해보고 안되면 환불 가능할지 알아봐야겠어요.
아니 PC로 할수도 없고 only어플로만 가능한데 어플기능관리 왜 이럼? 테스트는 하고 상용화 한거에요?",1,대머리독수리2,2021-02-22T07:15:43-07:00,yanadu,review,appstore,야나두,https://apps.apple.com/kr/app/id1539582420,2026-01-18T14:39:46.801161
세로모드 재생 가능하게 해주세요,"개발자님. 답변을 주셨는데 제가 말씀드린 내용이 아닙니다.
저는 가로모드 지원을 요청한 것이 아니라, 영상을 재생할 때 폰을 세로로 든 상태에서도 영상이 재생되게 해 달라는 것입니다.
예전 앱에서는 폰을 가로로 돌리지 않아도 영상을 볼 수 있었습니다.
지금은 무조건 가로로 쥐어야 합니다.
그게 너무 불편하다는 것입니다.

————————————————————————

사용자 편의성이 오히려 후퇴한 느낌입니다.
가로모드로 영상보기 불편합니다. 화면도 너무 크구요. 
예전처럼 영상을 세로보기도 가능하게 해주면 좋겠습니다.
폰도 큰데 가로로 잡고 있기도 불편하고, 지하철에서 사람들 앞에서 재생하기도 민망하네요.",2,현승이현,2021-02-20T14:26:04-07:00,yanadu,review,appstore,야나두,https://apps.apple.com/kr/app/id1539582420,2026-01-18T14:39:46.801161
영상 다운기능 없나요?,"와이파이가 잠깐 끊어질때마다 앱이 멈추는데요
네트워크를 확인하라는 메시지와함께
앱에 영상을 미리 다운받아놓고 보는기능은 없나요?
최소한 영상을볼때 네트워크가 원활할때 앞부분 영상을 버퍼에 내려두고 멈추는 구간에는 그냥 로딩정도걸리면 충분할것같은데 불편한 메시지는 왜 넣어놨는지",1,92jun92jun,2021-02-15T16:38:01-07:00,yanadu,review,appstore,야나두,https://apps.apple.com/kr/app/id1539582420,2026-01-18T14:39:46.801161
아이패드 스플릿뷰 되도록 해주세요,Pdf열어두고 필기하면서 보고싶은데 안되서 속상합니다 ㅜㅜㅜ,4,냐뉴냐멍멍,2021-02-15T04:40:50-07:00,yanadu,review,appstore,야나두,https://apps.apple.com/kr/app/id1539582420,2026-01-18T14:39:46.801161
싱크 안맞고 버퍼있어요,아이폰12인데 보다가 화면이 밀려서 자꾸 싱크 안맞아요 컴퓨터로 못봐요? 설78퍼할인껄로 듣고있는데 하,3,아기호루라기,2021-02-14T00:44:48-07:00,yanadu,review,appstore,야나두,https://apps.apple.com/kr/app/id1539582420,2026-01-18T14:39:46.801161
가로모드 만들기가 그리 힘들디?,참 영어만 할줄알지 앱개발 졸라못하네. 전 앱에서 리뷰보면 몇년째 그리 말하는데 답변은 죄송하다 시일이 걸린다 해서 만든게 이거디? 만들질 말던가 뭐가 나아졌는지 박근혜 정부3.0 이 생각나는 시간이네.,1,녹차락,2021-02-13T19:26:04-07:00,yanadu,review,appstore,야나두,https://apps.apple.com/kr/app/id1539582420,2026-01-18T14:39:46.801161
어플로만 들을 수 있게 해놓을 거면,"어플이 잘 되어있어야되는거 아닌가요?
무료로 수강하는 것도 아니고;;

Ai는 제가 말하는 중간에 자기 혼자 녹음을 멈추고
맞게 말한것도 빨간 줄이 안없어지는 등
어플을 아예 껐다가 다시 들어가야 정상적으로 
작동하네요;;

하루에 강의 1시간 듣자고 어플을 9번씩 나갔다 들어갔다 해야됩니까? 현타와요 ;;
진짜 짜증나고 공부할때마다 욕 나오니까 빨리 좀 고쳐주세요.",1,Weare0202,2021-02-09T06:13:00-07:00,yanadu,review,appstore,야나두,https://apps.apple.com/kr/app/id1539582420,2026-01-18T14:39:46.801161
사용자에 대한 배려가 전혀 안되어있네요,"기존에 PC에서 듣던거 답답하지만 아이패드 앱으로 들어보려 했는데, 일부러 공부용으로 산 아이패드미니2에서는 버전이 ios 10 이하라고 지원도 안해주네요... 기존 앱은 ios10 이하로도 잘 다운받아 돌아갔는데, 말만 최신앱이지 기존꺼에 비해 나은게 하나도 없습니다. 아직 업데이트 예정중인거라면 언제쯤 ios10 이하에서 되는지 좀 알려주세요",2,baehj91,2021-02-07T08:22:54-07:00,yanadu,review,appstore,야나두,https://apps.apple.com/kr/app/id1539582420,2026-01-18T14:39:46.801161
아이패드 가로모드,"앱 자체가 가로 모드로 지원이 안되나요..? 피씨에서 사용 안되게 했으면 탭이나 패드에서 잘 활용할 수 있도록 지원이 되어야하는데, 아이패드로 사용중인데요 동영상은 가로 모드가 되는데 또 미션 테스트 이런건 세로모드고 홈으로가면 세로모드.... 혼돈의 카오스.... 몇십만원 주고 이런 수고로움을 감수해야하나요? 아니면 미리 안내라도 되있어야죠...  앱 개발자 분들이나 기획자분들 테스트 안해보시는지... 시스템 좀 하루 빨리 개선해주세요 ㅜㅜ 앱 자체의 강의 내용들은 정말 좋아요 ㅜㅜ 내용은 잘되있는데 온라인 강의가 기반인데 이런 시스템 자체가 잘 마련되있어야 한다고 봅니다",3,한일구,2021-02-05T18:07:35-07:00,yanadu,review,appstore,야나두,https://apps.apple.com/kr/app/id1539582420,2026-01-18T14:39:46.801161
가로모드지원,아이패드 가로모드 지원 좀 해주세요 너무 불편해요,4,히트도♡,2021-02-04T00:52:12-07:00,yanadu,review,appstore,야나두,https://apps.apple.com/kr/app/id1539582420,2026-01-18T14:39:46.801161
아이패드 기울림,아이패드는 못쓰나요ㅠㅠㅠㅠ???넘나불편 ㅠㅠ,3,아왜다시쓰래,2021-02-01T04:39:57-07:00,yanadu,review,appstore,야나두,https://apps.apple.com/kr/app/id1539582420,2026-01-18T14:39:46.801161
화면좀,"세로로 변경할 수 있게 해주세요
가로만되네요 
화면에 꽉차면 화질도 안좋아요",3,와리릿,2021-01-29T23:09:13-07:00,yanadu,review,appstore,야나두,https://apps.apple.com/kr/app/id1539582420,2026-01-18T14:39:46.801161
부디 가로보기 지원 해주세요 ㅜㅜㅜ,잘 보고 있긴한데 가로모드 지원해주시면 안될까요 ㅜㅜ,5,냐그네이비,2021-01-28T06:55:26-07:00,yanadu,review,appstore,야나두,https://apps.apple.com/kr/app/id1539582420,2026-01-18T14:39:46.801161
이게 평생수강입니까?,"야나두가 평생수강 패키지라서 구매하였는데
연장후 PC로는 수강을 못한다니요?
처음 평생수강 패키지 구매할때 그런 안내도 없다가
연장신청 시점에 이렇게 일방적으로 통보만 하면 끝입니까? 이건 소비자 기만아닙니까?
야나두 강의는 좋았는데 이런식의 서비스 운영은
정말 실망이네요.",1,mj_mdj,2021-01-26T05:26:18-07:00,yanadu,review,appstore,야나두,https://apps.apple.com/kr/app/id1539582420,2026-01-18T14:39:46.801161
평생수강 연장,"평생수강 pc로 연장했고 “연장된 강의는 야나두2.0앱 ‘에서만’ 수강 가능합니다(pc,모바일웹 불가) “ 라는 안내를 받았는데요...2.0에서 내 강의실 들어가기 누르면 1.0 어플로 들어가지는데요 ㅋㅋㅋㅋㅋ
PC로도 못 보고 조금한 화면 핸드폰 1.0으로 보라는 건가요...연장수강한 사람들은 뭔가요...?기존에 이런 조건이 있었나요 연장한사람들은 불편을 감안하라는? 이상한 링크보내면서 2.0 안내문 이니까 참고하세요 하지말고 답글 달아주세요",1,우석황,2021-01-19T04:48:40-07:00,yanadu,review,appstore,야나두,https://apps.apple.com/kr/app/id1539582420,2026-01-18T14:39:46.801161
아이폰12미니 세로보기가 안되네요. 화면비율도 오버되구요. 수정부탁드립니다,세로보기가 안되네요. 화면비율도 오버되구요. 수정부탁드립니다,4,저스틴즈,2021-01-19T01:53:08-07:00,yanadu,review,appstore,야나두,https://apps.apple.com/kr/app/id1539582420,2026-01-18T14:39:46.801161
가로모드 지원,"태블릿으로 야나두어플 사용중인데 영상재생되기전까지의 모든 모드가 세로모드밖에 지원이 안되어서 불편합니다~
가로모드 자동전환이 지원되었으면 좋겠습니다.",3,서기이이,2021-01-19T01:00:19-07:00,yanadu,review,appstore,야나두,https://apps.apple.com/kr/app/id1539582420,2026-01-18T14:39:46.801161
아이패드로 볼때 가로 지원,"아이패드로 야나두를 이용하고았습니다 불편한점이 동영상으로 볼때만 가로 지원이 되고 일반 화면은 세로로만 볼수있어 교재 다운받고 하려면 세로룰 들었다 가로로 했다 번거롭습니다.  
아이패드에서 동영상외 가로로 자동으로 볼수는 없나여??",1,에너자이져88,2021-01-18T23:08:03-07:00,yanadu,review,appstore,야나두,https://apps.apple.com/kr/app/id1539582420,2026-01-18T14:39:46.801161
장난하나요?,"왜 온라인으로 강의를 듣는지 모르나요? 
PC로 왜 강의를 못듣나요?
수강생 여러분 어디 한뜻으로 모여서 한마음 보여줄 방법없나요.",1,감초3138,2021-01-16T03:15:31-07:00,yanadu,review,appstore,야나두,https://apps.apple.com/kr/app/id1539582420,2026-01-18T14:39:46.801161
제육덮밥이 안돼요,"Ai 발음 테스트 매일하는데
한글로 된 제육덮밥 
잘 읽는데 인식을 못해오
화가 납니다",1,겜덜2,2021-01-11T04:20:43-07:00,yanadu,review,appstore,야나두,https://apps.apple.com/kr/app/id1539582420,2026-01-18T14:39:46.801161
아이패드 지원이 필요합니다..!,야나두 덕분에 영어 실력이 많이 늘었습니다. 정말 감사하지만.. 아이패드 UI지원이 되지 않아서 너무 불편해요 ㅠㅠ,3,타이번,2021-01-09T01:36:50-07:00,yanadu,review,appstore,야나두,https://apps.apple.com/kr/app/id1539582420,2026-01-18T14:39:46.801161
핸드폰으로 보면 강의가 끊겨서 패드로 봅니다 확인 부탁드려용,"리뷰 쭉 보다가 저랑 비슷한 사례를 봤어요. 
네트워크 상태를 확인 후 재시도 하라고 계속 뜨면서 끊기네요. 
확인 한번 해보는게 좋지 않을까 싶습니다.
강의는 너무 좋습니다. 잘 듣고 따라 말하고 있습니다ㅎㅎ 열심히 해보려구요.",4,꽁순🌸,2021-01-08T08:12:13-07:00,yanadu,review,appstore,야나두,https://apps.apple.com/kr/app/id1539582420,2026-01-18T14:39:46.801161
일반앱이랑 2.0버전이랑 두개 다 깔아야 하나요??,아니면 이거만 깔면 되나요?,5,푸쩌핸접,2021-01-07T01:29:02-07:00,yanadu,review,appstore,야나두,https://apps.apple.com/kr/app/id1539582420,2026-01-18T14:39:46.801161
가로세로 UI 개선해주세요!!!,"새로운 어플로 업데이트 해주신건 감사한 일이고,
AI기능 너무 좋은데 ㅠㅠ 
어플의 기능적으로 개선 될 사항을 한번 더 체크해주세요!

강의 동영상은 무조건으로 가로고정으로 해두면서
이 외 모든 강의 목록 등 세로고정으로 ㅠㅠ
모든 UI 자동회전으로 가능하게 해주세요.....

출석체크도 강의를 듣지 않아도 어플만 켜면 자동 출석 횟수 인정되더라구요...
결정적으로 하나의 강의를 다 들어도 강의완료 자동으로 변경이 안됩니당
두번이나 정주행을 해도 강의완료로 안바뀌고,
제가 일부러 그냥 재생바를 땡겨서 끝내면 강의완료로 바껴욬ㅋㅋㅋㅋ

듣고있던 강의의 다음 강의를 바로 볼 수있게 해주세요ㅠㅠ
오늘의 학습목표는 제가 듣고있던 강의와 전혀 다른게 자꾸 떠요...
레벨 별 순차적으로 듣고싶어요ㅠㅠ

이 외에도 다른 문제점들은 다른 리뷰가 있더라구용...
고생해주셔서 감사합니당!",4,더팬다팬,2021-01-06T01:00:03-07:00,yanadu,review,appstore,야나두,https://apps.apple.com/kr/app/id1539582420,2026-01-18T14:39:46.801161
....,영어 공부를 시작할려고 등록했는데 pc가 불가능하는건.... 모든 사람이 테블릿pc가 있는 것도 아니고 폰이 작은 사람들에게는 시력저하에다가 집중력도 떨어지고 조그만한 화면에 공부할생각에 .... pc를 가능하게 해주었으면 해요,1,아이에이오,2020-12-30T00:11:09-07:00,yanadu,review,appstore,야나두,https://apps.apple.com/kr/app/id1539582420,2026-01-18T14:39:46.801161
아이패드 가로로 되는것도 해주세요,강의는 가로로 되는데 들어가서 어플은 새로로 바뀌는게 불편해요,5,lemonsugar2,2020-12-28T00:01:35-07:00,yanadu,review,appstore,야나두,https://apps.apple.com/kr/app/id1539582420,2026-01-18T14:39:46.801161
가로 화면 지원,"아이패드에서 강의 듣고 있는데, 빠른 시일 내에 가로 화면 버전도 지원해줬으면 좋겠어요 ㅠㅠㅠ",4,네가내눈엔더불쌍해,2020-12-27T04:34:38-07:00,yanadu,review,appstore,야나두,https://apps.apple.com/kr/app/id1539582420,2026-01-18T14:39:46.801161
야나두 2.0과 야나두 차이점,"야나두 2.0이 생겨서 다운로드했는데 
기존 야나두 앱은 이제 이용안하는건가오??

기존 앱에 있던 강의가 2.0에는 안뜨는데 어떻게 되는건가요??",1,패토포쿠료쿠,2020-12-25T20:24:41-07:00,yanadu,review,appstore,야나두,https://apps.apple.com/kr/app/id1539582420,2026-01-18T14:39:46.801161
야나두 재생 오류,"강의를 재생.할려고 하면 ‘서버와 통신이 불안정합니다.
네트워크 상태를 확인 후 다시 재생 시도해주세요’
라고 뜨면서 재생이 안됩니다.
핸드폰 인터넷은 문제가 없는거 같은데 오류 고치는 방법 있나요?",3,doggi53,2020-12-17T02:37:10-07:00,yanadu,review,appstore,야나두,https://apps.apple.com/kr/app/id1539582420,2026-01-18T14:39:46.801161
평생수강권 연장 후,"평생수강권 연장 후 예전 어플로 돌아갑니다
11월 23일 이후인데 왜 이런 건가요?",3,몽상가쏘,2020-12-16T07:45:44-07:00,yanadu,review,appstore,야나두,https://apps.apple.com/kr/app/id1539582420,2026-01-18T14:39:46.801161
운전중 사용하고 싶은데 방법이 없나요?,"핸폰을 네비로 쓰다보니
음성만 듣거나
세로 모드 또는 팝업모드 PIP(창모드)로
사용하고 싶은데
지금은 전체화면에 무조건 가로만되네요?",3,Windigokhan,2020-12-14T20:54:47-07:00,yanadu,review,appstore,야나두,https://apps.apple.com/kr/app/id1539582420,2026-01-18T14:39:46.801161
강의 재생이 안됩니다...,야나두 기초영어 평생수강을 끊고 핸드폰 어플을 통해 강의를 들으려고 하니 ‘wifi가 아닌 이동통신망에 접속된 상태에서는 별도의 데이터 통화료가 부과될 수 있습니다’ 라고만 뜨고 확인을 눌러도 영상 재생이 안됩니다. 제가 사정상 wifi를 쓸 수 없는 사정이라 데이터로만 봐야되는데 어떻게 햐야되는지 모르겠습니다. 데이터는 부족하지 않은 상태구요...,3,ahn37,2020-12-14T02:43:24-07:00,yanadu,review,appstore,야나두,https://apps.apple.com/kr/app/id1539582420,2026-01-18T14:39:46.801161
야나두 너무 좋아요~!~!,"영어회화는 야나두가 탑인 것 같네요! 평생수강 서비스도 매우 유용하고, 문의에 대한 답변이나 서비스 측면에서도 굉장히 친절하십니다~ 앱이 새롭게 개발됐다고 해서 다운받았는데 기존보다 더 세세하고 깔끔해진 것 같아서 좋아요!",5,⭐️name,2020-12-04T08:36:07-07:00,yanadu,review,appstore,야나두,https://apps.apple.com/kr/app/id1539582420,2026-01-18T14:39:46.801161
기존수강생은못씁니다,"수강하기 눌렀더니 예전 어플로돌아가네요 ㅋㅋㅋㅋ와 
ai에 혹해서 깔았더니 ㅋㅋㅋ어플로 수강생을 차별하네",1,지지방구,2020-11-29T19:42:44-07:00,yanadu,review,appstore,야나두,https://apps.apple.com/kr/app/id1539582420,2026-01-18T14:39:46.801161
튕깁니다,"잘 되다가 중간에 튕겨서 다시 들어갑니다.
더 짜증나는건, AI 발음 채점이 계속 안 먹혀요. 영어발음 잘 맞춰서 하는데 아무리 반복해서 똑같이 발음해도 계속 채점이 안 되고 빨간줄이 쳐져요. 하다가 하다가 짜증나서 의욕상실.. 아니면 이렇게 계속 반복해서 말하게 만드는게 목표인건가..요??",3,yayacoffee,2020-11-26T03:04:38-07:00,yanadu,review,appstore,야나두,https://apps.apple.com/kr/app/id1539582420,2026-01-18T14:39:46.801161
기존에 야나두를 하던 사람들은 2.0을 못쓰나요?,"기존에 야나두를 하던 사람들은 2.0을 못쓰나요?
2.0에 접속해도 아무것도 없고 
내 강의실 누르니 이전 어플로 들어가네요",1,Quasar215,2020-11-26T01:11:21-07:00,yanadu,review,appstore,야나두,https://apps.apple.com/kr/app/id1539582420,2026-01-18T14:39:46.801161
아이패드이용 뒤로가기 왜 안눌리죠,모든 페이지에서 뒤로가기가 작동을 안합니다. 기기는 아이패드 프로3입니다,1,우나스모네스,2020-11-26T00:59:44-07:00,yanadu,review,appstore,야나두,https://apps.apple.com/kr/app/id1539582420,2026-01-18T14:39:46.801161
야나두 2.0?,야나두 2.0이 뭔가 했더니 더 좋게 바뀌었네요 특히 말해볼 수 있는 기능이 많이 추가되어서 더 좋은 것 같아요!,5,hmyun2,2020-11-22T22:12:49-07:00,yanadu,review,appstore,야나두,https://apps.apple.com/kr/app/id1539582420,2026-01-18T14:39:46.801161
수강관리하기 엄청 좋아졌네요.,"인터페이스도 깔끔하고, 다시 공부할맛 납니다!
좋아요, 감사합니다.",5,강남대로무법자,2020-11-22T18:29:39-07:00,yanadu,review,appstore,야나두,https://apps.apple.com/kr/app/id1539582420,2026-01-18T14:39:46.801161
야나두 2.0 넘나리 기대됩니당,"AI로 더 새롭게 진화한 2.0 완전 궁금해욬ㅋㅋㅋ 우선 설치해보니 체험판 강의도 있네요?_? (대박) 

일단은 앱 실행 시 나오는 너두 할 수 있어 문구 보며 파이팅 각오부터 시작합니당! ㅎㅎㅎ",5,Jiiiiin Jobs,2020-11-22T18:06:24-07:00,yanadu,review,appstore,야나두,https://apps.apple.com/kr/app/id1539582420,2026-01-18T14:39:46.801161
깔끔해졌네요,뭔가 더 깔끔해지고 부드러워진 것 같아요,5,딘듀킴,2020-11-22T18:01:53-07:00,yanadu,review,appstore,야나두,https://apps.apple.com/kr/app/id1539582420,2026-01-18T14:39:46.801161
엄청 많이 바꼈어요!,디자인도 너무 이쁘고 많이 편해졌어요!,5,클란심,2020-11-22T18:00:51-07:00,yanadu,review,appstore,야나두,https://apps.apple.com/kr/app/id1539582420,2026-01-18T14:39:46.801161
굿,굿,4,신도워ㅜㄴ,2026-01-14T19:01:45-07:00,yanadu,review,appstore,시원스쿨,https://apps.apple.com/kr/app/id1596846159,2026-01-18T14:39:50.685356
최고예요!!,시원스쿨앱으로 토익강의 잘 듣고 있습니다. 시원스쿨 짱!!,5,아기뀨우엉니,2026-01-11T23:57:52-07:00,yanadu,review,appstore,시원스쿨,https://apps.apple.com/kr/app/id1596846159,2026-01-18T14:39:50.685356
그냥 개쓰레기 앱,"배속으로 하면 튕기고, 재생속도 조절도 귀찮게 만들었고, 와이파이 잘 터지는데도 재생 안됨. 다운로드 한 영상도 재생 안됨. 유선 이어폰 정지 버튼 인식도 못해서 일일이 터치해서 일시 정지 해야함.
화가 머리 끝까지 나는 앱",1,aaasdqwaxssz,2026-01-04T01:03:32-07:00,yanadu,review,appstore,시원스쿨,https://apps.apple.com/kr/app/id1596846159,2026-01-18T14:39:50.685356
좋아요오,좋아요오,5,좆냥이,2025-12-28T03:28:56-07:00,yanadu,review,appstore,시원스쿨,https://apps.apple.com/kr/app/id1596846159,2026-01-18T14:39:50.685356
좋아여,좋아여,5,An1424,2025-12-27T05:09:08-07:00,yanadu,review,appstore,시원스쿨,https://apps.apple.com/kr/app/id1596846159,2026-01-18T14:39:50.685356
소셜 로그인 안됨,앱에서 네이버 소셜 로그인 누르면 웹 페이지로 이동하는데 로그인 안되어있음. 회원가입 눌러도 이미 로그인되어있다는데 어떻게 이용하라는걸까?,1,2짛,2025-12-11T05:17:09-07:00,yanadu,review,appstore,시원스쿨,https://apps.apple.com/kr/app/id1596846159,2026-01-18T14:39:50.685356
첫 토익인강,처음으로 토익준비 해보는데 사이트도 복잡하지 않고 전체적으로 깔끔하면서 강의도 너무 좋아서 완전 만족이예요. 열심히 해보겠습니당.,5,쁑뿅쁑뿅뿅쁑,2025-12-04T23:10:22-07:00,yanadu,review,appstore,시원스쿨,https://apps.apple.com/kr/app/id1596846159,2026-01-18T14:39:50.685356
서아쌤짱><,11월 30일 토익보고 멘붕와서 수강신청했는데 너무너무 양질의ㅡ강의에요ㅠㅠ 최고,5,Hoguri,2025-12-02T21:46:16-07:00,yanadu,review,appstore,시원스쿨,https://apps.apple.com/kr/app/id1596846159,2026-01-18T14:39:50.685356
진짜 리뷰 안쓰는데,"짜증나서 쓰러옴 뭔 프로필을 입력해야지 수업이 열리는데다 50글자나 입력하라고 지랄이야 짜증나게, 50자 넘으면 넘는다고 지랄 안 넣으면 안넣는다고 안넘어가고 프로필명도 숫자 한글 영어 중에 넣으라고 지랄 6글자 넘으면 넘는다 지랄 진짜 없애라",1,ㅋ타라니니러쥬비에패규,2025-12-02T19:50:53-07:00,yanadu,review,appstore,시원스쿨,https://apps.apple.com/kr/app/id1596846159,2026-01-18T14:39:50.685356
스터디 부분 개선돼서 좋네요,굿 잘쓰는중,5,Aaaarafek,2025-12-02T00:54:16-07:00,yanadu,review,appstore,시원스쿨,https://apps.apple.com/kr/app/id1596846159,2026-01-18T14:39:50.685356
최악이에요,"맨날 학습중인강의는 83일 전이라고 뜨고;(어제 들었는데) 누르면 렉걸려서 안 넘어가고 강의 누르면 오디오 목록은
어떨 땐 뜨고 어떨 땐 안 뜨고 하. 공부하기도 전부터 앱 때문에 스트레스 받아요",1,yuri7376,2025-11-22T02:03:43-07:00,yanadu,review,appstore,시원스쿨,https://apps.apple.com/kr/app/id1596846159,2026-01-18T14:39:50.685356
쓰기 크게 불편한 오류가 있네요.,강의를 보다가 잠깐 다른 어플 넘어갔다 다시 넘어오면 종종 강의가 처음 구간으로 리셋되는 경우가 있습니다. 보고있던 구간으로 다시 넘어가도 불편합니다. 위 오류는 고쳐졌으면 좋겠어요,3,Молодец Кореец,2025-11-14T18:16:32-07:00,yanadu,review,appstore,시원스쿨,https://apps.apple.com/kr/app/id1596846159,2026-01-18T14:39:50.685356
Really good!,정말 많은 강좌 중에서 나에게 필요한 강좌가 무엇인지 따라가볼 수 있는 커리큘럼대로 학습할 수 있어요. 화이팅,5,쌈군입니다,2025-11-12T20:08:36-07:00,yanadu,review,appstore,시원스쿨,https://apps.apple.com/kr/app/id1596846159,2026-01-18T14:39:50.685356
서아쌤 최고,ㅈㄱㄴ,5,빔BIM,2025-11-07T22:01:56-07:00,yanadu,review,appstore,시원스쿨,https://apps.apple.com/kr/app/id1596846159,2026-01-18T14:39:50.685356
일본어초급회화,재미있고 강의가 쏙쏙들어와요,5,사계향기,2025-11-06T19:43:55-07:00,yanadu,review,appstore,시원스쿨,https://apps.apple.com/kr/app/id1596846159,2026-01-18T14:39:50.685356
로그인 10번째,로그인만 몇번을 하는건지 로그인이 안돼요.,1,이직준비,2025-10-31T01:45:23-07:00,yanadu,review,appstore,시원스쿨,https://apps.apple.com/kr/app/id1596846159,2026-01-18T14:39:50.685356
좋아요!!!!,공부하기 참 좋아요,5,SeseIsa,2025-10-30T15:28:24-07:00,yanadu,review,appstore,시원스쿨,https://apps.apple.com/kr/app/id1596846159,2026-01-18T14:39:50.685356
계속 변조된 기기에서는 사용할 수 없다고 떠요.,아예 앱을 접속할 수가 없어요.,1,곱대창,2025-10-30T10:32:19-07:00,yanadu,review,appstore,시원스쿨,https://apps.apple.com/kr/app/id1596846159,2026-01-18T14:39:50.685356
청해,학원을 5게월 다녀봤지만 별로 도움이 안되어 몇일전 시원스쿨 구입했는데 수업내용읊기억하고 다시 들으면서 내용을 익힐수 있어 너무 좋내요,5,아삿떼,2025-10-30T05:01:00-07:00,yanadu,review,appstore,시원스쿨,https://apps.apple.com/kr/app/id1596846159,2026-01-18T14:39:50.685356
개선되어서 좋아요!,"예전에 인강 태블릿으로 이용시 스페이스바 일시정지 되었으면 한다라고 했었는데 이제 되는군요! ㅎㅎ 
읽어주시고 개선해주셔서 감사합니다!",5,천하무적순택이,2025-10-27T07:35:17-07:00,yanadu,review,appstore,시원스쿨,https://apps.apple.com/kr/app/id1596846159,2026-01-18T14:39:50.685356
괘찬음,나쁘지 않음,5,왕맛,2025-10-25T02:40:45-07:00,yanadu,review,appstore,시원스쿨,https://apps.apple.com/kr/app/id1596846159,2026-01-18T14:39:50.685356
아이패드 가로모드 전체화면 문제,아이패드에서 가로모드 사용시 영상 전체화면진입에 문제가 있는 것 같습니다. 이부분은 꼭 수정 부탁드립니다.,5,mrmoon22,2025-10-24T22:52:41-07:00,yanadu,review,appstore,시원스쿨,https://apps.apple.com/kr/app/id1596846159,2026-01-18T14:39:50.685356
언어공부하기 적합한 앱이네요,말그대로 좋아요~,5,욱99,2025-10-14T04:43:27-07:00,yanadu,review,appstore,시원스쿨,https://apps.apple.com/kr/app/id1596846159,2026-01-18T14:39:50.685356
내돈내산 강의 시작,쎄미샘의 강의가 귀에 쏙쏙쏙~~ 들어와요. Vamos~~,5,1월생,2025-10-11T07:12:48-07:00,yanadu,review,appstore,시원스쿨,https://apps.apple.com/kr/app/id1596846159,2026-01-18T14:39:50.685356
"강의화면 중앙에 앞,뒤,재생 표시가 계속 있음","강의를 듣다가 하단의 스크롤을 이용해서 뒷부분을 다시 들을 때 화면중앙의 앞,뒤,재생 표시가 사라지지 않아 강의를 보기가 어려워요",3,허나지니3652,2025-10-09T01:43:32-07:00,yanadu,review,appstore,시원스쿨,https://apps.apple.com/kr/app/id1596846159,2026-01-18T14:39:50.685356
영상 플레이어 오류,영상 플레이어를 아이패드로 재생할 때 계속해서 재생버튼과 여러 인터페이스 버튼이 사라지지 않고 영상을 덮고 영상은 검게 어두워져 영상을 시청할 수 없는 오류가 있습니다 심각한 오류인 만큼 조속히 해결 부탁드립니다,1,인생은업힐,2025-10-06T02:27:53-07:00,yanadu,review,appstore,시원스쿨,https://apps.apple.com/kr/app/id1596846159,2026-01-18T14:39:50.685356
미션 클리어하는 재미가 있네요,하루 2-3강 들으며 루틴화 시키는 중입니다:-),5,Casa_verver,2025-10-01T06:35:20-07:00,yanadu,review,appstore,시원스쿨,https://apps.apple.com/kr/app/id1596846159,2026-01-18T14:39:50.685356
아직까지는,괜찮은데 계속 써봐야지,3,딘따루 쥐긴다고오...,2025-09-23T06:42:05-07:00,yanadu,review,appstore,시원스쿨,https://apps.apple.com/kr/app/id1596846159,2026-01-18T14:39:50.685356
연결 불안정,"강의를 들으려고 앱을 실행하면 계속 DRM라이센스가 없고, 접근 권한이 없고, 와이파이 연결이 불안정하고… 하면서 항상 연결이 지연돼서 불편해요… 와이파이 문제인가 해서 보면 빵빵하게 잘 연결되어 있고, 로그인 문제인가 해서 보면 로그인도 잘 되어있는데 도대체 왜 자꾸 연결이 불안정한건지.. 불안정한 서버 개선이 필요할 것 같습니다. 그리고 강의를 재생할 때마다 로딩이 생겨서 또 한참 기다렸다 강의를 들어야 하는 점도 불편합니다.",5,사용자124124124124124124124,2025-09-20T06:09:07-07:00,yanadu,review,appstore,시원스쿨,https://apps.apple.com/kr/app/id1596846159,2026-01-18T14:39:50.685356
좋아요!,굳,5,주햐기,2025-09-17T04:06:06-07:00,yanadu,review,appstore,시원스쿨,https://apps.apple.com/kr/app/id1596846159,2026-01-18T14:39:50.685356
시작!,어렵게 느껴졌던 영어 공부 이제 자신있게 시작할수 있을거 같다 ㅎ,5,연두보라,2025-09-16T22:40:06-07:00,yanadu,review,appstore,시원스쿨,https://apps.apple.com/kr/app/id1596846159,2026-01-18T14:39:50.685356
맞춤 커리큘럼도 앱 안에 있었으면 좋겠어요,"아이패드 기준으로 어플에 맞춤 커리큘럼이 없으니까 불편해요. 웹에서 당일 강의 목록 확인하고, 어플로 넘어와서 강의 보려고 하니 번거롭네요. 아예 웹에서 볼까 싶어서 틀어보니까 어플 아니면 안 틀어져서요. 뭐든 하나로 통일될 수 있게 만들어 주시면 감사하겠습니다. 강의는 아직 초반이긴 한데 유익하고 좋아요!",3,곽조식.,2025-09-14T01:08:05-07:00,yanadu,review,appstore,시원스쿨,https://apps.apple.com/kr/app/id1596846159,2026-01-18T14:39:50.685356
시원스쿨 앱,인강 잘 듣고 있어요:) 좋은 컨텐츠 감사해요!,5,곰돌뚜루뚜,2025-09-06T03:24:31-07:00,yanadu,review,appstore,시원스쿨,https://apps.apple.com/kr/app/id1596846159,2026-01-18T14:39:50.685356
수강후기 삭제,솔직한 리뷰들은 삭제하고 별5개만 남겨 놓음. 이럴꺼면 수강후기는 왜 운영하는지?,1,dbgko2,2025-08-22T18:32:51-07:00,yanadu,review,appstore,시원스쿨,https://apps.apple.com/kr/app/id1596846159,2026-01-18T14:39:50.685356
오랜만에 재강의 신청했는데…,엘바선생님 강의 정말 잘 하시네요. 추천입니다.,5,울스,2025-08-16T19:49:40-07:00,yanadu,review,appstore,시원스쿨,https://apps.apple.com/kr/app/id1596846159,2026-01-18T14:39:50.685356
히브리어 기초,배우기 쉬워요,5,뱃살장군행님아!!!,2025-08-14T00:49:40-07:00,yanadu,review,appstore,시원스쿨,https://apps.apple.com/kr/app/id1596846159,2026-01-18T14:39:50.685356
UI가 쓰레기입니다.,터치가 안먹을 때도 있고 렉도 조금 심합니다. 버벅임도 조금 있구요. UI개선이 시급해보입니다. 그리고 영상을 왜 720p로만 볼 수 있는거죠? 1080p나 1440p로는 시청이 불가능한건가요? 강의는 좋은데 앱이 이딴식이라 참..,1,DEIMØS,2025-08-13T23:08:34-07:00,yanadu,review,appstore,시원스쿨,https://apps.apple.com/kr/app/id1596846159,2026-01-18T14:39:50.685356
[필독] 어플 개선 시급,"정말 강의는 너무너무 좋습니다. 항상 시원스쿨만 이용했구요.
근데 어플이 너무 쓰레기입니다.
진짜 공부가 어려워서 보다 어플때문에 폰 던질뻔 한적이 너무 많습니다.

증상 : 보관함 저장하려했는데 이미 다운로드됬다고 저장이 안됨(소스가 꼬인거죠), 그냥 영상 재생이 안됨(10프로 확률)

대충 저는 이렇고 그외 불편한 점이 많은 분들도 상당하다고 알고있습니다.

정말 시원스쿨을 좋아하는 사용자로서 충고 하나 하겠습니다.
명강의 이미지 어플로 까먹지말고 개발자를 바꾸든 업데이트를 해서 버그를 최대한 줄이세요.

다른어플이었으면 리뷰도 안쓰고 걍 삭제했습니다.
예로부터 좋은 말만 하면 간신이고 싫은 말도 해야 충신인겁니다.

시원스쿨 파이팅!",3,misnik98,2025-07-31T19:13:59-07:00,yanadu,review,appstore,시원스쿨,https://apps.apple.com/kr/app/id1596846159,2026-01-18T14:39:50.685356
데스크탑보다 나음,이 앱으로 더 듣어봐야 도움이 되는지 도움이 되지 않는 지 알겠지만 수동으로 매번 눌러줘야 강의를 듣을 수 있었던 데스크탑과 달리 앱은 자동으로 진행되어 진도를 강제로 빼는데 굉장한 도움을 줌,5,허뿌꾸,2025-07-25T05:44:42-07:00,yanadu,review,appstore,시원스쿨,https://apps.apple.com/kr/app/id1596846159,2026-01-18T14:39:50.685356
앱이 왜 더 퇴보했나요?,"19년도부터 프랑스어, 이탈리아어 인강을 잘 활용해왔었고 몇년만에 스페인어에 관심이 생겨 최근 결제를 했는데 오랜만에 오니 앱이 바뀌었더라구요? 근데 너무 불편해서 미치겠네요. 뒤로가기 버튼도 잘 안 먹는 것 같고  사용자 인터페이스도 기존 앱에 비해 엉망인 것 같습니다. 솔직한 심정으로 이전 언어 강의들에 대한 경험으로 시원스쿨에 대한 신뢰가 있음에도 새로운 앱으로 이틀정도 사용해보니 환불 욕구가 들 지경입니다.",1,printemps00,2025-07-20T05:30:53-07:00,yanadu,review,appstore,시원스쿨,https://apps.apple.com/kr/app/id1596846159,2026-01-18T14:39:50.685356
불편해요,강의 일시정지 후에 다시 재생이 안됨. 앱 자체를 껐다 켜야 하는데 너무 불편함.,2,뿌뿝뿌ㅃ,2025-07-20T01:33:06-07:00,yanadu,review,appstore,시원스쿨,https://apps.apple.com/kr/app/id1596846159,2026-01-18T14:39:50.685356
로딩,영상을 트는데 로딩이 너무 심해요 진짜 화나요 진짜 하;;;;,1,ㅋㅎㅋㅅ22,2025-07-18T00:06:51-07:00,yanadu,review,appstore,시원스쿨,https://apps.apple.com/kr/app/id1596846159,2026-01-18T14:39:50.685356
만족,만족합니다.,5,아데산야7,2025-07-17T08:11:25-07:00,yanadu,review,appstore,시원스쿨,https://apps.apple.com/kr/app/id1596846159,2026-01-18T14:39:50.685356
좋아요,편하고 좋습니다,5,아니보리,2025-07-16T16:00:05-07:00,yanadu,review,appstore,시원스쿨,https://apps.apple.com/kr/app/id1596846159,2026-01-18T14:39:50.685356
굿~~,알아 듣기 쉬워요~~^^,5,살맛나는걸,2025-07-14T00:41:12-07:00,yanadu,review,appstore,시원스쿨,https://apps.apple.com/kr/app/id1596846159,2026-01-18T14:39:50.685356
베트남어가 안되면 시원스쿨 닷컴,너무너무너무 좋아요,5,등카노노,2025-07-13T03:42:40-07:00,yanadu,review,appstore,시원스쿨,https://apps.apple.com/kr/app/id1596846159,2026-01-18T14:39:50.685356
짱이에요,좋습니다,5,토린이444,2025-07-10T23:29:34-07:00,yanadu,review,appstore,시원스쿨,https://apps.apple.com/kr/app/id1596846159,2026-01-18T14:39:50.685356
예전앱 보다 나아졌네요,"예전앱 보다 속도가 빨라졌어요, 근데 10초 건너뛰기와 뒤로가기가 버벅임이 심해요 ㅠㅠ",4,소울22,2025-07-08T17:43:28-07:00,yanadu,review,appstore,시원스쿨,https://apps.apple.com/kr/app/id1596846159,2026-01-18T14:39:50.685356
실망스러운 앱 퀄리티,"시원스쿨이 좋은 강의를 제공하는것과 별개로 해당 앱은 너무 허접합니다. 일단 가장 문제인건 영상 시청 중 좌 상단 뒤로가기 버튼.. 버튼크기가 무슨 모기만한건지 누를때마다 버튼 뒤의 화면을 누른걸로 인식해서 버튼이 사라짐.. 한 다섯번정도 집중해서 눌러야 뒤로가기 가능.. 그리고 다른 버튼도 누르면 조금씩 끊기는거 너무 거슬립니다. 또 내부 구성이 굉장히 혼잡한데, 강의를 얼마나 봤는지, 어디서 보는지, 스터디같은 기능은 제대로 작동도 안하는데 왜있는건지 등 화면 자체가 지저분해서 다른 인강 시청 어플하고 너무 비교되네요.",1,탐탐탐탐탐12,2025-07-02T00:58:13-07:00,yanadu,review,appstore,시원스쿨,https://apps.apple.com/kr/app/id1596846159,2026-01-18T14:39:50.685356
제이크쌤 첫강의,"워낙 유명하신 강사님이라 기대하고 시작했는데 
약시나 쉽고 간결하게 알려주시는 강의 👍👍
성실하게 듣고 좋은 점수 받고싶어요 !",5,aarr0909,2025-06-23T07:33:59-07:00,yanadu,review,appstore,시원스쿨,https://apps.apple.com/kr/app/id1596846159,2026-01-18T14:39:50.685356
일단 해커x보다 쉽게 공부가능,일단 어플도 너무 쉽게 되어있고 공부도 타사보다 좋네요,5,wpm.d.km,2025-06-21T22:38:01-07:00,yanadu,review,appstore,시원스쿨,https://apps.apple.com/kr/app/id1596846159,2026-01-18T14:39:50.685356
배속으로 들으면 수강 처리 안 되는 게 좀 불편해요,다 좋은데 딱 하나가 좀 불편해요.. 원속도는 저한테 너무 느려서 항상 1.25나 1.5 배속으로 강의를 듣는데 이러면 수강 처리가 안 되고 퍼센테이지도 안 늘어요.. 강의를 다 들었는데 전체 수강 현황이 0%로 뜨니까 괜히 동기부여도 안 되고 너무 불편합니다ㅜ,4,여우고앵,2025-06-20T21:12:15-07:00,yanadu,review,appstore,시원스쿨,https://apps.apple.com/kr/app/id1596846159,2026-01-18T14:39:50.685356
앱이 사용하기 편리합니다.,편의성 좋은 앱으로 강의 잘 수강하였습니다.,5,필둥두루우,2025-05-23T03:11:46-07:00,yanadu,review,appstore,시원스쿨,https://apps.apple.com/kr/app/id1596846159,2026-01-18T14:39:50.685356
강의는 최고만족 앱은 최악,"프랑스어 패키지 수강중. 유툽에서 샘플강의 보고 좋아보여서 하루 체험해보고 아예 1년 수강권 끊었음. 강의는 정말 너무좋음. 교재도 있어서 듣기만 하는 게 아니라 교재랑 함께 공부 제대로 집중해서 할 수 있는 것도 좋음. 하지만 앱 기능은 심각하게 떨어짐. 기기도 등록했고 자동로그인 설정도 해 뒀는데 로그인을 자주 다시해야 함. 어플을 닫지 않고 뒀다가 나중에 돌아갔는데도 이럴 때도 있음. 요즘 다른 데 다 하는 얼굴인식이 되는 것도 아니고, 매번 로그인을 다시 해야 하고 안 그래도 구동 느린 앱에서 다시 강의 선택해서 가는 게 너무 짜증남. 오늘 강의 시청중에 피드백을 묻길래 이 내용을 보냈음.    피드백 제출하고 강의 다시 재생하려는데 다시 로그인 화면이 뜸 ㅋㅋㅋㅋ 아 ㅋㅋ 자동로그인 매번 활성화 하면 뭐하냐구요. 참고로 아이패드 에어 M2 로 기기는 최신형임. 장비탓이 아님. 앱 개선 제발좀.",1,Amazing Brie,2025-05-03T09:08:45-07:00,yanadu,review,appstore,시원스쿨,https://apps.apple.com/kr/app/id1596846159,2026-01-18T14:39:50.685356
좋아요,강의 찾기 쉽고 좋아요,5,나두영어,2025-04-27T22:33:59-07:00,yanadu,review,appstore,시원스쿨,https://apps.apple.com/kr/app/id1596846159,2026-01-18T14:39:50.685356
편해요,"배속으로 들으면 끝까지 들어도 강의 완강 표시는 뜨지 않고 80%수강이라고 나오네요
그 외에 전체적인건 다 좋습니더",4,레오도이치,2025-04-16T21:42:07-07:00,yanadu,review,appstore,시원스쿨,https://apps.apple.com/kr/app/id1596846159,2026-01-18T14:39:50.685356
좋아요,좋아요,5,츤천천,2025-04-08T08:08:07-07:00,yanadu,review,appstore,시원스쿨,https://apps.apple.com/kr/app/id1596846159,2026-01-18T14:39:50.685356
..,강의듣다가 리뷰쓰라고 앱스토어 띄우는건 좋지 않은 듯,1,ㄲㄲㄲㄲㅃㅃㅃㅃ,2025-04-07T00:14:51-07:00,yanadu,review,appstore,시원스쿨,https://apps.apple.com/kr/app/id1596846159,2026-01-18T14:39:50.685356
큰 화면으로 볼 수 있게끔 tv어플로도 나왔으면 좋겠어요,"태블릿, 휴대폰으로도 잘 듣고있긴 합니다만 
유튜브나 넷플릭스처럼 티비에서 리모콘으로 조작하여 시원스쿨 강의를 들을 수 있다면 너무 행복할 것 같아요",4,물개행복이,2025-04-05T03:35:24-07:00,yanadu,review,appstore,시원스쿨,https://apps.apple.com/kr/app/id1596846159,2026-01-18T14:39:50.685356
좋아요,끊김없이 잘 됩니다! 테블릿으로도 보고 핸드폰으로도 잘 사용하고 있어요~ 시원스쿨 스페인어 짱짱👍🏻👍🏻,5,이야이오야,2025-04-04T01:54:07-07:00,yanadu,review,appstore,시원스쿨,https://apps.apple.com/kr/app/id1596846159,2026-01-18T14:39:50.685356
이따구로,"만드실건가요?? 아래 아이콘도 안떠 
제대로 접속도 안되고 느리고 답답하기만 하네요. 공부할려는데 이런 거까지 신경 써야하나요? 
관리 좀 하세요",1,사랑은은하수다리를건너,2025-04-03T18:08:41-07:00,yanadu,review,appstore,시원스쿨,https://apps.apple.com/kr/app/id1596846159,2026-01-18T14:39:50.685356
후기,듣기 매우 편합니다,5,최하르,2025-04-02T17:27:31-07:00,yanadu,review,appstore,시원스쿨,https://apps.apple.com/kr/app/id1596846159,2026-01-18T14:39:50.685356
최유리 왕초보 일본어,쏙쏟 들어오고 쉽게 배워진다.,5,왕왕구덕,2025-04-02T09:25:18-07:00,yanadu,review,appstore,시원스쿨,https://apps.apple.com/kr/app/id1596846159,2026-01-18T14:39:50.685356
터치가 ㅈㄴ 안되서 개열받음,무엇보다 신형 아이패드고 다른건 다 잘 되는데 강의듣다가 일시정지버튼이 ㅈㄴ 안 눌려서 한 세번은 해야 되는데 이건 좀 짜증나네요,1,OnlyStar-bisu,2025-03-28T00:43:59-07:00,yanadu,review,appstore,시원스쿨,https://apps.apple.com/kr/app/id1596846159,2026-01-18T14:39:50.685356
네이버 로그인 에러,"네이버 로그인이 되지 않아요
다른 앱은 다 눌러지는데
네이버만 눌러도 팝업이 안뜨고 반응이 없네요.",5,Dhdbfl,2025-03-24T07:45:26-07:00,yanadu,review,appstore,시원스쿨,https://apps.apple.com/kr/app/id1596846159,2026-01-18T14:39:50.685356
강의 도중 팝업 좀 ;;,강의 마지막쯤에 이해했냐고 팝업 뜨는 것 좀 없애주세요. 너무 성가셔요,1,임루빈,2025-03-18T08:15:29-07:00,yanadu,review,appstore,시원스쿨,https://apps.apple.com/kr/app/id1596846159,2026-01-18T14:39:50.685356
더 빨리 알았으면,다양하게 영어공부를 시도해봤지만 말이 안나와 좌절하고 포기하려는 순간 유튜버를 통해 알게 되었는데 더 빨리 알았으면 더 좋았겠단 생각이 들더라고요이제라도 말하는 연습을 직접 하는 방법을 알게 되어 너무 좋고 열심히 해볼려고 합니다,5,Bong Hee,2025-03-17T01:46:56-07:00,yanadu,review,appstore,시원스쿨,https://apps.apple.com/kr/app/id1596846159,2026-01-18T14:39:50.685356
어플 때문에 다신 시원스쿨 결제 안할지도,"앱 개발자분들의 노고는 알겠으나, 전에 쓰던 어플과 비교했을 때 새로 나온 어플의 좋은 점이 뭔지 하나도 모르겠습니다. 오히려 불편합니다. 특히 강의이해ai팝업은 왜 넣은 건지 의문입니다. 유튜브 볼 때 1~2초 렉걸리는 것도 한국인한테는 스트레스인데, 선생님이 한참 강의하고 있을 때 3초가 넘는 정지시간은 왜 넣은건지 모르겠습니다. 또 강의노트 키면 화면이 작아지는 것도 정말 끔찍합니다. 전의 어플 처럼 옆쪽으로 배치해서 화면과 노트의 비율을 맞춰주는게 베스트인데 어째서 노트를 아래쪽으로 배치했는지 이것 또한 모르겠습니다. 전체적인 디자인 미감도 전의 어플에 비해 투박하고 커다래서 이용자 입장에서는 전의 어플로 되돌려달라고 읍소하고 싶은 상황입니다. 제발 전의 어플처럼 실용적이고 간단하게 어플 바꿔주세요.",1,ㅇㅇㅇ흁,2025-03-16T07:20:23-07:00,yanadu,review,appstore,시원스쿨,https://apps.apple.com/kr/app/id1596846159,2026-01-18T14:39:50.685356
돈내고 강의듣는건데,돈내고 강의듣는건데 무슨 이런 렉 계속 걸리고 화질 설정도 없고; 720이 기본으로 깔려있고 .. 유튜브로 강의 짧게 보다가 좋아서 강의 끊은건데 진짜 어플이 이지경이라서 공부하기가 빡쳐요 진짜 아니면 그냥 사이트로 강의 들을수 있게 해주던지요. 어플 안깔면 재생도 못하는데 진짜 .........짜증나네,1,조항요여요,2025-03-14T04:39:59-07:00,yanadu,review,appstore,시원스쿨,https://apps.apple.com/kr/app/id1596846159,2026-01-18T14:39:50.685356
영상 재생 중 팝업,"강의 듣는 중에 일일 미션 성공했다는 팝업이나 ,강의 이해했냐는 팝업이나, 만족하냐눈 팝업 제발 좀 없애주세요. 강의 집중 안되게 뭐하는 겁니까? 그리고 어플이랑 인터넷 연동되게 만들어주세요. 컴퓨터로 로그인하고 강의 들었는데 일일 미션 인정 안되는 건 뭡니까?",3,애플브레이커,2025-03-14T03:29:13-07:00,yanadu,review,appstore,시원스쿨,https://apps.apple.com/kr/app/id1596846159,2026-01-18T14:39:50.685356
강의 잘 듣고 있습니다,좋은 강의 만들어주셔서 감사합니다,5,로그0257,2025-03-14T00:56:46-07:00,yanadu,review,appstore,시원스쿨,https://apps.apple.com/kr/app/id1596846159,2026-01-18T14:39:50.685356
불편,"일시정지, 배속 등등 터치가 너무 불편함, 터치해도 잘 되지도 않고 여러번 눌러야 해서 열받음 리뷰 보니까 다들 비슷하게 느끼는거 같은데 언제 개선되는거임…? 요즘 터치 안되는 어플이 어디있냐고요..",1,스쿨랩,2025-03-07T23:02:36-07:00,yanadu,review,appstore,시원스쿨,https://apps.apple.com/kr/app/id1596846159,2026-01-18T14:39:50.685356
권진영쌤 강의 우연히 듣다 입문했습니다,정말 잘가르쳐 주십니다 강력 추천 합니다 팬 될거 같에요 ㅠㅠ,5,Kamicina,2025-03-05T03:38:13-07:00,yanadu,review,appstore,시원스쿨,https://apps.apple.com/kr/app/id1596846159,2026-01-18T14:39:50.685356
서경원 선생님,이해하기 쉽게 상세한 설명 감사합니다 남은 3개월 기대됩니다,5,어학공부중,2025-03-03T01:11:57-07:00,yanadu,review,appstore,시원스쿨,https://apps.apple.com/kr/app/id1596846159,2026-01-18T14:39:50.685356
기능 추가,다 좋은데 재생속도랑 스킵시간 엑스 말고 화면 다른 쪽 눌러도 꺼지게 해주세요 일일이  x누르기 번거롭습니다 그리고 유튜브처럼 꾸욱 누르면 두배속 되는 기능도 설정해주세요,5,호이짜호이,2025-02-25T07:41:39-07:00,yanadu,review,appstore,시원스쿨,https://apps.apple.com/kr/app/id1596846159,2026-01-18T14:39:50.685356
비추,강의를 배속으로 듣고 학습했는데 1배속으로 안 들어서 100%가 아니라 학습하지 않은 거로 카운트됨^^ 학습 사기를 떨어뜨린다는 것을 알앗으면. 학습자 요청으로 변경도 안된다고 함,1,퉁누,2025-02-24T19:46:08-07:00,yanadu,review,appstore,시원스쿨,https://apps.apple.com/kr/app/id1596846159,2026-01-18T14:39:50.685356
명불허전,다시 시작합니다.,5,Huja95,2025-02-18T19:46:45-07:00,yanadu,review,appstore,시원스쿨,https://apps.apple.com/kr/app/id1596846159,2026-01-18T14:39:50.685356
(회화팩증정)(환급반)영어 진짜학습지 마스터팩 - 기초발음1,초보로 돌아가서 공부하고 있습니다.,5,상하이 김,2025-02-17T00:33:57-07:00,yanadu,review,appstore,시원스쿨,https://apps.apple.com/kr/app/id1596846159,2026-01-18T14:39:50.685356
운모,"원어민과 함께 하니 듣기에 많은 도움이 되네요.
참, 교재는 어떻게 하나요 ?",4,오나라~ 오나라~,2025-02-16T06:34:06-07:00,yanadu,review,appstore,시원스쿨,https://apps.apple.com/kr/app/id1596846159,2026-01-18T14:39:50.685356
영상 총 길이를 보고 싶습니다.,영상 총 길이를 보고 싶습니다.,4,Igiveleavethat,2025-02-16T02:35:08-07:00,yanadu,review,appstore,시원스쿨,https://apps.apple.com/kr/app/id1596846159,2026-01-18T14:39:50.685356
👍,Good,5,백디,2025-02-13T19:46:09-07:00,yanadu,review,appstore,시원스쿨,https://apps.apple.com/kr/app/id1596846159,2026-01-18T14:39:50.685356
배속 수강 관련,배속해서 들어도 수강완료 되었으면 좋겠어요. 시간이 없어서 배속해서 듣는데 배속해서 들으면 수강완료가 안 되어서 성취감이 없네요.,4,Minqwll,2025-02-11T03:40:51-07:00,yanadu,review,appstore,시원스쿨,https://apps.apple.com/kr/app/id1596846159,2026-01-18T14:39:50.685356
일본어 들으려고 깔았습니다.,근데 진도율이 표기가 안되는 오류가 있네용 ㅠㅠ 제 기기에서만 그런 것 같은데 뭘까요유ㅠ 나머지는 다 젛아용,5,은은김태,2025-02-09T05:23:05-07:00,yanadu,review,appstore,시원스쿨,https://apps.apple.com/kr/app/id1596846159,2026-01-18T14:39:50.685356
러시아 강의를 듣고 있었는데 이런 간편한 앱이 있어서 완전 만족입니다!,러시아 강의를 듣고 있었는데 이런 간편한 앱이 있어서 완전 만족입니다 다만 로딩이 조금 느린점은 아쉽내용..,4,ㅍㅍㅊㅊ01,2025-02-08T21:07:04-07:00,yanadu,review,appstore,시원스쿨,https://apps.apple.com/kr/app/id1596846159,2026-01-18T14:39:50.685356
마루선생님강의 너무 좋아요,어려운것을 쉽게 만들고 자신감을 주시는 머루선상님 최고!!!,4,ksw6896,2025-02-07T14:53:14-07:00,yanadu,review,appstore,시원스쿨,https://apps.apple.com/kr/app/id1596846159,2026-01-18T14:39:50.685356
토익 800점을 향해!,"어플로 편하게 강의 시청할 수 있어서 좋아욤!
다들 화잇팅",5,영격겨경,2025-02-04T22:07:54-07:00,yanadu,review,appstore,시원스쿨,https://apps.apple.com/kr/app/id1596846159,2026-01-18T14:39:50.685356
쓸만한듯,괜춘괜춘,5,드르렁쿨쿨쿠루루룰,2025-02-03T19:47:39-07:00,yanadu,review,appstore,시원스쿨,https://apps.apple.com/kr/app/id1596846159,2026-01-18T14:39:50.685356
그래머인유즈,시원스쿨로 영어공부 시작 ! 화이팅,5,Youngeee2,2025-01-30T14:43:20-07:00,yanadu,review,appstore,시원스쿨,https://apps.apple.com/kr/app/id1596846159,2026-01-18T14:39:50.685356
크롬캐스트로 볼 수 있게 해주세요...,크롬캐스트 연결 지원 좀 해주세요ㅠㅠㅠ,1,vroomvroomGoCloud,2025-01-30T09:03:59-07:00,yanadu,review,appstore,시원스쿨,https://apps.apple.com/kr/app/id1596846159,2026-01-18T14:39:50.685356
최고 효율,굳이 노트북 컴퓨터 앞에서 안해도 되서 시간날때마다 강의들으면서 공부하는게 너무 좋네요!!,5,추구구국,2025-01-27T18:58:25-07:00,yanadu,review,appstore,시원스쿨,https://apps.apple.com/kr/app/id1596846159,2026-01-18T14:39:50.685356
:-),"시원스쿨로 토익 준비를 하구 있는 중인데 
제 폰이 문제인지 모르겠지만, 영상을 멈추려고 할때나 화면터치했을 때  늦게 반응해서 불편합니다ㅜㅜ 

그거 말고는 복습 필요한지 뜨는게 좋구 
좋은 강사분께서 잘 알려주셔서 공부 잘 하고 있어요 !! ☺️

질문도 빠르게 답해주셔서 감사해요 ❗️ 
제 공부에 빛 한줄기가 생긴 기분입니다아",5,비건빵,2025-01-22T17:03:40-07:00,yanadu,review,appstore,시원스쿨,https://apps.apple.com/kr/app/id1596846159,2026-01-18T14:39:50.685356
좋습니다.,공부하기 편해서 좋습니다.,5,꼭지구르미,2025-01-21T06:18:11-07:00,yanadu,review,appstore,시원스쿨,https://apps.apple.com/kr/app/id1596846159,2026-01-18T14:39:50.685356
왕초보영어,일단 첫강의 들었는데 좋아요 작심삼일안돠게 열심히홧팅!,5,하...푸우루,2025-01-13T23:24:33-07:00,yanadu,review,appstore,시원스쿨,https://apps.apple.com/kr/app/id1596846159,2026-01-18T14:39:50.685356
굿,베리굿,5,굿맨보이헵,2025-01-13T01:18:45-07:00,yanadu,review,appstore,시원스쿨,https://apps.apple.com/kr/app/id1596846159,2026-01-18T14:39:50.685356
좋아요ㅎ,"20년 만에 다시 시작한 영어 
기초 영문법부터 다시 시작하는 데 일목요연하게 설명해주시는 캘리샘 넘 조으시네요ㅎ 올해 목표 토익! 꼭 달성하겠습니다ㅎ",5,레드구찌,2025-01-11T18:53:42-07:00,yanadu,review,appstore,시원스쿨,https://apps.apple.com/kr/app/id1596846159,2026-01-18T14:39:50.685356
다 좋은데 하나만!!,이거 진짜 어플 좋은데 하나가 딱 아쉽네요~ 완강하지 못한 경우 이전에 듣던 곳부터 시작할 수 있게 해주면 좋겠어요ㅜㅜ 이어서듣기/취소 이런 팝업이 뜨면 좋겤ㅅ어요ㅜㅜ 혹시 있는데 나만 모르는 거였나요?? 아니죠?,5,토쿠노재영,2025-01-09T07:36:22-07:00,yanadu,review,appstore,시원스쿨,https://apps.apple.com/kr/app/id1596846159,2026-01-18T14:39:50.685356
영어공부에 딱입니다.,영어공부하기 좋아요,5,근즈맘,2025-01-08T07:02:11-07:00,yanadu,review,appstore,시원스쿨,https://apps.apple.com/kr/app/id1596846159,2026-01-18T14:39:50.685356
쏙쏙.강의 좋아요,간단하게 잘가르쳐서 자꾸보게되요.계속틀어놓고있어요.,5,한량발리,2025-01-06T17:48:28-07:00,yanadu,review,appstore,시원스쿨,https://apps.apple.com/kr/app/id1596846159,2026-01-18T14:39:50.685356
강좌목록 순서변경 요청,덕분에 폰으로도 간편히 이용하고 있습니다. 다만 한가지 요청드리고 싶은게.. 내 강의실의 강좌목록에서 강좌순서를 마음대로 조정할 수 있으면 좋겠습니다. 패키지 강좌를 구매한 사람은 여러 강좌가 뒤죽박죽 섞여있어 다소 불편합니다. 원하는 강좌 순서대로 나열할 수 있게 순서변경기능이 있으면 좋겠습니다.,5,웃기는라조기,2025-01-05T21:11:23-07:00,yanadu,review,appstore,시원스쿨,https://apps.apple.com/kr/app/id1596846159,2026-01-18T14:39:50.685356
시원스쿨 첫강의,안녕하세요 30대후반 아이엄마입니다~2025년이 되면서 매일 생각으로만 해야지 하다가 행동으로 옮겼네요! 영상을 보면서 어렸을때 이렇게 배웠다면 영어가 어렵고 힘들다고 느끼지 않았을텐데..하면서 공부하고 있어요 ㅎㅎ 열심히해서 올해는 초급을 마스터 하고싶습니다!!^^,5,miseon💛,2025-01-05T15:57:12-07:00,yanadu,review,appstore,시원스쿨,https://apps.apple.com/kr/app/id1596846159,2026-01-18T14:39:50.685356
편리해서 좋습니다,"타학원의 경우 동영상 플레이어 따로 설치해야하고 그로인해 불편한점이 많았는데 시원스쿨앱은 바로 볼수있고 편합니다
약 2년만에 다시 토익 준비하는데 저한테는 서아쌤 켈리쌤이 제일입니다!!",5,냐냥이게무슨일이야,2025-01-04T07:37:06-07:00,yanadu,review,appstore,시원스쿨,https://apps.apple.com/kr/app/id1596846159,2026-01-18T14:39:50.685356
다시도전,매일 공부체크할수 있어서 좋아요,5,별나리 백합,2025-01-01T05:54:21-07:00,yanadu,review,appstore,시원스쿨,https://apps.apple.com/kr/app/id1596846159,2026-01-18T14:39:50.685356
아무좋습니다,공부하기 딱좋아요,5,yoo_jjung,2024-12-26T16:45:58-07:00,yanadu,review,appstore,시원스쿨,https://apps.apple.com/kr/app/id1596846159,2026-01-18T14:39:50.685356
시원스쿨 스페인어,스페인어 기초 강의 귀에 쏙 들어오네요.,5,파이널라운드,2024-12-26T06:26:22-07:00,yanadu,review,appstore,시원스쿨,https://apps.apple.com/kr/app/id1596846159,2026-01-18T14:39:50.685356
시원스쿨 플러스 최고,시원스쿨 플러스는 디자인이 깔끔하고 어플리케이션을 열면 내부 디자인도 예쁘다. 그리고 사원스쿨 플러스는 타이머도 있어서 공부를 얼마나 했는지 채크 할 수도 있고 내 강의실에서 내가 결제 한 강의들도 볼수있어서 좋았다,5,시원스쿨 귿귿,2024-12-26T03:51:41-07:00,yanadu,review,appstore,시원스쿨,https://apps.apple.com/kr/app/id1596846159,2026-01-18T14:39:50.685356
Good,끊김없이 잘 진행됩니다,5,해해후후,2024-12-25T06:27:57-07:00,yanadu,review,appstore,시원스쿨,https://apps.apple.com/kr/app/id1596846159,2026-01-18T14:39:50.685356
화질개선좀요ㅠㅠ,"다 좋고 귀여운데 진짜 화질이 넘나 구립니다,,,ㅠ 체감상 480에서 720 사이인듯,,, 컴퓨터 화질도 좋은건 아닌데도 컴터랑도 넘 많이 차이나여",3,사용중인별명명명,2024-12-24T03:20:12-07:00,yanadu,review,appstore,시원스쿨,https://apps.apple.com/kr/app/id1596846159,2026-01-18T14:39:50.685356
어플좋구 강의도좋아요,어플좋고 강의도 좋아요 서아쌤 화이팅,5,찌니쿠쿠,2024-12-22T05:46:51-07:00,yanadu,review,appstore,시원스쿨,https://apps.apple.com/kr/app/id1596846159,2026-01-18T14:39:50.685356
토린이,핵심적인 것만 말씀해 주셔서 공부에 부담감이 조금씩 줄어 듭니다. 목표치를 달성할 수 있도록 노력하고자 합니다.,2,쇠다마2,2024-12-20T22:51:26-07:00,yanadu,review,appstore,시원스쿨,https://apps.apple.com/kr/app/id1596846159,2026-01-18T14:39:50.685356
문제별 mp3 음원,문제별로 mp3 음원을 어플에서 들을 수 있으면 더 좋을거 같아요,4,Agdkdns,2024-12-14T04:02:52-07:00,yanadu,review,appstore,시원스쿨,https://apps.apple.com/kr/app/id1596846159,2026-01-18T14:39:50.685356
쵝오,어플로 공부 할 수 있어서 좋아요 ㅎ,5,진초코,2024-12-13T23:25:33-07:00,yanadu,review,appstore,시원스쿨,https://apps.apple.com/kr/app/id1596846159,2026-01-18T14:39:50.685356
쓰기 좋아요,수업 듣기가 편해요.,5,삼류소설가,2024-12-12T06:42:31-07:00,yanadu,review,appstore,시원스쿨,https://apps.apple.com/kr/app/id1596846159,2026-01-18T14:39:50.685356
앱이 너무 불편해요,"일시정지, 건너뛰기 등등 모든 버튼이 세네번씩은 눌러야 인식되고 너무 불편해서 불루투스 키보드 연결했더니 키보드 키도 안먹네요 ㅋㅋ 강의 들을때 뒤로넘기기 한번하려면 몇번씩 터치하고 한번 멈췄다 재생하면 렉 먹어서 로딩걸리고 인강 제시간에 들을꺼 앱 때문에 맨날 늦춰지고 스트레스 받아요",1,별명22333,2024-12-07T06:04:36-07:00,yanadu,review,appstore,시원스쿨,https://apps.apple.com/kr/app/id1596846159,2026-01-18T14:39:50.685356
너무 만족스러운 앱이에요,시원스쿨 환급반 듣게 되면서 어플을 다운로드했는데 제 자신이 나태해질수 있는데 제 자신을 제대로 확 잡아주면서 토익을 못놓게 만드는 기능이 있어요. 목표점수 받을수 있도록 화이팅할거예요!,5,조진희_11,2024-12-04T19:17:25-07:00,yanadu,review,appstore,시원스쿨,https://apps.apple.com/kr/app/id1596846159,2026-01-18T14:39:50.685356
이어듣기가 안되어요,수업들을때 즐겨듣는데 수업 듣다가 정지하고 사전 찾으러 나갔다가 다시 어플로 돌아와서 플레이를 누르면 정지한 부분에서 시작할 때도 있는데 다시 처음으로 돌아가 시작할때가 많아요. 거의 1:1 비율인데 처음으로 돌아가면 어디까지 들었는지 알수도 없고 너무 불편합니다. 꼭 개선해주세요,2,주스쥬스,2024-12-04T16:54:26-07:00,yanadu,review,appstore,시원스쿨,https://apps.apple.com/kr/app/id1596846159,2026-01-18T14:39:50.685356
잘 사용하고 있습니다,진도 리마인드 기능 너무 좋습니다,5,Lord_Fauntleroy,2024-11-24T15:38:11-07:00,yanadu,review,appstore,시원스쿨,https://apps.apple.com/kr/app/id1596846159,2026-01-18T14:39:50.685356
왜 시원스쿨 시원스쿨 하는지 알겠습니다,"최고. 프랑스어 배우고 있는데, 진짜로…. 커리큘럼이 너무 깔끔하고 명확해서 최고에요. 클라라쌤 진짜 최고…",5,효또니,2024-11-16T23:08:51-07:00,yanadu,review,appstore,시원스쿨,https://apps.apple.com/kr/app/id1596846159,2026-01-18T14:39:50.685356
강의듣는데 광고뜨더니 이창이나옴,돈주고듣는강의에 광고부터나오네,1,"…,:;?",2024-11-16T03:54:56-07:00,yanadu,review,appstore,시원스쿨,https://apps.apple.com/kr/app/id1596846159,2026-01-18T14:39:50.685356
강의내용은 좋음,앱이 많이불안정함,4,kim deeee gun,2024-11-14T18:47:37-07:00,yanadu,review,appstore,시원스쿨,https://apps.apple.com/kr/app/id1596846159,2026-01-18T14:39:50.685356
전에 쓰던 어플 보다 괜찮은거 같아요,"잠시 수강 정지 했다가 오랜만에 들어왔는데, 앱이 더 편리해진 것 같아요.",5,doeoosjdnkocz,2024-11-06T03:19:10-07:00,yanadu,review,appstore,시원스쿨,https://apps.apple.com/kr/app/id1596846159,2026-01-18T14:39:50.685356
변조된 기기에서는 작동이 안된다고 떠요,아이패드8인데 변조된 기기에서는 작동이 안된다고하고 앱이 자꾸 꺼져요 본인인증 창도 안열리고 빨리 고쳐주시면 좋겠네요,1,Suyeon05,2024-11-03T20:31:23-07:00,yanadu,review,appstore,시원스쿨,https://apps.apple.com/kr/app/id1596846159,2026-01-18T14:39:50.685356
강의 다 듣고 나오는 팝업 좀 없애주세요,"트레드밀에서 듣는데 그 팝업이 매 영상마다 나오니까 너무 짜증이 납니다. 끌 수 있는 방법도 없고.. 영상 자체가 멈춰버리니까 진행도 안되고 이런 옵션은 끌 수 있어야 할 것 같은데요.. 시간이 조금 지나면 사라지긴 하지만 아주 심기거슬리는 옵션이 아닐 수 없습니다. 좌측화면 위아래 스크롤시 밝기, 우측화면 볼륨 이 기능도 사라졌네요.. 밝기는 몰라도 볼륨은 자주 사용했는데. 여기 영상들이 전반적으로 볼륨이 일정치 않아서 자주 사용하게 되는데 사라지니까 아쉽습니다. 그리고 저같은 경우 이걸 아이패드에서 들을때는 거의 키보드가 연결되어있는 상태인데 키보드 사용시에 이전 앱에서는 스킵이 되었는데 이 앱은 키보드 방향키로 넘기는게 안되네요. 불필요한 기능은 생기고 애용하던던 기능이 사라지니까 불편합니다. 전반적으로 다운그레이드가 많이된 앱 같네요",3,별명누가쓴대요,2024-11-03T14:49:57-07:00,yanadu,review,appstore,시원스쿨,https://apps.apple.com/kr/app/id1596846159,2026-01-18T14:39:50.685356
영어공부가 잘되요,"시원스쿨 쓰고나서 영어실력이 확 늘었어요!!
강력추천 합니다",5,N4NGMAN,2024-11-03T02:55:49-07:00,yanadu,review,appstore,시원스쿨,https://apps.apple.com/kr/app/id1596846159,2026-01-18T14:39:50.685356
로그인,카카오톡으로 자동 로그인햇엇는데 갑자기 안되네요 진짜 그럼 어떻게 강의를 들으라는거죠?,1,Jajahsjsjauwu,2024-10-31T06:00:02-07:00,yanadu,review,appstore,시원스쿨,https://apps.apple.com/kr/app/id1596846159,2026-01-18T14:39:50.685356
본인인증이 안돼요,ㅠㅠ그래서 구매해도 강의를 못들음,1,W.A.모차르트,2024-10-29T07:58:54-07:00,yanadu,review,appstore,시원스쿨,https://apps.apple.com/kr/app/id1596846159,2026-01-18T14:39:50.685356
후기,이제 시작이라 더 수강햐봐야겠지만 괜찮은 것 같다,5,별명은왜붙여야하는데,2024-10-27T02:18:19-07:00,yanadu,review,appstore,시원스쿨,https://apps.apple.com/kr/app/id1596846159,2026-01-18T14:39:50.685356
선호하지 않는 이유가 있음,어플 자체에 렉도 심하고 무지성 광고같은 무료강의에 시원스쿨 홈페이지는 해당 과목 강좌 찾기도 어렵고 무슨 보험회사에사 보험팔이하는거 마냥 패키지 장사하기에 눈멀었고 소비자들이 학습에 도움되는 ui가 아니라 장사꾼한테서 놀아나는 느낌임 교재를 구매하고 강좌나 mp3파일 찾고 실질적으로 공부하는데까지 너무 힘들음 최악임!!! 특히 홈페이지는 누가만들었는지 왜 타사에 밀리는지 알게되었고 다시는 해당강좌는 물론 교재조차 살마음이 없어짐,1,사과나무속애벌레,2024-10-22T00:23:33-07:00,yanadu,review,appstore,시원스쿨,https://apps.apple.com/kr/app/id1596846159,2026-01-18T14:39:50.685356
첫강 시작,한번 해볼랍니다^^,5,손꾸락왕짜,2024-10-20T07:42:48-07:00,yanadu,review,appstore,시원스쿨,https://apps.apple.com/kr/app/id1596846159,2026-01-18T14:39:50.685356
스스로 공부하기 좋습니다,"일본어 왕초보인데 스스로 공부하기 쉽게 구성되어 있습니다.
큰 도움이 됩니다",5,숫사,2024-10-17T23:46:07-07:00,yanadu,review,appstore,시원스쿨,https://apps.apple.com/kr/app/id1596846159,2026-01-18T14:39:50.685356
맥에서도 구동되게 해주세요,패드에서는 필기헤야해요.,5,RomanticWilddog,2024-10-10T02:34:21-07:00,yanadu,review,appstore,시원스쿨,https://apps.apple.com/kr/app/id1596846159,2026-01-18T14:39:50.685356
태국어 공부 짱,정말 재밌을 것 같은 기대김 충만~^^,5,마첼다,2024-10-09T09:49:37-07:00,yanadu,review,appstore,시원스쿨,https://apps.apple.com/kr/app/id1596846159,2026-01-18T14:39:50.685356
시원스쿨 좋아요,"시원스쿨 어플 아주 편리하고 좋은데 공부 자료실에서
다운받은 자료들은 어디서 확인 가능한가요? 
알림은 보관함에서 확인하라고 계속 뜨는데 
보관함에 가보면 없어서요",4,희희희희우엥,2024-10-09T05:09:16-07:00,yanadu,review,appstore,시원스쿨,https://apps.apple.com/kr/app/id1596846159,2026-01-18T14:39:50.685356
잘 사용하고 있어요!,앞으로 뒤로 돌리기 버튼이 따로 없는게 아쉽지만 그래도 잘 쓰고 있어요!,5,이불안은 위험해,2024-10-09T02:10:04-07:00,yanadu,review,appstore,시원스쿨,https://apps.apple.com/kr/app/id1596846159,2026-01-18T14:39:50.685356
이해도 잘돼요~~,회화 쌩초보인데 이해가 잘됩니다~~,5,누구아잉,2024-10-07T07:32:41-07:00,yanadu,review,appstore,시원스쿨,https://apps.apple.com/kr/app/id1596846159,2026-01-18T14:39:50.685356
첫 수업,"처음으로 인강 수업듣고 영어공부 시작합니다.
생각보다 진도가 천천히 진행 되어서 따라하며 공부할 수 있어서 좋은것 같아요",5,poop poo mam,2024-10-03T06:53:07-07:00,yanadu,review,appstore,시원스쿨,https://apps.apple.com/kr/app/id1596846159,2026-01-18T14:39:50.685356
잘쓰고있어요,아이패드용으로 넓게 나와있어서 보기가 좋아요,5,김ㅣ,2024-10-03T05:34:04-07:00,yanadu,review,appstore,시원스쿨,https://apps.apple.com/kr/app/id1596846159,2026-01-18T14:39:50.685356
정말 열심히 공부하고있어요!!,"어플도 사용하기 너무 좋고, 공부도 잘하고 있습니다!",5,JS코털,2024-10-02T07:39:51-07:00,yanadu,review,appstore,시원스쿨,https://apps.apple.com/kr/app/id1596846159,2026-01-18T14:39:50.685356
좋아요,쉽고 편하고 좋아요,5,비바람몰아쳐도,2024-10-01T08:58:23-07:00,yanadu,review,appstore,시원스쿨,https://apps.apple.com/kr/app/id1596846159,2026-01-18T14:39:50.685356
좋아요,"확실히 업데이트 후 더 보기가 편해졌어요 학습현황이나, 강의듣기로 접속하는게 더 간편해졌네요~ 열공하겠습니다!",5,요정띵,2024-10-01T01:14:55-07:00,yanadu,review,appstore,시원스쿨,https://apps.apple.com/kr/app/id1596846159,2026-01-18T14:39:50.685356
도대체가 공부를 할 수 가 없음,"강의 재생하면 하루종일 로딩 걸리고 와이파이 문젠가 해서 셀룰러로 붙어서 접속해도 매한가지
애초에 강의를 다운받아서 들어버리자 싶어서 다운을 받아도 똑같음 재생이 안됨 나 참 진짜 이런 어플은 처음 봄",1,보리짜응,2024-09-29T05:48:19-07:00,yanadu,review,appstore,시원스쿨,https://apps.apple.com/kr/app/id1596846159,2026-01-18T14:39:50.685356
히브리어 강의.,히브리어를 친절하게 잘 설명해 주셨어요.  오늘은 알 파벳을 배웠습니다.  다음시간도 기대가 됩니다.,5,될때로돼라,2024-09-25T01:20:52-07:00,yanadu,review,appstore,시원스쿨,https://apps.apple.com/kr/app/id1596846159,2026-01-18T14:39:50.685356
솔직히,"해커스도 결제해서 써봤는데, 어플이 너무 복잡하고 접근성이 안좋았다. 시원스쿨이 공부하기에 편하게 되어있어 만족한다",5,지지지지지지지ㅇ,2024-09-23T08:31:07-07:00,yanadu,review,appstore,시원스쿨,https://apps.apple.com/kr/app/id1596846159,2026-01-18T14:39:50.685356
좋은데 좀 부족한 느낌,강의 듣기에는 재생속도랑 건너뛰기 등을 조절할 수 있어서 너무 좋습니다. 하지만 교재를 푸는데 필요한 mp3나 pdf 파일 등 앱에서 활용할 수 없는게 약간 불편했고 화질도 생각보다 낮아서 아쉬웠습니다. 그래도 로그인이나 강의 들을 때 튕김 현상이 없어서 좋았습니당,3,크숑,2024-09-23T05:59:57-07:00,yanadu,review,appstore,시원스쿨,https://apps.apple.com/kr/app/id1596846159,2026-01-18T14:39:50.685356
이름처럼 스마트한 학습,시원스쿨 스마트펜으로 진짜학습지 스페인어 학습중인데 진짜 학원을 다닐 필요도 없을만큼 재밌고 체계적이고 집중도도 높아요! 앱 리뷰다는건 처음이에요. 그만큼 넘 만족해요~~ 인강계의 혁신 ㅎㅎ,5,ThE PeN-_,2024-09-21T20:38:56-07:00,yanadu,review,appstore,시원스쿨,https://apps.apple.com/kr/app/id1596846159,2026-01-18T14:39:50.685356
좋아여,"홈페이지들어가서 강의를 들었는데 
어플로 하니 넘 편하네요 ^^",5,heejungyyy,2024-09-20T09:20:01-07:00,yanadu,review,appstore,시원스쿨,https://apps.apple.com/kr/app/id1596846159,2026-01-18T14:39:50.685356
시원스쿨 후기,합리적인 가격에 매우 만족하면서 초보자가 무리없이 즐겁게 공부할 수 있는 좋은 강의들과 커리큘럼이 있어 정말 즐겁게 공부하고 있습니다 학원 강의와 차이가 없다고 느껴질 정도로 기초부터 탄탄히 공부할 수 있어 너무 행복합니다 ~,5,코자크,2024-09-11T19:48:45-07:00,yanadu,review,appstore,시원스쿨,https://apps.apple.com/kr/app/id1596846159,2026-01-18T14:39:50.685356
굳 but,동영상 넘기는 과정이 불편함,4,원휘스,2024-08-31T05:20:57-07:00,yanadu,review,appstore,시원스쿨,https://apps.apple.com/kr/app/id1596846159,2026-01-18T14:39:50.685356
불편한듯 불편하지않는,미니 플레이어도 생겼으면 좋겠네요 아니면 pip 모드도 만들어주세요,5,Metovito,2024-08-04T23:40:18-07:00,yanadu,review,appstore,시원스쿨,https://apps.apple.com/kr/app/id1596846159,2026-01-18T14:39:50.685356
반복학습,반복학습을 더 늘려주세요.,5,johannamok,2024-07-31T06:11:24-07:00,yanadu,review,appstore,시원스쿨,https://apps.apple.com/kr/app/id1596846159,2026-01-18T14:39:50.685356
재밌네요.,쉽게 잘 설명해주는 일본어 공부,5,본사랑,2024-07-29T00:28:43-07:00,yanadu,review,appstore,시원스쿨,https://apps.apple.com/kr/app/id1596846159,2026-01-18T14:39:50.685356
굿,좋습니다. 잘활용해볼게요!,5,꿈꾸는뿌니,2024-07-23T03:16:03-07:00,yanadu,review,appstore,시원스쿨,https://apps.apple.com/kr/app/id1596846159,2026-01-18T14:39:50.685356
좋습니다,어플도 잘 구성되어있어서 강의듣기 편합니다.,5,은탱오ㅓ,2024-07-22T03:38:31-07:00,yanadu,review,appstore,시원스쿨,https://apps.apple.com/kr/app/id1596846159,2026-01-18T14:39:50.685356
구문독해,"이해가 잘되요
열심히 하겠습니다",5,브레이킨,2024-07-18T07:17:33-07:00,yanadu,review,appstore,시원스쿨,https://apps.apple.com/kr/app/id1596846159,2026-01-18T14:39:50.685356
어지간해서 리뷰 안쓰는데 진짜 최악,"강의 끊기는 거 심합니다.
들은 강의 표기 안됩니다. 10강 넘게 들어도 0강이라 뜸.
아이패드랑 호환성도 안 좋아요.

공부 하면서 별의별 재생어플 다 써봤는데 시원스쿨만큼 답답한 어플 처음봐요... 차라리 사이트 들어가서 보는 게 나을 정도입니다. 개선 좀 해주세요.",1,상당히귀찮네오....,2024-07-17T23:28:51-07:00,yanadu,review,appstore,시원스쿨,https://apps.apple.com/kr/app/id1596846159,2026-01-18T14:39:50.685356
지나쌤 강의 최고에요!,앞으로 빼먹지 않고 수강할게요!^^,5,콜린1234,2024-07-14T18:47:44-07:00,yanadu,review,appstore,시원스쿨,https://apps.apple.com/kr/app/id1596846159,2026-01-18T14:39:50.685356
버퍼링 해결 좀 해주세요,지금 강의를 들으려하는데 몇분째 로딩만 되고 재생이 안되네요 앱을 지웠다 깔아도보고 기기를 재부팅했는데도 안되고 있네요 공부를 어떻게 하라는건지 버퍼링 걸리는 것 좀 개선해주세요,1,주조ㅓ,2024-07-05T05:00:50-07:00,yanadu,review,appstore,시원스쿨,https://apps.apple.com/kr/app/id1596846159,2026-01-18T14:39:50.685356
최유리선생님,선생님 너무 잘가르쳐주셔서 이해가 잘되어요,5,부부일린이,2024-07-01T00:35:50-07:00,yanadu,review,appstore,시원스쿨,https://apps.apple.com/kr/app/id1596846159,2026-01-18T14:39:50.685356
365패키지 후기,한달동안 러시아에서 지내면서 어떻게 공부할까라는 생각을 참 많이 했습니다.시원스쿨 러시아어 싸이트는 한국에서부터 알고 있었습니다.유명한싸이트에 유명한 강사님들이 괜히 잇는게 아니더군요 동영상강의는 매으 핵심을 잘 가르켜주고 있고 설명또한 귀에 쏙쏙 들어옵니다.아직 책은 받지 못했지만 부모님께서 보내주실거고 메모장에 외울꺼 메모해가면서 골부할려고요 강추합니다 시원스쿨 인강!!!!,5,쩡말이,2024-06-20T11:04:31-07:00,yanadu,review,appstore,시원스쿨,https://apps.apple.com/kr/app/id1596846159,2026-01-18T14:39:50.685356
진짜학습지 일본어,유익했습니다.,5,쟈르뎅,2024-06-18T01:06:55-07:00,yanadu,review,appstore,시원스쿨,https://apps.apple.com/kr/app/id1596846159,2026-01-18T14:39:50.685356
제발,"제발 좀 플레이어 잔 렉과 오류 좀 수정 해주세요 무슨 렉이 이렇게 많나요 혼자 멈추질 않나 멈춰도 다시 혼자 재생되질 않나 터치도 진짜 열받을 정도로 안 먹고 
에어팟으로 정지 재생도 안되고 제발 좀 최적화 좀 해주세요 참다참다 너무 열받아서 리뷰 답니다 돈주고 보는 건데",1,싸우고싶네,2024-06-14T06:58:55-07:00,yanadu,review,appstore,시원스쿨,https://apps.apple.com/kr/app/id1596846159,2026-01-18T14:39:50.685356
좋아요 ㅎㅎ,"화면을 더블클릭하면 10초 앞, 뒤로 가는 기능도 만들어주셨으면 좋겠습니다",5,평가하려몀,2024-06-08T04:13:46-07:00,yanadu,review,appstore,시원스쿨,https://apps.apple.com/kr/app/id1596846159,2026-01-18T14:39:50.685356
랙이 너무 심해요,"다른 유툽 비디오 이런 건 랙 안 걸리는데
이 앱에서만 맨날 중간에 가다가 멈춰요. 
그래서 어디서나 틀어놓을 수가 없어요. 
개선 부탁드립니다. 
그리고 강의 진도도 제대로 반영도 안 되고요...",2,라젤,2024-06-05T02:32:42-07:00,yanadu,review,appstore,시원스쿨,https://apps.apple.com/kr/app/id1596846159,2026-01-18T14:39:50.685356
괜찮은거같아요,사용해본 교육어플중에선 제일 만족해요,5,11001038,2024-05-30T09:32:51-07:00,yanadu,review,appstore,시원스쿨,https://apps.apple.com/kr/app/id1596846159,2026-01-18T14:39:50.685356
굿,아주좋급니다,5,남애서프클럽,2024-05-30T04:55:43-07:00,yanadu,review,appstore,시원스쿨,https://apps.apple.com/kr/app/id1596846159,2026-01-18T14:39:50.685356
시원스쿨 스페인어 왕초보 1탄,"열정적이고 체계적인 강의 감사합니다.
다만 후반부에서는 교재와 강의 진도가 맞지않네요.
교재 개편시에는 동영상도 새로 찍으심이 좋을 듯 합니다.
별다른 무리는 없습니다.",5,호세24,2024-05-21T23:31:28-07:00,yanadu,review,appstore,시원스쿨,https://apps.apple.com/kr/app/id1596846159,2026-01-18T14:39:50.685356
굳굳,모바일로 인강듣기에 구성 잘 되어있음,5,후류룰,2024-05-21T07:12:16-07:00,yanadu,review,appstore,시원스쿨,https://apps.apple.com/kr/app/id1596846159,2026-01-18T14:39:50.685356
깔끔,깔끔,4,KRR2HCU추천인 캐시워크,2024-05-11T18:57:22-07:00,yanadu,review,appstore,시원스쿨,https://apps.apple.com/kr/app/id1596846159,2026-01-18T14:39:50.685356
공부하기에 좋은 앱이지만,"기능적인것은 굉장히 좋아요! 공부하기 좋게 개발하신 것 같아서 좋지만 , 다만 아직 오류가 많은듯합니다. 영상재생중에 재생 중지 버튼이 사라지지않고뭐 공부하는데 지장은 없어서 그냥 쓰지만 저만 그런지 모르겠습니다. ㅠㅠ근데 안없어지니 답답해요 그리고 영상 타임라인이 맞지 않아요 10초 뒤로,앞으로 버튼으로만 이동가능하고요 수정해주시면 더 좋은 앱이 될 것 같습니다",2,한채연가시,2024-04-24T23:52:50-07:00,yanadu,review,appstore,시원스쿨,https://apps.apple.com/kr/app/id1596846159,2026-01-18T14:39:50.685356
편리합니다~,열심히 듣겠습니다~,4,여자사람이당,2024-04-24T01:51:24-07:00,yanadu,review,appstore,시원스쿨,https://apps.apple.com/kr/app/id1596846159,2026-01-18T14:39:50.685356
최고,최고,5,부산광역시님,2024-04-17T17:01:01-07:00,yanadu,review,appstore,시원스쿨,https://apps.apple.com/kr/app/id1596846159,2026-01-18T14:39:50.685356
더블클릭…,10초 이전 이후 버튼 생겼으면 더 좋았을듯 ㅠ,5,도라지먹고도랏냐,2024-04-14T19:32:31-07:00,yanadu,review,appstore,시원스쿨,https://apps.apple.com/kr/app/id1596846159,2026-01-18T14:39:50.685356
That's good!,"잘하고싶어요.
도와주세요~",5,호암얍,2024-04-13T17:12:28-07:00,yanadu,review,appstore,시원스쿨,https://apps.apple.com/kr/app/id1596846159,2026-01-18T14:39:50.685356
"블루투스 키보드 연결시 스페이스바로 재생,일시정지가 됬으면 좋겠어요","블루투스 키보드 연결시 스페이스바로 재생,일시정지가 됬으면 좋겠어요.
필기할때 일시정지하고싶은데 블루투스 키보드 스페이스로 안되더라구요.",3,wwwcmcom,2024-04-13T01:25:59-07:00,yanadu,review,appstore,시원스쿨,https://apps.apple.com/kr/app/id1596846159,2026-01-18T14:39:50.685356
쉽고 재미있는거 같아요,첫날이라 잘 모르지만 쉽고 재미있는거 같아요,5,붕부르스,2024-04-07T05:11:09-07:00,yanadu,review,appstore,시원스쿨,https://apps.apple.com/kr/app/id1596846159,2026-01-18T14:39:50.685356
영어만족,"영어 공부를 정말 하고싶은데
엄두가 안나서 손놓고있다가 이제서야 도전을하는데
이곳저곳 무료강의를 한번씩 들어봤지만 
시원스쿨 강의가 재미있고 귀에 쏙쏙들어와 수강신청했는데!! 역시 재미있고 즐겁네요",4,개쁘닝,2024-04-01T07:58:49-07:00,yanadu,review,appstore,시원스쿨,https://apps.apple.com/kr/app/id1596846159,2026-01-18T14:39:50.685356
태국어강좌,너무 자세히 설명을 잘해주시네요,5,히함,2024-04-01T00:52:50-07:00,yanadu,review,appstore,시원스쿨,https://apps.apple.com/kr/app/id1596846159,2026-01-18T14:39:50.685356
일본어,내 강의실에서 자기가 수강신청한 강의 자려 바로 대운 받게 만들 수는 없나요? 강의 자료실에서 다운 받을려히니까 검색어 입력하면 잠시만 기다려달라고 나오고 검색은 안되고 뒤로가기 버튼도 없고.. 앱 인터페이스가 기본적으로 수강생에게 친절하지 않음,1,Lollylololol,2024-03-31T12:51:41-07:00,yanadu,review,appstore,시원스쿨,https://apps.apple.com/kr/app/id1596846159,2026-01-18T14:39:50.685356
첫시작이 좋아요~,이제 막 시작했는데 강의 너무 시원시원하고 좋아요 기대가 됩니다!!,5,슬iii,2024-03-26T18:30:43-07:00,yanadu,review,appstore,시원스쿨,https://apps.apple.com/kr/app/id1596846159,2026-01-18T14:39:50.685356
편리함,편리하고 좋아요,5,신난 강아지,2024-03-25T15:43:37-07:00,yanadu,review,appstore,시원스쿨,https://apps.apple.com/kr/app/id1596846159,2026-01-18T14:39:50.685356
첫강의 굿,첫강의 들었는데 쉽고 친절하게 잘 가르쳐주시네요 영어스피치의 달인이 될 수 있을 것 같아요,5,쑤1019,2024-03-22T05:07:59-07:00,yanadu,review,appstore,시원스쿨,https://apps.apple.com/kr/app/id1596846159,2026-01-18T14:39:50.685356
첫강의,기초부터 차근차근 설명해주시네요,5,푸힉여냐,2024-03-20T05:58:26-07:00,yanadu,review,appstore,시원스쿨,https://apps.apple.com/kr/app/id1596846159,2026-01-18T14:39:50.685356
깔끔해요,깔끔해요,4,리뷰어우어어어ㅓㅓ,2024-03-20T00:53:09-07:00,yanadu,review,appstore,시원스쿨,https://apps.apple.com/kr/app/id1596846159,2026-01-18T14:39:50.685356
백그라운드 재생도 되고 좋네요.,추후 화면더블터치 스킵기능도 추가해주셨음 좋겠습니다.,5,매미,2024-03-17T03:05:53-07:00,yanadu,review,appstore,시원스쿨,https://apps.apple.com/kr/app/id1596846159,2026-01-18T14:39:50.685356
좋아요,굿굿,5,이쿤님,2024-03-15T02:20:21-07:00,yanadu,review,appstore,시원스쿨,https://apps.apple.com/kr/app/id1596846159,2026-01-18T14:39:50.685356
중국어 시작,"처음 시작한 중국어 발음 하는것이 쉽지 않네요
많은 연습이 필요한것 같습니다
강의 내용의 설명은 쉽게 구성해서 좋아요 감사합니당",5,로져대디,2024-03-13T16:18:56-07:00,yanadu,review,appstore,시원스쿨,https://apps.apple.com/kr/app/id1596846159,2026-01-18T14:39:50.685356
영어강의 듣기 편해요,이전에 불편함을 싹 갈아 엎어 버린듯 사용하기 편하네요,4,사베똥쓰,2024-03-11T02:12:44-07:00,yanadu,review,appstore,시원스쿨,https://apps.apple.com/kr/app/id1596846159,2026-01-18T14:39:50.685356
설레이는 첫 강의,"학교다닐 때, 직장 다닐 때, 결혼하고도 한참 뒤까지… 
늘 하고싶었지만 엄두가 나지 않았던 영어공부를 드디어 시작하게 되었습니다.
생각과 고민으로만 도전 한번 하지 못하고,
지나버린 시간들이 너무 아까워 
처음이자 마지막으로 마음 독하게 먹고 
100챌린지까지 도전해 보려고 합니다.
환급미션과 완강의 목표달성이 결코 쉽지 않겠지만,
시원스쿨이기에 가능하리라 믿어의심치 않습니다.
첫 강의 기대반 설렘반으로 열심히 들었구요~
의지와 열정이 끓어오르는 첫 수업이었습니다!
마지막 강의까지 화이팅 하겠습니다!!^^",5,초록달빛문,2024-03-08T06:50:31-07:00,yanadu,review,appstore,시원스쿨,https://apps.apple.com/kr/app/id1596846159,2026-01-18T14:39:50.685356
빠르게 강의 들을 수 있어 좋아요.,"재생순서 조절, 당겨서 보기 등 내용에 따라 조절 살 수 있어 좋아요",5,초슈퍼리치,2024-03-04T23:29:14-07:00,yanadu,review,appstore,시원스쿨,https://apps.apple.com/kr/app/id1596846159,2026-01-18T14:39:50.685356
좀 빠르지만,복습이 필요할것랖아요,4,똘이코1,2024-03-04T22:49:29-07:00,yanadu,review,appstore,시원스쿨,https://apps.apple.com/kr/app/id1596846159,2026-01-18T14:39:50.685356
아직 처음이라,아직 처음이라 바로 바로 따라가지 못하나 반복하다보면 좋아질거란 확신이 듭니다,5,똘이코,2024-03-03T05:20:07-07:00,yanadu,review,appstore,시원스쿨,https://apps.apple.com/kr/app/id1596846159,2026-01-18T14:39:50.685356
굳,기대됩니다,5,고정음,2024-03-02T06:06:57-07:00,yanadu,review,appstore,시원스쿨,https://apps.apple.com/kr/app/id1596846159,2026-01-18T14:39:50.685356
첫수강이었어요,어렵지않고 따라하기 쉬웠습니다,4,하이88,2024-03-01T05:34:12-07:00,yanadu,review,appstore,시원스쿨,https://apps.apple.com/kr/app/id1596846159,2026-01-18T14:39:50.685356
좋아요!,좋아요! 편리헙니다~,4,룰룰룰라랄라,2024-02-28T06:29:56-07:00,yanadu,review,appstore,시원스쿨,https://apps.apple.com/kr/app/id1596846159,2026-01-18T14:39:50.685356
난생 처음 접하는 태국어,"태국여행을 계획하다가 태국을 좀더 이해해 보고자 시작하게 되었는데요. 우선 태국어 문자가 거의 비슷비슷해서 헛갈리네요. 특히 ‘필수어휘’ 과목을 첫 강의로 수강하는데 문자에 대한 기초지식이 없어서 그런지 자꾸만 한국어로 표기된 발음 표시에 의존하게 되네요. 
우선 ’태국어 365 PASS Pro‘ 과정 전체강좌 순서대로 차근차근 진행해 보겠습니다. 화이팅~~",5,dkkksjsjsi,2024-02-27T00:57:15-07:00,yanadu,review,appstore,시원스쿨,https://apps.apple.com/kr/app/id1596846159,2026-01-18T14:39:50.685356
어플,어플은 좋은데 컴퓨터로 하게되면 자꾸 끊기네요 맥북인터넷버전도 신경써주세요,5,ayochoi,2024-02-25T08:03:27-07:00,yanadu,review,appstore,시원스쿨,https://apps.apple.com/kr/app/id1596846159,2026-01-18T14:39:50.685356
对这讲义,最高最高最高！,5,창발,2024-02-24T20:24:09-07:00,yanadu,review,appstore,시원스쿨,https://apps.apple.com/kr/app/id1596846159,2026-01-18T14:39:50.685356
언제까지 베타테스트 핑계?,자잘한 오류들은 수도 없이 많고 시간이 지나도 개선될 기미는 보이지도 않고 ㅋㅋㅋ 패스 하나라도 더 팔려고 광고할 돈으로 제발 개발쪽에 투자 좀 하세요,1,0117H,2024-02-21T23:06:37-07:00,yanadu,review,appstore,시원스쿨,https://apps.apple.com/kr/app/id1596846159,2026-01-18T14:39:50.685356
다 좋은데 앞뒤 10초 되돌리기 버튼,다 좋은데 앞뒤 10초 되돌리기 버튼이 없어서 불편해요,4,뉴뉴뉴뉴뉴우이,2024-02-21T22:31:16-07:00,yanadu,review,appstore,시원스쿨,https://apps.apple.com/kr/app/id1596846159,2026-01-18T14:39:50.685356
아이엘츠,"아이엘츠를 준비하는데 정말 큰 도움을 받고 있습니다
꾸준히 공부하여 좋은 결실을 갖고 돌아오겠습니다
특히 켈리 선생님의 도움을 잘 받고 있는데 
꼼꼼하고 섬세한 강의덕분에 멘탈관리에도 도움이 됩니다",5,송송도로퐁,2024-02-14T01:27:40-07:00,yanadu,review,appstore,시원스쿨,https://apps.apple.com/kr/app/id1596846159,2026-01-18T14:39:50.685356
굿,결제 전에 고민 많이 했는데 강의 들어보니 생각보다 꽤 괜찮네요,5,%18263,2024-02-13T16:47:59-07:00,yanadu,review,appstore,시원스쿨,https://apps.apple.com/kr/app/id1596846159,2026-01-18T14:39:50.685356
간편,핸드폰 앱에서 들을수 있어서 좋아요,5,일산조르바,2024-02-13T07:50:34-07:00,yanadu,review,appstore,시원스쿨,https://apps.apple.com/kr/app/id1596846159,2026-01-18T14:39:50.685356
강의 연관 mp3 플레이어 지원 요청,"제가 제이크쌤 28시간 토스 강의를 듣습니다.
책도 샀고요.
각 지문 별로 mp3 파일이 있는데, 앱에서 강의 연관 mp3 플레이어를 함께 지원하면 좋겠습니다.
그럼 정말 최고의 앱이 될 수 있을 것 같습니다",4,bbayam1224,2024-02-12T07:29:50-07:00,yanadu,review,appstore,시원스쿨,https://apps.apple.com/kr/app/id1596846159,2026-01-18T14:39:50.685356
쉬어요 조아요,쏙쏙 들어와요,5,난초21,2024-02-12T01:05:18-07:00,yanadu,review,appstore,시원스쿨,https://apps.apple.com/kr/app/id1596846159,2026-01-18T14:39:50.685356
좋아요,기존앱보다 더 다채로워서 좋습니다!!,5,요이따다앙,2024-02-09T02:11:27-07:00,yanadu,review,appstore,시원스쿨,https://apps.apple.com/kr/app/id1596846159,2026-01-18T14:39:50.685356
앱 개발이 좀 많이 필요할거 같습니다…,"저는 아이패드로 보는데 아이패드랑 완벽하게 호환도 잘 안되는 거 같고,
키보드로 건너 뛰기, 일시정지도 안되고, 단축키도 없고,
분명 다른 강의를 눌렀는데 예전 강의가 나오고…
저 진짜 리뷰 안쓰는데 365일 패키지 사고 꾸준히 들으려 하는데,
사용하기 너무 불편해요… 개선좀 부탁드립니다.",3,호보유술,2024-02-08T05:21:40-07:00,yanadu,review,appstore,시원스쿨,https://apps.apple.com/kr/app/id1596846159,2026-01-18T14:39:50.685356
"더블클릭, 창닫기 버튼이 생기면 좋겠습니다.","1. 10초 건너뛰기 하려면 화면 눌러서 건너뛰기 버튼을 따로 눌러야하는 게 불편합니다. 더블클릭으로도 가능하면 좋겠어요.
2. X 버튼 같이 창 닫는 버튼이 필요합니다.... 한 강의 다 듣고 끄려면 어플 전체를 종료해야하는 게 너무 불편해요.

그거 말고는 다 좋아용~~!",4,혀닝밍,2024-02-05T18:16:55-07:00,yanadu,review,appstore,시원스쿨,https://apps.apple.com/kr/app/id1596846159,2026-01-18T14:39:50.685356
앱이 자꾸 꺼지네요,"안녕하세요. 강의 멈춤 눌러 놓고 강의노트나 질문 보고 있으면 자꾸 자동 재생 되거나 그냥 앱이 꺼집니다. 

배속 빠르게 보면 강의를 처음부터 끝까지 다 봤어도 진도율에 전혀 반영이 안 되는 것도 별로네요.",2,gorrru,2024-02-03T20:45:43-07:00,yanadu,review,appstore,시원스쿨,https://apps.apple.com/kr/app/id1596846159,2026-01-18T14:39:50.685356
학습에 도움이 돼요!,"디테일함까지 많이 신경쓰셨어요 ㅎㅎ
공부하기 편리함!",5,Archi DoDo,2024-01-25T00:38:45-07:00,yanadu,review,appstore,시원스쿨,https://apps.apple.com/kr/app/id1596846159,2026-01-18T14:39:50.685356
렉,"자꾸 잠시만 기다려달라구…
앱 나갔다 들어가길 반복해도 작동이 안되네여ㅜㅜ",2,다솜나나아,2024-01-23T05:51:09-07:00,yanadu,review,appstore,시원스쿨,https://apps.apple.com/kr/app/id1596846159,2026-01-18T14:39:50.685356
강의 중간에 다음 강의로 넘어가는 오류,강의를 듣다보면 중간에 갑자기 다음 강의로 넘어가는 경우가 있습니다. 혹시 오류가 있는지 확인 부탁드립니다. 감사합니다.,4,kkkymy,2024-01-19T11:24:23-07:00,yanadu,review,appstore,시원스쿨,https://apps.apple.com/kr/app/id1596846159,2026-01-18T14:39:50.685356
나쁘진 않네요,ㅇㅇ,2,Ktxqa,2024-01-18T06:31:52-07:00,yanadu,review,appstore,시원스쿨,https://apps.apple.com/kr/app/id1596846159,2026-01-18T14:39:50.685356
첫수업,너무 쉽게 이해가 쏙쏙 됩니다,5,준마3,2024-01-16T07:47:28-07:00,yanadu,review,appstore,시원스쿨,https://apps.apple.com/kr/app/id1596846159,2026-01-18T14:39:50.685356
시원스쿨 왕초보탈출,"너무 좋습니다. 40대가 돼서 자기계발로 영어를 배워보자는 마음에 시작했는데 정말 집중도 잘되고, 자연스럽게 탁! 나와야한다는 말이 너무 와닿아서 그런 마음가짐으로 임하고 있습니다. 열심히 하겠습니다.",5,ㅎ형사,2024-01-16T06:04:48-07:00,yanadu,review,appstore,시원스쿨,https://apps.apple.com/kr/app/id1596846159,2026-01-18T14:39:50.685356
;;,왜 3강을 눌렀는데 계속 1강이 재생될까요 정말 답답하네;;;;;;,1,새싹오린이,2024-01-15T06:28:41-07:00,yanadu,review,appstore,시원스쿨,https://apps.apple.com/kr/app/id1596846159,2026-01-18T14:39:50.685356
수업이랑 콘텐츠는 너무 좋은데요..,강의 눌러서 들으려고 할때마다 URL이 잘못되었다는 오류가 자꾸 뜹니다ㅠ 수정부탁드려요,4,소르소르소르,2024-01-14T15:45:44-07:00,yanadu,review,appstore,시원스쿨,https://apps.apple.com/kr/app/id1596846159,2026-01-18T14:39:50.685356
이해가 잘돼요,이제 영어가 재밌어지려해요,5,5분만더~,2024-01-14T04:46:35-07:00,yanadu,review,appstore,시원스쿨,https://apps.apple.com/kr/app/id1596846159,2026-01-18T14:39:50.685356
정말 최고에요!!!,Yessi 선생님 강의 정말 잘 하십니당~~,5,아스뚜리아스,2024-01-13T22:07:55-07:00,yanadu,review,appstore,시원스쿨,https://apps.apple.com/kr/app/id1596846159,2026-01-18T14:39:50.685356
생각보다 쓸만합니다.,기존 댓글에 하도 말이 많이서 걱정했는데 공부하는데 하등 지장이 없습니다.,5,KOREATECH08,2024-01-13T08:33:15-07:00,yanadu,review,appstore,시원스쿨,https://apps.apple.com/kr/app/id1596846159,2026-01-18T14:39:50.685356
중간에 듣다기 끊기는 문제,끝까지 듣지 않았는데 자동으로 넘어가요.,3,어그리공공,2024-01-12T16:29:45-07:00,yanadu,review,appstore,시원스쿨,https://apps.apple.com/kr/app/id1596846159,2026-01-18T14:39:50.685356
잘 쓰고 있습니다.,잘 쓰고 있어요. 좋습니다.,5,겨울눈꽃,2024-01-12T15:57:33-07:00,yanadu,review,appstore,시원스쿨,https://apps.apple.com/kr/app/id1596846159,2026-01-18T14:39:50.685356
좋아요,시간 날 때마다 재시청 가능한 점이 좋아요,5,디노사이공,2024-01-10T15:53:13-07:00,yanadu,review,appstore,시원스쿨,https://apps.apple.com/kr/app/id1596846159,2026-01-18T14:39:50.685356
시원스쿨짱,쉽고  알차고  지루하지않고  재미있어요,5,Kmgfg,2024-01-06T22:35:26-07:00,yanadu,review,appstore,시원스쿨,https://apps.apple.com/kr/app/id1596846159,2026-01-18T14:39:50.685356
최고예요,"아이가 하기도 좋아요,",5,이오붕붕,2024-01-03T17:59:50-07:00,yanadu,review,appstore,시원스쿨,https://apps.apple.com/kr/app/id1596846159,2026-01-18T14:39:50.685356
반응속도 괜찮음 평가 일단 보류,ㅇㅅㅇ아직 한 강의 들었다 이걸로,3,이따치,2024-01-03T00:16:04-07:00,yanadu,review,appstore,시원스쿨,https://apps.apple.com/kr/app/id1596846159,2026-01-18T14:39:50.685356
시원스쿨 첫강의,"미루고 미루던 영어공부!!
풀리지 않는 큰 숙제로 남아있었던 영어!!
1월 1일 새해부터 시작했습니다!! 
워낙 유명해서 따져보지도 않고 수강신청했고 
20분강의가 재미나서 순삭이네요^^",5,평행봉,2024-01-01T02:55:53-07:00,yanadu,review,appstore,시원스쿨,https://apps.apple.com/kr/app/id1596846159,2026-01-18T14:39:50.685356
쓰레기어플..,"다운로드 재생 불가, 잦은 오류. 
강의 다 들어도 플레이바는 초반에 머뭄
강의를 들어도 완강 체크 안됨. 
환급반 사실상 불가능에 가까운..

리뷰 처음 써보는데 도대체 문제 질문보다 기술팀 문의를 훨씬 많이하네. 뭐 볼게 있다고 보안을 엉망으로 해놓는지.. 해커스나 들을껄 ㅠ 진짜 기술적으로 엉망이예요",1,Jthelight_KR,2023-12-27T17:50:01-07:00,yanadu,review,appstore,시원스쿨,https://apps.apple.com/kr/app/id1596846159,2026-01-18T14:39:50.685356
진짜 앱 쓰레기같음,렉걸리고 다음 동영상으로도 잘 안 넘어가지고 로그인도 잘 안 되고 어플 계속 껐다켜야되고 공부 집중해서 하다가 흐름 다 끊기는 적이 한 두 번이 아님,1,ahdbdnwn,2023-12-27T01:05:07-07:00,yanadu,review,appstore,시원스쿨,https://apps.apple.com/kr/app/id1596846159,2026-01-18T14:39:50.685356
편하네요,어플로 바로 수강하니까 편하네요.,5,지누2848,2023-12-25T01:14:13-07:00,yanadu,review,appstore,시원스쿨,https://apps.apple.com/kr/app/id1596846159,2026-01-18T14:39:50.685356
계속 듣게되요,재밋는 강의 감사합니다 지루하지 않아서 계솓 듣게 되요.,5,장김치,2023-12-21T17:02:10-07:00,yanadu,review,appstore,시원스쿨,https://apps.apple.com/kr/app/id1596846159,2026-01-18T14:39:50.685356
예전에 들엇던 강의를 보니 새록새록,"이번엔 마음먹엇던만큼 결과를 달성해서 
보람도느끼고 환급도받아보고,여행가서도 꼭 배운거 써먹고싶어요! 무엇보다 주변사람들에게 자랑하고싶네요~~
근데 어플 마니 조아졋네요!!
혜택이 풍성하고 좋은거같아요 영아학원 안가도 
든든합니다!! 이번겨울 시원스쿨로 영어 초보탈출해볼게요!",5,이상한나라의에이스,2023-12-15T00:13:10-07:00,yanadu,review,appstore,시원스쿨,https://apps.apple.com/kr/app/id1596846159,2026-01-18T14:39:50.685356
부정문,"새록새록 기초부터하니 새롭네요
두번째강의인데, 앞으로 강의 더 들어보고 후기 남길께요~*",4,똥실공쥬,2023-12-12T04:42:50-07:00,yanadu,review,appstore,시원스쿨,https://apps.apple.com/kr/app/id1596846159,2026-01-18T14:39:50.685356
첫강의,"첫강의를 오늘 들었는데 선생님의 매력에 푹 빠졌습니다.
영어를 잘 할수 있을 것 같은 느낌이 팍팍 옵니다.",5,황난영,2023-12-05T06:57:44-07:00,yanadu,review,appstore,시원스쿨,https://apps.apple.com/kr/app/id1596846159,2026-01-18T14:39:50.685356
최고에요,공부 잘하게 되어있네요 최고에요,5,상하이에니팡,2023-11-30T04:12:16-07:00,yanadu,review,appstore,시원스쿨,https://apps.apple.com/kr/app/id1596846159,2026-01-18T14:39:50.685356
편리해용-!,"처음
사용하는데 복잡하지 않고 좋습니다~😊",5,미앵♥,2023-11-28T15:39:33-07:00,yanadu,review,appstore,시원스쿨,https://apps.apple.com/kr/app/id1596846159,2026-01-18T14:39:50.685356
진짜 답답해요,걍 웹사이트 자체에 문제가 많아서 강의 다시 보려고 하면 렉 걸려서 나갔다 들어와야해요 너무 답답해서 리뷰 씀,2,싼클,2023-11-23T04:10:38-07:00,yanadu,review,appstore,시원스쿨,https://apps.apple.com/kr/app/id1596846159,2026-01-18T14:39:50.685356
국민영어법,오늘 첫 강의 오티였는데 기대되어요!!!,5,콩콩이닷,2023-11-18T09:02:33-07:00,yanadu,review,appstore,시원스쿨,https://apps.apple.com/kr/app/id1596846159,2026-01-18T14:39:50.685356
일시정지,일시정지한채 필기하고 나면 강의 재생이 절대 안되네요;;; 삭제하고 다시 깔아야 합니다 너무 불편해요,1,yr76,2023-11-16T03:29:28-07:00,yanadu,review,appstore,시원스쿨,https://apps.apple.com/kr/app/id1596846159,2026-01-18T14:39:50.685356
로그인,갑자기 로그인이 안돼요. 구 시원스쿨 앱과 웹 접속 시 정상 이용 가능한데 이 앱만 로그인 하면 안됩니다.,2,한국인의매운맛,2023-11-15T21:33:49-07:00,yanadu,review,appstore,시원스쿨,https://apps.apple.com/kr/app/id1596846159,2026-01-18T14:39:50.685356
알고있지만 입으로 나오지 않는 언어,알고있지만 입으로 나오지 않는 언어를 연습하게 해주는 시원스쿨 ^_^,5,포천정,2023-11-10T16:43:37-07:00,yanadu,review,appstore,시원스쿨,https://apps.apple.com/kr/app/id1596846159,2026-01-18T14:39:50.685356
ㅇㅣ해햇어요 끄게 해주세요,영상막바지에 이해햇어요 좀 끌수잇게,5,gamer2514,2023-10-31T11:05:18-07:00,yanadu,review,appstore,시원스쿨,https://apps.apple.com/kr/app/id1596846159,2026-01-18T14:39:50.685356
좋아요,"터치두번연속했을때 재생타임라인 앞,뒤이도이안되는데 아직 미지원인가요?",4,성팍,2023-10-25T23:53:49-07:00,yanadu,review,appstore,시원스쿨,https://apps.apple.com/kr/app/id1596846159,2026-01-18T14:39:50.685356
좋기는 하나 불완전,아이폰애서는 두번 탭해서 뒤로가기나 앞으로 가기가 안됩니다. 강의의 질은 괜찮은 것 같습니다,3,hiswordsini,2023-10-12T22:24:49-07:00,yanadu,review,appstore,시원스쿨,https://apps.apple.com/kr/app/id1596846159,2026-01-18T14:39:50.685356
렉먹어요,"일시정지시키고 복습하는데 
자꾸 저절로 강의가 재생되고 화면을 나가도 소리가 들려요 
렉도 많이 먹고요 강의 10초 돌리기 만들어주세요",1,메이플이용자,2023-10-12T22:22:32-07:00,yanadu,review,appstore,시원스쿨,https://apps.apple.com/kr/app/id1596846159,2026-01-18T14:39:50.685356
꿀이예요,달다 달아,5,Bigboy1902,2023-10-04T02:11:47-07:00,yanadu,review,appstore,시원스쿨,https://apps.apple.com/kr/app/id1596846159,2026-01-18T14:39:50.685356
좋아요,굿굿굿굿,5,태국선교,2023-10-03T03:54:40-07:00,yanadu,review,appstore,시원스쿨,https://apps.apple.com/kr/app/id1596846159,2026-01-18T14:39:50.685356
강의 다운로드가 어려워요,"여러 강의를 동시 다운받으면 중간에 자꾸 멈춰요. 한개의 강의만 다운 받아도 가끔 그러고, 용량대비 너무 오래걸려요. 정말 불편해요.",1,수강생100,2023-10-01T23:23:58-07:00,yanadu,review,appstore,시원스쿨,https://apps.apple.com/kr/app/id1596846159,2026-01-18T14:39:50.685356
잘 사용중입니다,"핸드폰으로 강의 수강할 때
종종 이용하는데 개선되었으면
하는 점이 몇가지 있습니다.
1. 강의를 보다가 중간에 껐다가
다시 보려고 재생버튼을 누르면
이전 강의가 스트리밍 됩니다.
영상컨트롤바가 잘 되지 않을때도
있어요.
(앱을 껐다켜면 다시 되긴합니다;;)
2. 반복학습을 할 때 영상을 안보고
핸드폰을 잠김화면인 상태에서
소리만 듣고 싶은데 영상을 켜고
있어야 해서 아쉽습니다.
3. 영상을 재생중에 다른 앱(카톡 등)으로
이동하면 화면이 작아지면서 플레이가
되면 좋겠습니다.",4,빵만보,2023-09-27T20:02:34-07:00,yanadu,review,appstore,시원스쿨,https://apps.apple.com/kr/app/id1596846159,2026-01-18T14:39:50.685356
2023 9월22일 버전 받은뒤로 데이터가 미친듯이 나가요,9월 22일 받은뒤로 다운로드 강의 듣는데도 데이터가 미친듯이 빠져나가요… 하루에 1기가씩 먹어버리는데… 무제한 아니신 분들은 조심하세요.,1,우잉뿌잉힝,2023-09-27T19:04:05-07:00,yanadu,review,appstore,시원스쿨,https://apps.apple.com/kr/app/id1596846159,2026-01-18T14:39:50.685356
스킵/일시정지 버튼 오류,영상 재생 중에 스킵/일시정지 버튼이 갑자기 합쳐지면서 터치가 안 되는 현상이 계속 돼요 앱을 껐다가 다시 들어오면 괜찮은데 연속으로 그러니까 공부를 할 수가 없어요,2,서진parㄱ,2023-09-26T06:11:42-07:00,yanadu,review,appstore,시원스쿨,https://apps.apple.com/kr/app/id1596846159,2026-01-18T14:39:50.685356
시원스쿨히브리어 통해서 많이 배워요,강사님 너무 잘 가르치시구요^^ 귀에 쏙쏙 들어오고.. 혼자서도 말이 막 나오네요~ 정말 감사합니다.,5,깁보르하일,2023-09-26T06:07:56-07:00,yanadu,review,appstore,시원스쿨,https://apps.apple.com/kr/app/id1596846159,2026-01-18T14:39:50.685356
오류가 많아요,"베타서비스라서 그렇다고하던데
빨리 고쳐주세요…돈주고 듣는건데…",1,아이엘츠dkdldpfvm,2023-09-24T08:52:45-07:00,yanadu,review,appstore,시원스쿨,https://apps.apple.com/kr/app/id1596846159,2026-01-18T14:39:50.685356
강의는 좋은데 앱 사용성이...,"오류가 많아요..
영상 컨트롤 하는것도 불편흐구요..
강의는 좋아서 열심히 듣고 있습니다",3,이..이러지마,2023-09-23T07:02:28-07:00,yanadu,review,appstore,시원스쿨,https://apps.apple.com/kr/app/id1596846159,2026-01-18T14:39:50.685356
학원어플 중 이만큼 잘 만든 것 드물어요,감사합니다.,4,지나가던 시립대생,2023-09-23T06:01:52-07:00,yanadu,review,appstore,시원스쿨,https://apps.apple.com/kr/app/id1596846159,2026-01-18T14:39:50.685356
좋아용❤️❤️❤️,좋아용❤️❤️❤️,5,Sarah153300,2023-09-22T07:13:34-07:00,yanadu,review,appstore,시원스쿨,https://apps.apple.com/kr/app/id1596846159,2026-01-18T14:39:50.685356
굳,국,4,HertzCharley,2023-09-21T22:55:02-07:00,yanadu,review,appstore,시원스쿨,https://apps.apple.com/kr/app/id1596846159,2026-01-18T14:39:50.685356
영어는 시원스쿨,"언제든지 시간이 허락 할 때 영어를 배우기 좋아요~
매일 20분 딱 그 정도로 하나씩 영상들을 배워
가다보면 욕심도 나고 잘 할 수 있을거 같은 자신감이
생겨요👍👍🤗 복습도 따로 저장이 되어서 잊어
버리기 전에 반복학습 하기도 좋고 너므 만족하고 있어요😍 영어 학원 생각하고 계신다면 시원스쿨 먼저 해보세요 시간 들여 장소 이동 할 필요 없고 이해 안 되는 부분도 여러차례 반복 하기도 좋고 너무 강추 입니다",5,Anash K,2023-09-21T21:35:20-07:00,yanadu,review,appstore,시원스쿨,https://apps.apple.com/kr/app/id1596846159,2026-01-18T14:39:50.685356
쉽고 재미있네요,참 쉽고 재미있네요,5,뇽색깔이,2023-09-21T15:33:27-07:00,yanadu,review,appstore,시원스쿨,https://apps.apple.com/kr/app/id1596846159,2026-01-18T14:39:50.685356
오류가 너무 많음,역대 써본 어떤 어플보다도 오류가 많습니다. 인터페이스도 불편하고 강의 썸네일이 다른 강의일때도 있고 눌렀을때 다른 강의가 틀어지기도 하고 어플 자체의 반응도 느리고 기본적으로 자잘한 오류들이 너무 많아서 강의를 듣기가 너무 힘듭니다. 일시정지가 안먹힐때도 너무 많구요.. 강의듣는게 불편해서 미쳐버립니다..,1,히햔이,2023-08-18T11:07:39-07:00,yanadu,review,appstore,시원스쿨,https://apps.apple.com/kr/app/id1596846159,2026-01-18T14:39:50.685356
화질선택기능,동영상 화질을 선택할 수 있게 만들면 좋을 것 같음,3,ㅓㅎ허야ㅑ우다애,2023-08-17T18:03:55-07:00,yanadu,review,appstore,시원스쿨,https://apps.apple.com/kr/app/id1596846159,2026-01-18T14:39:50.685356
오류가 잦는게 아니라 그냥 오류 범벅임,"자동 로그인 해지되고
로그인 해도 계속 로그인화면으로 도돌이표
이렇게 불편하면 어떻게 쓸수 있는 건가요",1,dkshfjei,2023-06-30T08:01:29-07:00,yanadu,review,appstore,시원스쿨,https://apps.apple.com/kr/app/id1596846159,2026-01-18T14:39:50.685356
계정오류,아니 매번 들어갈때마다 자동 로그아웃 되있는건 기본이고 수강목록이 항상 비워져있어요 이게 무슨일인지 요새 아이패드나 폰으로 강의 안듣는 사람이 없는데 이런 문재하나 해결을 아직도 못했다는게 매우 실망이네요.,1,Intelwwdlg1325@,2023-06-20T05:52:58-07:00,yanadu,review,appstore,시원스쿨,https://apps.apple.com/kr/app/id1596846159,2026-01-18T14:39:50.685356
오류가 잦아요,"매주 금요일 토요일 되면 자동 로그인 해제
되고 로긴하면 수강목록이 비워져있어요
앱삭제후 새로 설치하면 정상이구요
오늘 급기야 새로 설치했는데 오류팝업: TODAY MISSIN 만 수십번 팝업되면서 다음 화면 진행이 인됩니다",3,저스트지니,2023-06-09T20:54:55-07:00,yanadu,review,appstore,시원스쿨,https://apps.apple.com/kr/app/id1596846159,2026-01-18T14:39:50.685356
"오류,,,","학습지에 있는 큐알코드 찍으면 유효하지 않은 강의라고 나옵니다,,",3,꿍로러,2023-06-06T02:58:10-07:00,yanadu,review,appstore,시원스쿨,https://apps.apple.com/kr/app/id1596846159,2026-01-18T14:39:50.685356
오류,"어플에 강의실 목록도 안뜨고 
자동로그인해도 계속 로그아웃 처리되서
고객센터 문의글 올리려고 했는데
문의글도 안남겨집니다.. 
Undefind_Data('token') 이렇게 보여요 
어떻게 해결하나요?",1,구마벌,2023-06-01T23:42:24-07:00,yanadu,review,appstore,시원스쿨,https://apps.apple.com/kr/app/id1596846159,2026-01-18T14:39:50.685356
제2외국어 강의 신청했는데,왜 강의실에 뜨지도 않나요..,1,귤양갱,2023-05-22T06:06:38-07:00,yanadu,review,appstore,시원스쿨,https://apps.apple.com/kr/app/id1596846159,2026-01-18T14:39:50.685356
강의는 좋지만 그렇지 않는 어플,"강의질은 좋지만 어플는 불편하다고 생각합니다.
1. 동영상 정지키는 버튼이나 스킵의 버튼의 면적이 작아 눌러도 작동을 잘안된 경우가 태반입니다. 
2. 동영상 하단에 메뉴바가 가끔식 생기는 버그가 있습니다. 
자잘구리한 것들이지만 불편해서 혹시나 바꿔줄수있나는 차원으로 남깁니다",2,책방1:3,2023-05-11T22:23:31-07:00,yanadu,review,appstore,시원스쿨,https://apps.apple.com/kr/app/id1596846159,2026-01-18T14:39:50.685356
프로그램 자체가 너무 별로입니다..,"인터넷 강의 어플인데 이렇게 튕기고 멈추고...
튕겨서 재접속 하면 공부하던 곳은 다 날아가버리고
강의 자체는 좋은데 개발자는 따로 더 구하셔야 할거 같아요... 불편해서 핸드폰으로 보기가 싫으네요..",1,121213ofieb,2023-05-03T08:54:08-07:00,yanadu,review,appstore,시원스쿨,https://apps.apple.com/kr/app/id1596846159,2026-01-18T14:39:50.685356
메뉴 간편하구 좋은데 오류 있음,"자종로그인 설정했으나 로그아웃 되어있고, 로그인 하면 강의가 모두 없어져있어서 오류창을 여러번 본뒤 강제종료 하고 다시들어가야 제 계정의 결제 강의들이 보이는 경우가 잦네요. 해결이 시급해보입니다.",3,류강일,2023-04-21T02:56:17-07:00,yanadu,review,appstore,시원스쿨,https://apps.apple.com/kr/app/id1596846159,2026-01-18T14:39:50.685356
싱크 너무 안맞아요 돈주고 보는데 이게 뭔가요,스킵하거나 전에 들었던 강의 재수강하면 싱크가 아예 안맞아요 ㅡ ㅡ 어플말고 다른방법으로 보게 해주시던가 어플 오류수정 좀 해주세요. 싱크 진짜 개짜증나게 안맞아요 이럴거면 환불해주세요,1,냥낭코커눙,2023-04-14T02:10:26-07:00,yanadu,review,appstore,시원스쿨,https://apps.apple.com/kr/app/id1596846159,2026-01-18T14:39:50.685356
원래 이렇게 오류가 심한가요?,1강을 듣고 싶은데 계속 오리엔테이션만 반복재생되고 1강을 듣고 있는데 어플이 꺼져요.. 18분 짜리 강의 50분 들었어요 ㅋㅋㅋㅋ 이거 어플 사용 안하고 다른 방법으로 수업을 들을 수 있는 방법 알려주세요.. 하루 왠종일 이게 뭔가요,1,린링링,2023-04-10T17:28:37-07:00,yanadu,review,appstore,시원스쿨,https://apps.apple.com/kr/app/id1596846159,2026-01-18T14:39:50.685356
전보다 좋네요,업데이트 되더니 전보다 좋아요. 더 쉽고 편리해요!,5,포익,2023-04-09T17:11:12-07:00,yanadu,review,appstore,시원스쿨,https://apps.apple.com/kr/app/id1596846159,2026-01-18T14:39:50.685356
병1-신 어1플,"내 강의실 가도 강의 안뜸.
로그인 하고 들어가면 튕기는 다반사.
자동로그인 해놔도 매번 로그인하라고 뜸.
강의 팔아먹을려고만 하지말고 이벤트 같은거 집어치우고 어플에 돈좀 썼으면 좋겠음. 
동영상 내 터치도 존23-느 반응 없고 느려서 그냥 현장직강하러 가는게 빠른 수준 .",1,서서용ㅇ,2023-04-09T02:25:28-07:00,yanadu,review,appstore,시원스쿨,https://apps.apple.com/kr/app/id1596846159,2026-01-18T14:39:50.685356
SNS 로그인이 불가능합니다.. 개선 부탁드려요…,앱을 사용하려고 했는데 sns로그인은 계속 오류가 발생해요ㅠ,1,qazqaz1-1,2023-04-06T05:27:57-07:00,yanadu,review,appstore,시원스쿨,https://apps.apple.com/kr/app/id1596846159,2026-01-18T14:39:50.685356
강의 들을때 이용중이에요.,"시원스쿨 강의 들을 때 이용중이에요.
매일매일 미션이 주어져서 공부할 의지도 나고 좋으네요! 약간의 오류가 아직 있지만 빨리 해결해주시리라ㅜ믿습니다 ◡̎",5,douWe_cyj,2023-03-29T00:17:32-07:00,yanadu,review,appstore,시원스쿨,https://apps.apple.com/kr/app/id1596846159,2026-01-18T14:39:50.685356
올,이전보다 세련되어진것같아요~ 역시 트랜드를따라가는 시원스쿨이네요 ㅋㅋ 전보다 메뉴찾는것도 쉬워진것같습니덩~~~~~~~.,5,주주주주주주주주우,2023-03-29T00:11:40-07:00,yanadu,review,appstore,시원스쿨,https://apps.apple.com/kr/app/id1596846159,2026-01-18T14:39:50.685356
좋아요 ㅎㅎㅎ,학습에 최적화되어 있습니다!,5,rudy8874,2023-03-29T00:10:50-07:00,yanadu,review,appstore,시원스쿨,https://apps.apple.com/kr/app/id1596846159,2026-01-18T14:39:50.685356
편해졌어요,전에 앱보다 깔끔하고 편해졌어요,5,오하하핳잇,2023-03-28T23:57:58-07:00,yanadu,review,appstore,시원스쿨,https://apps.apple.com/kr/app/id1596846159,2026-01-18T14:39:50.685356
한마디로 정의할수 없을만큼 어플이 거지같아요,"로딩도 느리고,
다음 강의 들으려고 터치해도 계속 이전에 듣던 강의가 재생되고,
앞뒤로 몇초씩 빨리 넘기는 것도 터치 잘 안되고,,

걍 전반적으로 거지같아요 어플이

이런걸로 강의 들으라고 하는게 진짜 시간낭비에요.
강의 듣는 시간보다 로딩시간이 더 길고, 다음영상 재생은 안되고, 배속 바꾸면 또 바꾼대로 영상 로딩시간 길어지고 걍 뭐 같아요 어플이",1,KKangye,2023-03-28T07:48:36-07:00,yanadu,review,appstore,시원스쿨,https://apps.apple.com/kr/app/id1596846159,2026-01-18T14:39:50.685356
최악,"가로모드도 안돼, 필기도 안돼, 자꾸 튕겨서 수업도 못들어... 정말 최악의 아플
시원스쿨에서 앱제작관리업체 고소해도 할말없음",1,장난하세요?ㅋㅋㅋㅋ,2023-03-28T02:35:00-07:00,yanadu,review,appstore,시원스쿨,https://apps.apple.com/kr/app/id1596846159,2026-01-18T14:39:50.685356
강의 클릭하면 튕김,아이패드에서 강의 클릭하면 튕겨서 강의를 볼수 있는 방법이 없음,1,일리어스,2023-03-27T22:37:45-07:00,yanadu,review,appstore,시원스쿨,https://apps.apple.com/kr/app/id1596846159,2026-01-18T14:39:50.685356
좋아요~,좋습니다. 열공,5,작전장교,2023-03-27T19:22:49-07:00,yanadu,review,appstore,시원스쿨,https://apps.apple.com/kr/app/id1596846159,2026-01-18T14:39:50.685356
가로모드 지원은 좋으나 강의 실행이 안됌,강의 실행하면 앱이 꺼지네요. 아이패드 미니6입니다,1,현성준,2023-03-26T05:55:16-07:00,yanadu,review,appstore,시원스쿨,https://apps.apple.com/kr/app/id1596846159,2026-01-18T14:39:50.685356
화면이꺼져요,"강의듣기누르면왜꺼지나요?
아이패드업데이트,어플삭제및재설치 등 여러번했는데도 어플자체가 꺼져버리는데...",1,또로로23,2023-03-26T05:33:47-07:00,yanadu,review,appstore,시원스쿨,https://apps.apple.com/kr/app/id1596846159,2026-01-18T14:39:50.685356
개선요청사항,"안녕하세요. 아이패드를 사용하고 있는 사용자입니다. 아래내용은 현대 불편을 겪고있는 사항입니다. 1.가로모드 인식 아이패드 상 가로모드로 전환했어도 세로에서 가로로 전환이안됨. 자체 해결책으로는 강의영상 하나를 뒤로 밀어 이해/복습필요 여부를 묻는 안내창을 띄우게 하면 가로모드로 전환됨 2. 강의영상 스킵 기능 이전어플은 유투브처럼 왼,오른쪽을 두번 터치하면 5~10초단위로 스킵되던데 지근은 안되어서 불편 3. 강의목록 정렬 강의순서대로 되어있지않고 week11, week22이런식으로 2배수씩 붙어있어 강의를 이어 보기 어려움 4. 이해, 복습필요여부 질문창 선생님 마무리멘트 중 끊고 질문창이 뜸",1,토익러가갸거겨,2023-03-14T00:27:09-07:00,yanadu,review,appstore,시원스쿨,https://apps.apple.com/kr/app/id1596846159,2026-01-18T14:39:50.685356
화면회전,패드로 강의 들으려하는데 강의화면 회전이 안돼서 들을 수가 없네요,1,ㅇㄹㅇㄹㅇㅇㄹㄹ,2023-03-12T05:18:00-07:00,yanadu,review,appstore,시원스쿨,https://apps.apple.com/kr/app/id1596846159,2026-01-18T14:39:50.685356
오류가 너무 많아요,에어팟으로 들으면 공간음향 켜지도 않았는데 공간음향으로 들립니다. 비활성화해도 마찬가지에요… 배속으로 조절하면 싱크가 안맞아요… 가로모드 제발 빨리 패치좀 부탁드릴게요,1,이거는아니자나,2023-03-08T01:29:20-07:00,yanadu,review,appstore,시원스쿨,https://apps.apple.com/kr/app/id1596846159,2026-01-18T14:39:50.685356
하....,"명색이 인터넷 강의인데 치명적인 오류가 너무너무 많아요... 강의를 듣다가 잠시 다른 어플을 들어갔다 오면, 갑자기 뜬금없는 다른 강의들이 재생되고 있거나 합니다. 
또 도대체 왜이렇게 터치범위를 좁게 해놓으신건지 화면축소 버튼 등 다른 버튼들을 누르려고만 하면 잘 안눌러져서 정확히 천천히 정 가운데만을 터치해야됩니다.. 진짜 시원스쿨 본사에서는 어플 검수를 안하는겁니까?",1,고봉고봉밥,2023-02-20T01:28:13-07:00,yanadu,review,appstore,시원스쿨,https://apps.apple.com/kr/app/id1596846159,2026-01-18T14:39:50.685356
아이패드 화면 분할이 안돼요,이전 앱은 화면 분할해서 한쪽에서 필기하고 그랬는데 이번에는 안되네요 불편해요ㅜ,3,와이것도사용중아라고?,2023-02-13T23:29:14-07:00,yanadu,review,appstore,시원스쿨,https://apps.apple.com/kr/app/id1596846159,2026-01-18T14:39:50.685356
