title,url,video_id,search_keyword,company,source_type,source_platform,collected_at,comments,comments_count
09:11,https://www.youtube.com/watch?v=oCEoy3e4yYc,oCEoy3e4yYc,링글 후기,Ringle,sns,YouTube,2026-01-18 10:21:04,"03:12 : 왕초보 모먼트
04:27 : 워크샵을 모르는 튜터
05:15 : 몸으로 말해요?
07:56 : 튜터님이 추천해주신 사이트 | 왕초보라길래 나랑 비슷할줄 알았는데 어느정도 기본기는 갖춰진 초보시네요ㅜ | 하 넘 웃겨요 ㅠㅠㅠㅠ 그리고 멋잇어요... 제가 봤을 땐 겁나 잘하심 ㄷㄷㄷㄷ | 안녕하세요! 혹시 영상이 1년정도 지났는데 현재는 영어회화가 많이 느셨는지 궁금해요! | 오우! 넘 상세한 영상 감사합니다~! ㅎㅎ 다음에 한 번 도전해봐야겠어요 ㅎㅎ | 화상영어 수업 고민중인데 참고가 많이 됐어요!! 정말 감사합니다 | 제가 봤던 후기 중 가장 도움됩니다.. | 링글 진행 결심에 큰 도움 받았습니다. 감사합니다. | 무도짤 맘에들어요.. | 썸네일 보고 놀랐어요! 저도 엘레나쌤 좋아서 몇번 들었거든요! 요즘에는 수업을 잘 안하시는지 오픈되어있는 클래스가 없더라구요!! | 책놓은지40년된는데 다시공부하러니깐 모든게 어렿네요 | ㅋㅋㅋㅋㅋㅋ너무 나같아서 웃펐어요 흐 혼자 연습해볼땐 좀 되는거 같른데 왜 원어민 앞에서는.. | 저보다 잘하시네요 훨씬~~  T.T 오늘 첫 수업인데...엄청 긴장되네요 | 잘봤어요!! 저랑 비슷한 실력인 사람 링글 후기 궁금했는데 감사해요",14
01:57,https://www.youtube.com/watch?v=obFtYbiEP58,obFtYbiEP58,링글 후기,Ringle,sns,YouTube,2026-01-18 10:21:04,"[제목] 전세계 영어수업은 다 찾아봤어요 ㅣ싱가포르 외국계 마케터 박근영님 링글 후기
[채널] 링글 1:1 화상영어",0
01:54,https://www.youtube.com/watch?v=2eHK7QxJP-8,2eHK7QxJP-8,링글 후기,Ringle,sns,YouTube,2026-01-18 10:21:04,Bonjour,1
14:15,https://www.youtube.com/watch?v=YkFiev9Rf58,YkFiev9Rf58,링글 후기,Ringle,sns,YouTube,2026-01-18 10:21:04,"영어공부하는데 쪽팔림은 감수해야한다는 말이 공감됩니다 저도 30대중반 영어공부를 계속하는데 원어민처럼 과연 영어를 할수있을지 의문이 생겼었는데 계속 정진해보겠습니다 감사합니다 | 안전한 쪽팔림공간 ..절대공감되네요 사무치게 영어가 필요한 미국이민온  삐뚜루인데 영상 잘보려고 구독했네요~ | 오오 링글 유료 광고라니! 일또님 추천이 진정성 있어서 굉장히 땡기네요~~ 영어를 늘 좋아하고 관심은 있지만 여행 영어 정도가 가능하니 그 이상 넘어가는 게 어렵고 계속 정체된 느낌이었는데 구독자 링크 타고 영어공부 시작해볼게요^^ | 와 맨손일기님 저랑 문제 똑같아요.. 쪽팔림의 연속에 영어가 모국어인 사람들한테 쪼는거 완전 ㅠㅠ 링글 저도 해볼래요! | 일또님 넘 멋있어요... 쪽팔림을 겪는다는 게 저에겐 너무 두려운 일이라 회피하려는 성향이 강한데... 영상을 보고 나니까 조금 용기가 생겼어요. 일또님 영상 볼 때 마다 위로와 힐링을 얻고 가는 것 같아요(용기도 그렇구요) 정말 감사합니다... !! | 저는 토익 600점대에 머물러있고, ㅡ단계에 멈춰서 있는것 같아요. 
링글 프로그램이 가격도 그렇고 참 괜찮아 보이네요.",6
05:20,https://www.youtube.com/watch?v=wRu9v2cqHm8,wRu9v2cqHm8,링글 후기,Ringle,sns,YouTube,2026-01-18 10:21:04,"0:20 링글 수업 엿보기
0:46 링글 후기
0:57 링글 알차게 이용하는 꿀팁
4:18 데일리 메이크업 + 속광 베이스 꿀팁 | 항상 잘보고 있어용! 2:49 에 나오는 팔찌 정보 알수있을까영?!",2
16:01,https://www.youtube.com/watch?v=WWbB19GuEIk,WWbB19GuEIk,링글 후기,Ringle,sns,YouTube,2026-01-18 10:21:04,"0:00 시작
0:07 인트로
01:16 링글앱 소개
02:25 수업 시작
 튜터 피드백
 수업 피드백

링글 초대코드: 25eald | 안녕하세여!호주에서 살 수도 있는데..!혹시 여름에 피부가 많이 타나요?!궁금합니다!",2
09:04,https://www.youtube.com/watch?v=J-Hu02IlQnY,J-Hu02IlQnY,링글 후기,Ringle,sns,YouTube,2026-01-18 10:21:04,"이 영상은 링글콘텐츠 공모전을 위해 제작되었습니다.
3등 우수상을 받아, 30만원 이용권을 획득하였습니다. | 6:01 - he said Wales, the country next to England! Together, England + Wales + Scotland + Northern Ireland makes up the United Kingdom (UK) :) | 혹시 수강권 등록하면 교재를 수업 안하는 날에도 혼자 개인적으로 공부용으로 사용 가능한가요? 주1회 수업인데 수업 못하는 날은 그냥 날리게 될까봐 걱정돼서 신청 전에 찾아보는 중인데 따로 말씀해주시는데가 없어용 ㅜㅜ | 선생님 안녕하세요 저는 이번에 블록체인쪽에 종사하게된 개발자입니다! 아무래도 영어를 ""읽기""만 할 시간이 많아지고 디스코드같은걸로 다른 외국인한테 질문을 많이하다보니 읽기와 쓰기는 잘되는데 듣기랑 말하기가 영 안되서, 그리고 유튜브에 영어로된 영상이 저한테 유익해보이는데 듣기가 안되서 이번에 링글을 해보려고 합니다! 

링글이 너무 수준이 높으신분들만 계셔서 그런지 자기소개도 잘은 말로는 잘 못하는 제가 감히 할수있을까 싶어서 이렇게 여쭤보게 됬습니다. 근데 수준에 대해서 먼저 말씀을 드리고 그냥 수업을 들어볼까하는데 괜찮을까요??? 퀄리티가 캠블리나 다른 곳에 비해서 너무 괜찮아보여서요!!

영상 너무많은 도움이 됬습니다 감사합니다!! | 하는데 몇시간 걸리나요? 재미는 있나요? 주제는 다양한 가요? | 화상영어를 잘 활용하려면 예습이 중요한데,
링글은 예습을 하게 만드는군요....
캠블리하는 중인데 링글 가격이 높았던 걸로 기억해서 망설여져요.
링글은 비용이 어떻게 되나요? 할인 받는 코드 같은 게 별도로 있을까요?",6
08:31,https://www.youtube.com/watch?v=KJKVvLa9LSo,KJKVvLa9LSo,링글 후기,Ringle,sns,YouTube,2026-01-18 10:21:04,"안녕하세요! 링글팀입니다 :) 
따로 광고/협찬 제의를 드린 것도 아닌데 이렇게 세세한 후기를 남겨주셔서 정말 감사합니다!!

구체적인 수업 설명 뿐 아니라 컨텐츠, 뉴스레터, 챌린지에 대한 설명까지.. 링글찐팬이 확실하시네요🥹
링글은 진심으로 링글 유저분들이 영어와 더 많은 기회에 대한 성장을 하실 수 있도록 돕고자 합니다!

고객분들과의 네트워킹에 대해 말씀해주신 것이 아주 정확한 포인트였는데,
링글은 단순 영어 플랫폼이 아니라 유저분들과 끊임없이 소통하며 링글팀 - 유저분들 - 튜터분들 간의 네트워킹을 통해 
서로 더 많은 동기부여와 인사이트를 얻을 수 있도록 노력하고 있습니다!!

영어 공부란 정말 어렵고 힘들지만, 그 한계만 깨면 훨씬 더 많은 기회들이 찾아오는 만큼 
링글 유저분들이 꾸준히, 그리고 즐겁게 영어의 성장을 하실 수 있도록 앞으로도 노력할 예정입니다 :) 

앞서 고객분들과의 네트워킹에 대해 말씀드렸던 것 처럼, 
저희 링글 오피스는 언제나 열려있기에 
고객센터나 링글 인스타그램 dm(@ringleedu)쪽으로 따로 연락 주시면 감사의 마음으로 초대를 드리고자 합니다! 
혹시 의사가 있으시거나 기회가 되신다면 언제든 편하게 연락 주세요!

다시 한 번 좋은 후기 영상 감사드립니다 | 유용하구 채널장님 말투가 너무 웃겨요ㅠㅋㅋㅋㅋㅋㅋㅋ 좋은 영상 감사합니다️️ | 링글에서 광고비 받았다고 해도 믿겠어요 이렇게 고퀄의 후기라니… | 고민중이였는데 세세한 리뷰영상 감사합니다! 일단 한 달 해봐야겠네요 | 우아 후기 정말 감사합니다. 링글과 캠블리 사이에서 고민하고 있었는데 아무래도 그냥 링글을 해야겠군요. 캠블리에서 영어 좀 편하게 만들어놓고 링글 해야겠다 했는데 난이도가 좀 있어도 그냥 처음부터 링글 해야겠네요.
감사합니다^^ | 왕초보도 할 수 있나용.. ? ㅠ | 우왕 너무 유용합니당~감사해요! | 유용한 후기 감사합니다! 혹시 튜터 성함 여쭤봐도 될까요? | 피드백 바로 듣는 설정이 좋나요? 아님 나중에 듣는 설정이 좋나요? | 링글이 비싸긴 한데.. 인풋이나 피드백 측면에서는 다른 대안이 없어보이네요 ㅠ | 링글 몇분 수업하셔요? | 링글은 영어실력이 어느 정도가 되어야 하나요? 버벅거리는 수준이면 안 될까요? ㅠ",12
08:52,https://www.youtube.com/watch?v=hcrm3Q4tkh8,hcrm3Q4tkh8,링글 후기,Ringle,sns,YouTube,2026-01-18 10:21:04,"[제목] 해외 직장인 일상ㅣ링글 내돈내산 후기ㅣ외근 가기ㅣ장보고 저녁 해먹는 일상
[채널] 쎄렌_SserenE",0
I don't like 다른 표현으로? #쇼츠 #shorts링글1:1 화상영어YouTube,https://www.youtube.com/watch?v=rC6oMCZ7kJ4,rC6oMCZ7kJ4,링글 후기,Ringle,sns,YouTube,2026-01-18 10:21:04,"지난번에 ""I like""를 다른 표현으로 하면 어떤게 있는지 알려드렸던 것 기억 하시나요?

오늘은 I don't like의 다른 표현입니다️

('5초 안에 3개의 표현이 기억 안난다...' 하시면 I like도 재복습하고 오기! 🫢)

 Luke, Pooja, Sarah 튜터가 알려주는 5가지 표현도 잘 기억해두고 활용해 보세요. | 이렇게 알려주시니 좋아요! 저도 토크스테이션에서 화상영어하는데 정확하게 알려주시니 익힐 수 있더라구요 영상에 나오는 모든 분들 발음 좋으시네요~",2
노글루 속눈썹 리뷰🫶🏻 몇번이 젤 이쁜거같애?#코링코 #속눈썹리뷰 #노글루속눈썹 #쇼츠진숭이🐒YouTube,https://www.youtube.com/watch?v=x6UjXGBO6oQ,x6UjXGBO6oQ,링글 후기,Ringle,sns,YouTube,2026-01-18 10:21:04,"많은 노글루를 써봤지만 코링코가 최고다 진짜...
가볍고 이쁘고 다함 

친언니가 코링코 최저가 마켓중이라
관심있는분들은 아래 링크
클릭 | 억지로 주근깨 만든거 이상해 ㅠ | 속눈썹 가까이 찍어줫으면 ... | 와 저는 퓨어가 제 눈에 착붙인데 사람마다 어울리는 디자인이 천차만별인가봐여 | 상세페이지는 와닿지 않았는데 덕분에 속 시원해요ㅠㅠ 생각보다 다 부담스럽지 않고 예뻐요!! 감사합니다️ | 3 정확 어장이라 생각 들게 해서 개짜증났음.. | 언니 개이뻐요 반함 | 코링코 11mm는 없나여…??? | 렌즈 뭐에요?",9
01:47,https://www.youtube.com/watch?v=D62OBCQ4qAo,D62OBCQ4qAo,링글 후기,Ringle,sns,YouTube,2026-01-18 10:21:04,"[제목] 미국 야후 리서치 사이언티스트가 링글을 선택한 이유 | 링글 1:1 화상영어 | 수업 후기
[채널] 링글 1:1 화상영어",0
24:31,https://www.youtube.com/watch?v=PIyN1k8lpbw,PIyN1k8lpbw,링글 후기,Ringle,sns,YouTube,2026-01-18 10:21:04,"최저가 구매가 가능한 제품들
day 2. 09:47
Top: NOEUD 노우드(*) (️~6/20일까지 35% 할인) https://noeudseoul.zvzo.store/i1otwY
day 3. 13:41
Sk: NOEUD 노우드(*) (️~6/20일까지 35% 할인) 
day3. 
홈웨어: HANE 하네(*)  (️~6/19일까지 최대 58% 할인) | 저도 달려옴 썸넬만 봐도 늘 내 스탈이 있어... | 심플비님 에어프라이기 정보 좀 부탁드려도 될까용? | 이번주도 달려왓지요 | 바로 달려와버리기
첫부분부터 보자마자 저장했어욬ㅋㅋ
세르클 저는 첨들어봤는데 베이컨이랑 해쉬보자마자 저장ㅋㅋ
그나저나 모노하 팬츠는 핏이 너무 이쁜데..무얼 데려오셨을까요...?ㅋㅋㅋ | 심플비 simple.B님 여름옷 소개 잘하시네요. | 저두달려왔어요 | 코디 취저 | 다움에 액세서리 추천 영상도 찍어주세요 다 너무 예뻐... | 더로우 가방도 너무 이쁘구 잠옷도!! 예쁘잖아요🫢 바쁠수록 힘내는 스타일이라는 말에 충격받고 갑니다️ㅎㅎ 어떻게 그러실수가.... 비님 영양제 뭐드시는 거예요(영상 중간에 가끔 보긴 했지만요) 대체 어떻게 이렇게 에너지가 넘치시징 | 문달 스커트 넘 이뻐요 그레이가 진짜 잘 어울리심ㅎㅎ 콩국수 담은 그릇 알 수 있을까요? 넘 상큼하고 유용해 보이네요 | 09:20 에 그레이가디건 세트 궁금해요 핏이 넘 예뻐요 | 매번 눈팅중인 구독자인데 심플비님 직무가 궁금해요,,,!!! 저도 외국계여서 영어써야하는 일이 많은데,,ㅎㅎㅎ중국어도 잘하시는것 같더라구요...!!부럽..!! | 심플비님~ 혹시 고기 굽는 그릴 어디껀지 알 수 있을까용? | 다 왜 달려와요.....ㅎㅎ",15
12:30,https://www.youtube.com/watch?v=UWXQdVeobwo,UWXQdVeobwo,링글 후기,Ringle,sns,YouTube,2026-01-18 10:21:04,"감동.. 영어하는모습 멋있어요!!!!! | 아 눙물 | 금송Goldsong님 영어공부 열심히 하시네요. | 방구석에서 폭풍눈물…ㅠㅠ | 같은 동네여서 너무 잘보고 있었는데 아쉽네요
새로운 도전 응원합니당",5
03:20,https://www.youtube.com/watch?v=bKTU0Oh2vPA,bKTU0Oh2vPA,링글 후기,Ringle,sns,YouTube,2026-01-18 10:21:04,"Ringle has given me the confidence, motivation, and skills to improve my English. I am trust. | 대학생 때 방송국에서 인턴을 했었는데 유명한 해외 바이올리니스트가 왔었는데 갑자기 mc분 스케줄이 펑크나서 제가 5분 내로 인터뷰에 투입된 적이 있습니다.. ㅎㅎ 인터뷰지가 있었지만 영어에 유창하지 못하니 자연스럽게 대화를 이끌어내지 못하고 정말 그 시간을 완전히 망쳐버렸어요 ㅎㅎ 그 때 평소에 준비된 사람이 기회를 활용한다는 걸 뼈저리게 느꼈고 자괴감에 빠졌었어요. 그 뒤로 업무에서 영어를 쓸 일이 없어 또다시 영어를 놓고 십년이 지났는데, 좀 더 챌린징한 업무를 하고 싶어서 + 글로벌한 안목으로 빠르게 돌아가는 직무 전환 준비중이라 링글과 함께 그 어느때보다 영어에 몰두하고 있습니다. 처음에는 극 i+영어모지리라 수업 한 번 하면 땀한바가지 샤워를 했었는데 ㅋㅋㅋㅋ이제는 그냥 모닝루틴으로 매일 링글 수업을 하니까 확실히 부담이 적어졌고 뽀송하게 대화를 마치게 되었습니다 ㅋㅋ 링글에서 제공하는 웨비나도 여타 컨텐츠와 비교불허 고퀄리티라 이것도 오가며 들으면 많은 도움이 되는 것 같아요! 다른 전화영어에 비해 좀 가격대가 있지만 헬스 PT도 돈주고 의지를 산다고 하잖아요? 절대 취소 하지 않고 그 시간을 최대한 활용하게 되는 이점이 있습니다 ㅋㅋ 제 영어 PT인 링글과 이렇게 쭉 영어 공부 하다보면 영어를 절어서 통편집 당했던 인터뷰어가 아니라 (내 20대 눈감아) 인터뷰이의 신분으로 언젠가 제 분야에서 영어로 말하는 사람이 될 수 있지 않을까 하는 무모항 상상을 해봅니다 ㅋㅋ | 링글틴즈로 시작했다가 프로그램이 너무 좋아 역으로 저도 링글을 시작했어요! 화상 영어를 몇 번하면서언제나 '돈 아깝다'라고 생각해서, 개인적으로 오프라인 수업을 선호하는데 화상 영어가 이렇게 알찰 수 있다는 건 처음 느꼈어요. 내 최애 영어 동반자~ 링글하세요~! | 오늘도 자극받고 갑니다!  링글은 훌륭한 시스템과 교재, 튜터들 외에도 유저들이 공감대를 형성하고 서로 끌어주는 저에게도 너무나 소중한 곳입니다- 모두모두 화이팅! | 링글 틴즈 캠프 프로그램이 좋아 아이 수강 후에 함께 예습 복습하며 플랫폼을 살펴보다
제가 더 빠져들게 된 링글! 플랫폼의 장점 뿐 아니라 유저들의 의견도 하나하나 소중하게 생각하는 
링글러들의 모습처럼 유저들도 열정이 넘치네요!! 
모두모두 링며드는 하루로 성장하는 나를 찾아보자구요 | 링글은 학습 플랫폼도 훌륭하지만, 이렇게 다양한 컨텐츠와 유저의 경험을 위해 노력하시는 부분에 자극도 많이 되고 많은 도움을 얻고있습니다! 최고에요 | 다들영어에대한 당황스런 경험이 있으신것같아요~^^공감됩니다 | 정말 ㅋㅋ 영상보니까 영어실력좀 늘리고 싶어서 눈물을 훔치던 제가 떠오르네요.. 무엇보다 링글은 재미죠. 재미가 있다보면 실력도 따라오는게 영어같아요 ㅎ | 링글 튜터님들과의 수업도 물론 좋지만 웨비나 등의 퀄리티는 정말 모두에게 추천하고 싶습니다! 감사합니다 링글 | 링글을 통해 영어가 제 삶의 걸림돌에서 디딤돌로 바뀌고 있네요!^^ 발음 인토네이션 자연스러움 등 네이티브처럼 영어하긴 너무 힘들어도 꾸준히 수업을 하다보면 어느새 늘어있는 자신감에 감사함을 느낌니다 골프와도 같은 영어, 링글로 영어와 평생 사이좋게 지내며 제 career journey를 꿈꿔봅니다 | 우와ㅎㅎㅎ 성공한님들 멋져요 축하드립니다^^!! 그간 이런 성취를 이루기 위해 부단히 애쓰셨을텐데 맘껏 축하기념 하세용^^ 앞으로도 꿈꾸는 일들 잘 이뤄가시길 응원합니다 | 평소에 좋아하는 미드 시리즈나 외국 스포츠 중계 현지 해설 어려움 없이 다 알아듣고 싶네요, 언젠가는..! :) | 영어공부를 위해 이것까지 해봤다! 다 너무 제 얘기네요 ㅋㅋㅋ 기기 언어 영어로 다 바꾸고 유튜브 시청도 다 영어로 바꾸고... 영어 공부는 정말 오래했지만 실력이 향상되는 느낌은 못받았는데 링글 시작하고 진짜 나도 영어 마스터(?)할 수 있겠다는 자신감과 실제로 느는 것도 느껴져요! 제 주변에도 ",15
04:18,https://www.youtube.com/watch?v=EWIZLHWnHn8,EWIZLHWnHn8,링글 후기,Ringle,sns,YouTube,2026-01-18 10:21:04,"0:05 수업 예약
0:50 예습하기
2:20 수업 진행
3:03 복습하기

 후기 및 마무리 | 영상 잘 봤습니다. 저도 링글 사용해. 봐야겠네요. | 영어공부의 필요성을 느끼고 있었는데 너무 좋네요~~ | 우와아 너무 좋아보여요! 저도 링글로 영어공부 다시 시작해봐야겠어요~ | 와 링글 궁금해서 찾아보고 있었는데 감사해요!!!! | 링글로 영어공부 해봐야겠어요~ | 영어공부할때 도움이 많이 되겠어요 | 우와아아아 저도 링글 사용해봐야겠어요️ | 오 저도 링글로 공부해보고싶네요️",9
10:12,https://www.youtube.com/watch?v=94-uqphxO9s,94-uqphxO9s,링글 후기,Ringle,sns,YouTube,2026-01-18 10:21:04,4:30 졸귀탱 뭉치 영어 정말 열심히 하시네요ㅋㅋㅋㅋ 광고도 들어오고.. | 뭉치도  조금있으면 영어로 말하겠당  ㅎ | 아 ... 재밌다 ... 영어시리즈 계속 올려주세요 티케이 아닌 DK | 헉 대규쒸 또 영어공부한다 재밌겠다 | 오!!! 이게 AI랑 연계를 시켰군요 ~~ | 외국인이 역으로 영어듣기하는중 ㅋㅋㅋㅋㅋㅋㅋㅋㅋㅋㅋ아웃곀ㅋㅋ | 하다보면 잘하게 되는거예요!잘하고 있쪄요!! | 대규집사님 영어잘한다!! 열심히 사는 모습이 정말 보기좋습니다 | 부지런히 사는 박대규청년 멋집니다 | 대화내용이 너무 재미있고 귀여워요! 이 영상도 틈틈이 나오는 뭉치를 보는 재미가 있네요  졸귀탱 뭉치!! 저도 커피냄새 맡고싶네요 ㅎㅎㅎ | 대규님 보니까 공부해야겠다 생각이 드네요 | 와 저도 이거할래요!!! | 영상 너무 좋습니다!!! | 🫱🫱🫱 | 와우~~하루 영어공부하고 담날 영상에 얼굴이 완전 수척해지고 폭삭했네요. 첫날 영상은 완전 보송보송 피부도 좋고 그랬는데....이 정도면 공부랑 상극 아닌지...합리적 의심이 드는건 기분탓이겠죠..,15
13:17,https://www.youtube.com/watch?v=36jpYnkgh4w,36jpYnkgh4w,링글 후기,Ringle,sns,YouTube,2026-01-18 10:21:04,"English pronunciation is very on point. News announcers may be generalists but there are specialist announcers as well. E.g. sports announcers sometimes are former athletes or they understand how the sport is played and are able to make commentary, government medical news announcers often have a medical background. Charles Munger is an expert generalist who studies subjects in many fields and is able to use insights from one field with other fields. | 우왕 외신캐스터라니 윤잔이 멋져!!잘 어울려!!ㅎㅎ앞으로도 응원할겡!ㅡ희정언니",2
15:17,https://www.youtube.com/watch?v=0zGdtSI52Ig,0zGdtSI52Ig,링글 후기,Ringle,sns,YouTube,2026-01-18 10:21:04,"나의 부족한 영어실력을 기록한다는게 쉽지않은데 대단하세요. 저도 영어를 잘 못하지만 다시 도전할려고 화상영어를 알아보다가 링글 후기 검색해서 들어오게 됬어요! 응원합니다~ | 급한마무리하는거랑 단어 계속 반복하는게 완전 저랑 똑같네요...ㅋㅋ 맨날 yeah.. that's all 하고 급마무리해요 ㅋㅋ 수많은 구문을 알고있지만 맨날 하는말은 1형식뿐 ... 그래두 몇달 꾸준히 하다보니 좀 느는것같긴 하더라구요 화이팅 !! ^o^ | 혹시 선생님 한 명과 대화하게 되는 건지 아니면 그 때 그 때 대화 가능한 선생님이 랜덤하게 선택되는 건가요?
그리고 수업이 끝나면 선생님에 대한 평가를 하게 되는 건가요? | 블로그로도 놀러오세요! :)
https://blog.naver.com/xiahrock",4
20:52,https://www.youtube.com/watch?v=6CC3tBQslIg,6CC3tBQslIg,링글 후기,Ringle,sns,YouTube,2026-01-18 10:21:04,영상 소리가 너무 작아요....ㅠㅠ | 회화를 잘 못하는데 비싼 가격에 낭비가 될까봐 선택하기가 어렵더라고요.. 고민이네요... | 안녕하세요. 링글 공모전에 참가하고자 링글 사용자 후기를 검색하다가 들어오게된 대학생입니다. 링글을 꾸준히 이용하시는 모습이 인상적이었는데요! 혹시 링글 사용 경험에 대한 이야기를 나눠주실 수 있을까 하여 댓글 남깁니다. ㅎㅎ 줌을 이용한 20분 내외의 인터뷰 혹은 구글폼을 이용 한 설문조사가 가능하실지요? 부담없이 답변남겨주세요! 감사합니다,3
01:42,https://www.youtube.com/watch?v=6ygzihiAGIQ,6ygzihiAGIQ,링글 후기,Ringle,sns,YouTube,2026-01-18 10:21:04,"[제목] [Ringle Challenger] 링글 사용 후기 1회 - 프리토킹(Speaking Focused)
[채널] Hong Yoon",0
25:36,https://www.youtube.com/watch?v=XLub3zAPR7M,XLub3zAPR7M,링글 후기,Ringle,sns,YouTube,2026-01-18 10:21:04,"해당 링크를 통해 가입, 첫 수업을 수강하시면 50,000포인트가 지급된대요!
https://www.ringleplus.com/ko/student/landing/referral?referralCode=051a96


 9/7까지만! 첫 가입자 분들께 40분 수업권 ""무료체험"" 혜택도 있다고 합니다! | 제이드님, 항상 올려주시는 토익 공부 영상, 토스 공부 영상 등 항상 잘 보고 있었어요!! 혹시 실례가 안된다면 제이드님만의 영어 공부법 영상 올려주세요 | 와… 영어 너무 잘하시는데 비결이 있으실까요? | 안녕하세요~!! 영상 너무 잘 봤습니당-! 혹시 프리토킹 했던 두 번째 선생님 이름 알려주실 수 있을까요~~~?",4
01:08,https://www.youtube.com/watch?v=u8NEbMrQYk4,u8NEbMrQYk4,링글 후기,Ringle,sns,YouTube,2026-01-18 10:21:04,지금도 하고 계신가요~? 하고 계시다면 회화능력이 많이 좋아지셨나요~?,1
01:21,https://www.youtube.com/watch?v=puX6aIxqsvQ,puX6aIxqsvQ,링글 영어,Ringle,sns,YouTube,2026-01-18 10:21:04,"작년 안젤라 선생님에게 링글수업받았었습니다. 강의앞두고 많은 도움받았었어요. 성실하시고 프로페셔널한 도움에 감사했어요. 이렇게 영상으로 다시보니 반가워요 안젤라샘! | I watched this ad before some entertaining video and I was super impressed. Feel kinda sad that I don't understand Korean to take Ringle lessons lol maybe I should learn korean first? | 질문이 있어요~ 이 악센트가 전형적인 동부지역의 악센트인가요? 알아듣기 너무 편한데 이런 악센트 특징이 뭔지 궁금해요! | downloading ringle now... | 우와 .....  O_O | Why is everything in Korean!? | Uhh the description & title is abit off putting/confusing for english speakers that want to learn korean. Not to be offensive though, just saying | music ? ^^ | ㅁㄴㅇㄹ",9
02:12,https://www.youtube.com/watch?v=-N2CutmINCg,-N2CutmINCg,링글 영어,Ringle,sns,YouTube,2026-01-18 10:21:04,"""국내에서만 배우니 영어 스피킹이 어색하더라고요.
그런데 1:1로 배우니까 영어 자신감을 회복했어요.""

 영문과에 교환학생까지 다녀왔지만, 제자리인 영어 실력... 서영님은 어떻게 해결했을까요?

토종 국내파여서 아무리 연습해도 네이티브한 영어가 늘지 않는다면
일대일로 교정 받고 자신감 채울 수 있는 링글로 지금 시작해보세요!

---
2023년 링글 최대 할인 진행 중이니 이번 기회를 놓치지 마세요!
 링글 신년 프로모션 혜택
 최대 39% 할인
 보스턴 & 뉴욕 챌린지 3기 모집
 4주간 함께 하는 영어 스터디클럽 2기 (1,000명)

2023년 신년 이후에 이 가격은 없을 예정입니다.
지금이 가장 저렴할 때이니, 이번 기회 놓치지 마세요!!

 정규 프로모션 기간 : 23.01.06 (금) - 23.02.02 (목)

 링글 최저 가격 확인하기 :",1
01:23,https://www.youtube.com/watch?v=QNrdSbEuItM,QNrdSbEuItM,링글 영어,Ringle,sns,YouTube,2026-01-18 10:21:04,"[제목] 제값 하는 영어 회화, 링글 - 영어 공부를 하게 만들어요
[채널] 링글 1:1 화상영어",0
01:42,https://www.youtube.com/watch?v=S6D03hpIAyA,S6D03hpIAyA,링글 영어,Ringle,sns,YouTube,2026-01-18 10:21:04,"감사합니다. 
존경합니다. 
한국 최고 
세계 최고
전문
링글 튜터
조심스럽게 
건의합니다. 
Flim Maker
Film Maker
Flim
Film
혹시
확인바랍니다. 
존경합니다. 
감사합니다. 
한국 
영어 초보자
이종찬 올림. | While Jade seems great, she has errors in her speech that need to be corrected before teaching others and you can hear a slight accent.",2
05:53,https://www.youtube.com/watch?v=szHYZtkj5yc,szHYZtkj5yc,링글 영어,Ringle,sns,YouTube,2026-01-18 10:21:04,"저는 얼마 전에 비중격 만곡증이라는 수술을 받았습니다. 
미국에서 공대를 다니던 저에게 영어는 다른 이과 과목들과 달리 이상하리만큼 아무리 노력을 해도 일정 수준 이상 향상 되는 게 보이지 않았고, 유달리 영어로 된 글을 소리내서 읽을 때면 버벅거려 스트레스를 받곤 했었습니다. 또 몇년 전에는 꿈에 도전하고자 하는 분들을 위한 엔터스타트업에 도전하기도 했었는데, 이 때도 어느 수준 이상의 고급 영어를 요하는 일들에서 어려움을 겪곤 했습니다. 수술을 담당하신 의사선생님께서 말씀하시길, 선천적으로 코가 휘어있기도 했지만 열어보니 코뼈가 부러졌던 흔적이 있어서 아마 그로인해 더욱더 숨쉬는 게 힘들었을 거라고 하셨습니다. 다행히 수술은 잘 되었고 현재는 회복 기간을 거치고 원활히 숨을 쉴 수 있게 되었는데, 감사하게도 제게 작은 변화가 하나 일어났습니다. 아마 한쪽 코가 막혀있었으니 언어 능력을 담당하고 있던 부분에 산소 공급이 잘 되지 않았던 것인지는 몰라도, 수술 후에 영어로 된 글을 읽을 때 버벅거리는 현상도 많이 사라졌고, 영어를 읽거나 말할 때도 현재는 예전보다 훨씬 더 수월하게 느껴집니다. 그래서 이제 다시 한번 제 꿈에 도전해 보고 싶습니다. 언젠가는 실리콘밸리에 진출할 수 있는 글로벌 스타트업을 이끌고, 또 현지에서 뿐만 아니라 국제적으로 일을 진행할 때도 언어의 장벽 때문에 손해를 보는 일이 없도록 영어 실력을 많이 키워보고 싶습니다. 제 꿈을 이루어 가는데 링글이라는 좋은 플랫폼을 통해 도움을 받고, 저 또한 반대로 많은 도움을 드릴 수 있었으면 좋겠습니다. 

긴 글 읽어주셔서 감사드리고, 또 이런 좋은 이벤트 진행해 주셔서 감사드립니다. 그럼 행복한 하루 되세요! :) | 정말 재밌는 게요. 얼마 전 실리콘밸리에 가서 그곳에서 일하고 있는 친구들을 만나고 왔어요. 그때 친구들 사이에서 자유롭게 대화를 할 수 없는, 저의 영어 말하기의 한계를 깨닫고는 각성하고 한국에 돌아와서 링글을 시작했거든요 ㅎㅎ 당시 <기후 변화>, <지구 온난화>에 대한 주제로 이야기를 했는데, 알아는 듣지만 뭐라고 말해야 할지... 자신감도 없고, 학생 시절에 외웠던 단어들도 기억이 나지 않았어요. 그래서 링글에서 공부할 때 바로 ""기후 난민""이라는 세계+환경 주제를 선택했어요. 재밌더라구요. 하고 나니까 완벽하지는 않아도,  나도 이 주제에 관해서 대화할 수 있겠다는 자신감이 생겼어요. (다른 영어 공부 앱에는 없는 링글만의 장점은 다양한, 수준 높은 콘텐츠를 접할 수 있다는 것 같아요. 이 점을 꼭 언급하고 싶었습니다!)
 언어의 장벽은, 현실적으로는 가까운 사람들과 교감할 수 있는 기회를 박탈당하는 것이기도 한 것 같습니다. 언어의 장벽이 사라진다면, 더 다양하게, 더 자유롭게 소통하고, 교류 공감하고 싶어요. 저는 이 기회 놓치지 않을꼬에요~ | “영어의 장벽이 없다면, 어떤 도전을 하고 싶나요?”

영어의 장벽이 없다면, 제 연구를 세계 석학들 앞에서 막힘없이 발표하고 그 분들과 이야기 나누며 제가 속한 학문의 발전에 이바지하고 함께 더 즐겁고 싶어요. 공부를 하면서 언어가 장벽일 때도 있고 동시에 제 얕은 사고가 장벽일 때가 있어요. 학문을 사랑하는 사람으로써 영어로 제가 생각하는 여러 관점들을 친구들과 석학들과 재미있게 이야기를 하면서 사고의 깊이를 확장하고 자유롭고 싶어요. 언어는 깊고 다양한 지식을 얻기 위한 수단인데, 그 수단이 자유롭지 않으면 지식을 주고 받을 때 장애가 될 때가 있어요. 동시에 제 영어가 완벽하지 않은 덕분에 그리고 링글이라는 플랫폼 덕분에 영어를 통해서 다방면으로 배울 점 많은 분들을 만나게 되어서 기쁘고 감사하다고 늘 생각해요. 끝으로 모두의 소중하고 멋진 꿈을 응원합니다. 바쁘신 와중에 제 꿈을 읽어봐주셔서 감사합니다. | 내년 봄학기에 샌디에고로 6~7개월간 교환학생 파견을 가는데, 영어의 장벽이 없다면…! 요 짧다면 짧고 길다면 긴 기간 동안 미국 생활을 100000% 즐기다 오고 싶습니다! 옆에 있는 사람, 지나가는 사람에게 먼저 말 걸어서 그들의 삶속으로 들어가보고 싶고, 학교",15
01:51,https://www.youtube.com/watch?v=AJLtSCf4q38,AJLtSCf4q38,링글 영어,Ringle,sns,YouTube,2026-01-18 10:21:04,"MBA, 유학생, 외국계 종사자 아니어도 링글이 필요한 이유!
'나는 평범한 엄마인데 나는 링글로 영어 수업 하면 안되나?' 생각했어요. 

 두 아이를 키우는 나리님이 링글 270번 들은 이유는 과연 무엇일까요?

토종 국내파여서 아무리 연습해도 네이티브한 영어가 늘지 않는다면
일대일로 교정 받고 자신감 채울 수 있는 링글로 지금 시작해보세요!

---
2023년 신년 이후에 이 가격은 없을 예정입니다.
지금이 가장 저렴할 때이니, 이번 기회 놓치지 마세요!!
 링글 신년 프로모션 혜택
 최대 39% 할인
 보스턴 & 뉴욕 챌린지 3기 모집
 4주간 함께 하는 영어 스터디클럽 2기 (1,000명)

 정규 프로모션 기간 : 23.01.06 (금) - 23.02.02 (목)

 링글 최저 가격 확인하기 : | 너무 멋있으세요 나리님! 함께 링글 회화 스터디 해 보았는데 영어 정말 너무 잘하세요! ㅎㅎㅎ 유학생 출신인 저보다 잘하시는듯... | 오오 너무 멋있으십니다!",3
01:25,https://www.youtube.com/watch?v=Ll1BfXRkOOc,Ll1BfXRkOOc,링글 영어,Ringle,sns,YouTube,2026-01-18 10:21:04,"이 분 링글에서 하는 온라인 세미나 하는거 들었는데 한국에서 학창시절 쭉 보내고 두바이 보스턴 bcg, cvs 등 해외에서 커리어 쌓은거 넘 대단하신듯요!! | 뜨형 이시영편 나왔던 사람이네 | 경훈이다!! 유튭보다 광고나와서 깜놀ㅎㅎㅎ고딩 동창입니다 ^^ | 음악이랑 영상미 ㅠㅠㅠㅠㅠㅠㅠㅠㅠ ️ 라떼 손에 든 분위기가 멋지시네요 | 순수 토종 한국분인데 부단한 노력으로 저렇게 잘하시는 것 같더라고요. 저도 좀 배워보고 싶네요 | 영상미 무엇..... | 저 분 뜨형 이시영 홍수현 소개팅에서 나오셨던 분 아닌가요? | 커리어 무엇..너무 멋있으세요 저도 해외살이 해보고싶습니다ㅠㅠㅠ | 음악 bgm 뭐에요? 우연히 광고봤는데 음악에 꽂힘요 | 180 ° Turn!

SEEK YE the LORD while He may be found,
CALL YE upon Him while He is near: [Is. 55:6]

BEHOLD, A bright cloud overshadowed them: and
BEHOLD, A voice out of the cloud, which said,
THIS IS My beloved Son,
IN WHOM I am well pleased;
HEAR YE Him. [Mt. 17:5]

FROM THAT time Jesus began to preach, and to say, Repent: for the kingdom of heaven is at hand. [Mt. ]

I CAME not to call the righteous, but sinners to repentance. [Lk. ]

BRING FORTH therefore fruits meet for repentance: [Mt. 3:8]

I TELL you, Nay: but, except ye repent, ye shall all likewise perish. [Lk. 13:3]

FOR ALL have sinned, and come short of the glory of God; [Ro. ]

FOR THE wages of sin is death;...... [Ro. ]

AND AS it is appointed unto men once to die, but after this the judgment: [Heb. ]

REPENT YE therefore, and be converted, that your sins may be blotted out, when the times of refreshing shall come from the presence of the Lord; [Acts 3:19]

IF WE confess our sins, He is faithful and just to forgive us our sins, and to cleanse us from all unrighteousness. [1 Jn. 1:9]

IN THIS was manifested the love of God toward us, because that God sent His only begotten Son into the world, that we might live through Him. [1 Jn. 4:9]

HEREIN IS love, not that we loved God, but that He loved us, and sent His Son to be the propitiation for our sins. [1 Jn. ]

BUT GOD commendeth His love toward us, in that, while we were yet sinners, Christ died for us. [Ro 5:8]

WHO HIS own self bare our sins in His own body on the tree, that we, being dead to sins, should live unto righteousness: by whose stripes ye were healed. [1 Pe. ]

THE LORD is not slack co",10
01:51,https://www.youtube.com/watch?v=Pvzb6Xp_XZ8,Pvzb6Xp_XZ8,링글 영어,Ringle,sns,YouTube,2026-01-18 10:21:04,"[제목] ""링글을 더 일찍 알았다면, 지금보다 영어를 더 잘했을 것 같아요""
[채널] 링글 1:1 화상영어",0
교대 출신 김민아의영어실력 최초 공개잡플러스TVYouTube,https://www.youtube.com/watch?v=_lyuWoQMCeg,_lyuWoQMCeg,링글 영어,Ringle,sns,YouTube,2026-01-18 10:21:04,귀욤 영서 실력ㅋㅋ | ㅋㅋㅋㅋㅋ 귀엽,2
영어회화앱에 100만원 쓴 후기💸😎 추천?! 비추천!!💁🏻♀️ #스픽 #링글#랭디 #캠블리밤비걸BambigirlYouTube,https://www.youtube.com/watch?v=lvoUNkpxcDU,lvoUNkpxcDU,링글 영어,Ringle,sns,YouTube,2026-01-18 10:21:04,"100만원 쓰고 느낀 후기 여기에 정리해뒀어요!! 이렇게 사용해야 영어공부 효과가 가장 좋더라구요

 먼저 각각 영어공부 앱들의 장점과 단점 정리해볼게요!
 
1️⃣ 스픽 SPEAK

 장점
1. 원어민 화상회화 앱에 비해 저렴한 수강료
2. 영어 초급자에게 유용한 자료들
3. 발음인식기능으로 발음 교정을 기대할 수 있어요

 단점 
1. 처음에는 신기했던 AI 튜터와의 대화, 지금은 모든 앱에서 가능해요
2. Chat GPT를 구독하고있다면, 챗지피티가 훨씬 더 자연스럽게 잘 교정해줘요
3. 중급자에서 고급자로 넘어가고 싶다면 자료가 부족하게 느껴질 수 있어요
4. 사람과 한 약속이 아니어서 그런지, 그냥 피곤하거나 귀찮으면 패스하게 되는 단점이 있더라구요

2️⃣ 캠블리 CAMBLY

 장점
1. 원어민 튜터 풀이 굉장히 넓어서 선택권이 많아요
2. 원하는 시간에 언제든 튜터와 매칭이 가능해요
3. 캐주얼한 대화를 통해 회화 자신감을 늘리고 싶다면 추천해요

 단점 
1. 가격에 비해서 체계적인 교정이 없어요
2. 예습 자료와 복습 자료가 없어요

3️⃣ 링글 RINGLE 

 장점 
1. 미국 명문대생들과 20분동안 대화 가능해요! 연령대가 맞다면 훨씬 유용하고 재미있는 시간이 될 수 있어요
2. 영문기사를 읽고 작문하는 예습시간을 통해 스피킹 뿐만 아니라 읽기,쓰기까지 연습할수있어요
3. AI 튜터링 기능으로 혼자서 회화연습도 가능하고
4. AI 교정으로 틀린 문장을 자세히 교정받아 볼 수 있어요

 단점 
1. 랭디에 비해서 수강료가 약간 더 비싸요.
2. 튜터들이 이게 직업이 아니기때문에, 꾸준히 같은 시간에 튜터링을 하는건 어려울 수 있어요
3. 일상 회화 표현을 배우는 자료는 부족해요. 아카데믹한 부분에 초점이 맞춰져있어요

4️⃣ 랭디 LANGDY

 장점 
1. 하루의 하나에 표현을 각잡고 배우기 때문에 시간이 지나도 내것으로 남아요
2. 미드 받아쓰기, 영작, 상황별 대화 연습하기등 다양한 자료가 20분안에 알차게 준비되어있어요
3. 실생활 표현 위주로 배우기때문에 바로 다음날 써먹을 수 있어요! 
4. 선생님들이 바로바로 즉시 교정해주기 때문에 훨씬 유용해요.

 단점 
1. 원어민 튜터의 수가 너무 적어요. 대부분이 필리핀계 튜터더라구요

️ 사실 저같은 경우에는 4번 랭디를 가장 유용하게 사용하고 있어요,
미국와서 느낀건 발음도 매우 중요하지만, 그것보다도 실제로 원어민들이 쓰는 표현을 알아듣고 쓰는게 더 중요하더라구요.
또 필리핀계 튜터들도 친절하게 가르쳐주셔서 나름 갓성비 앱이라고 생각하고있습니다! 

3번 링글은 실제로 대학교/원을 다닐 생각으로 공부하고 있다면 더 아카데믹한 부분에 집중해서 좋은거같아요. 

️ 가장 중요한 것은 여러분!
️ 이런 영어 회화앱들을 많이 사용한다고 해서 영어실력이 절대 눈에 띄게 확 좋아지지 않습니다.
앱을 사용하는 시간은 30분 뿐이고, 
실제로 내가 혼자서 영어 문장을 외워서 말하고, 들리는대로 받아써보고 하는 과정이 하루에 2~3시간씩은 꼭 필요합니다.

 그럼에도 불구하고 제가 100만원씩 써가면서
지금도 이런 앱들을 사용하고 있는건,
실제로 제가 매일매일 영어 자신감을 얻고, 입을 푸는데 도움을 받고 있기 때문이에요!

️ 혼자서 공부하지 않고 그냥 원어민들과 대화를 하려고하면, 계속 틀린 문장구조를 사용하게 되고,
틀린 표현을 사용하게 되어요.
그래도 그들은 절대 고쳐주지 않는답니다  왜냐면 대충 대화는 다 통하기 때문이에요.
여기에 자꾸 익숙해지면 대화가 되는거같네? 하면서 콩글리시에 정착하게 됩니다!

앱으로 자신감 도움 받으시고! 꼭 제가 저번 영상에서 알려드린 방법대로 혼자서 공부해보세요
한달만 지나도, 뭔가 달라진걸 느끼실거에요! | Chatgpt와 대화도 떨리는 나는 무얼 해야 하는가... | 역시 유튜버 짬 장난아니게 차서 정리 개 잘하시네 ㅋㅋㅋㅋ | 와이프가 캐나다 사람입니다. 제일 좋은 공부는 현지인 여자친구 만나서 365일 붙어서 영어로만 떠드는 것입니다 하지만 수업보다 조금 더 비싸죠 식비가 많이 듭니다 | 미국에서 일하",15
01:52,https://www.youtube.com/watch?v=k233OEuJG4I,k233OEuJG4I,링글 영어,Ringle,sns,YouTube,2026-01-18 10:21:04,"[제목] 바쁜 직장인에게 딱 좋은, 효율적인 영어공부법 | 외국계 IT회사원의 영어 공부법 | #MakeitHappen #withRingle
[채널] 링글 1:1 화상영어",0
16:59,https://www.youtube.com/watch?v=NkxSvjLuuDw,NkxSvjLuuDw,링글 영어,Ringle,sns,YouTube,2026-01-18 10:21:04,"떡상하기 전에 고정 부탁드립니다 | 출근하면서 봤는데 벌써 퇴근하는 것처럼 너무 힐링돼요... 저도 다시 영상 올릴까봐요! | 소연님 안녕하세요. 
링글 늘 광고만 보다가 이렇게 찐 후기 보여주시니 믿음이 가네용
저도 부산사람인데 넘 반가워용 :)
공부도 열심히 하시고 바쁘신 와중에 유튭도 하시고 정말 부지런하시고 배울 점이 많은 거같아 저 빨간 버튼 꾸욱 누르고 또 놀러올게요 ️ | 옆에서 보면 울고있는거가틈~ | 너무 재밌어용!!! 또 올려주세여~~ | 헐 멋있어용 대박 ,, 저두 해봐야겠어요 ! | 링글이 엄청 유용하네요 다음 브이로그도 많이 기대됩니다 | 소연님 영상, 자막 모두 너무 좋아요! 
저도 이번 겨울에 열심히 영어 공부 다시 해볼까봐요! 많은 영감 주셔서 정말 감사합니다.
주 2회 정도 영상 업로드 해주신다니 벌써부터 기대되네요.
늘 건강 챙기시고 좋은 영상 기다리겠습니다. ㅎㅎ | 와우....대박
잘보고 갑니다 :-) | 저도 이 기회에 링글을 한번..! 다음 브이로그도 얼른 올려주세요ㅎㅎ | 와 진짜 신은 불공평하다 이쁘고 똑똑하기까지  피부도좋으셔 와 | 링글 좋아보이네요... 좋은 영상 감사합니디 ㅎㅎㅎ | 헐 언니 너무 멋있어요 ㅠㅠㅠㅠ | 다음 영상 기다립니다 | 오랜만이네욥!! 반갑습니다^^",15
02:08,https://www.youtube.com/watch?v=yfbhBDReU0g,yfbhBDReU0g,링글 영어,Ringle,sns,YouTube,2026-01-18 10:21:04,"저도 하고 싶어요!!^^ | 주변 동료들은 다 영어를 잘 하는 것 같은데, 자신감이 없을 때
일대일로 교정 받고 자신감 채울 수 있는 링글로 지금 시작해보세요!

 링글 신년 프로모션 진행 중!
 최대 39% 할인
 보스턴 & 뉴욕 챌린지 3기 모집
 4주간 함께 하는 영어 스터디클럽 2기 (1,000명)

2023년 신년 이후에 이 가격은 없을 예정입니다.
지금이 가장 저렴할 때이니, 이번 기회 놓치지 마세요!!

 얼리버드 기간 : 22.12.23 (금) - 23.01.05 (목)
 정규 프로모션 기간 : 23.01.06 (금) - 23.02.02 (목)

 링글 최저 가격 확인하기 :",2
01:06,https://www.youtube.com/watch?v=0nkMgz3zhy4,0nkMgz3zhy4,링글 영어,Ringle,sns,YouTube,2026-01-18 10:21:04,"개발자로 영어의 필요성을 느끼고 링글을 시작한 안드로이드 개발자 정현석님의 이야기를 만나 보세요 :) 

 2023년 링글 신년 프로모션 진행 중!
1️⃣ 최대 39% 할인
2️⃣ 보스턴 & 뉴욕 챌린지 3기 모집
3️⃣ 4주간 함께 하는 영어 스터디클럽 2기 (1,000명)

2023년 신년 이후에 이 가격은 없을 예정입니다.
지금이 가장 저렴할 때이니, 이번 기회 놓치지 마세요!!

 얼리버드 기간 : 22.12.23 (금) - 23.01.05 (목)
 정규 프로모션 기간 : 23.01.06 (금) - 23.02.02 (목)

️ 링글 최저 가격 확인하기 :",1
14:28,https://www.youtube.com/watch?v=oXDc1pdl7eY,oXDc1pdl7eY,링글 영어,Ringle,sns,YouTube,2026-01-18 10:21:04,"우와~스타트업은 대표만 좋고 직원들은 힘든건줄만 알았는데 다들 엄청난 열정과 목표의식을 갖고 일하는 거였어!!!!
나 갑자기 스타트업에 치인거 같아! | 링글 스펙 미쳤다... | 링글 팀의 열정적인 분위기와 복지 시스템을 볼 수 있어 신선하고 흥미로웠어요! 특히 링글 틴즈 팀에서 송영경님의 에너지와 열정이 잘 느껴졌고요.
링글 만세, 송영경님 만만세! | 이젠 출연자들이 민아가 질문 던지면 자판기 버튼 누르는 속도로 답이나오네ㅋㅋ | ㅋㅋㅋㅋㅋㅋㅋㅋㅋ 대표님들 캐릭터 좋으시다 역시 젊은 대표님등이 좋아 | 대표님들 개 웃김 ㅋㅋㅋㅋㅋㅋ | 잠재력이 어마어마한 링글
그나저나 민아님  스펙좋은 고수들 상대로
인텨뷰 하는데도 편안하고 자연스럽고 재밌네요 | 민아누나는 ㅇ영~~~원히 영~~~해요 | 대표님들 마인드 쩌네요
응원합니다. | 간만에 민아님 보러 야구하듯 뛰어왔습니다 | 좋은 대표님들을 만나 행복했네요. 최선을 다하는 열정과 노력이 마음을 사로잡으니까요. 앞으로 크게 대박나길 바라며 응원할게요! | 흥미로운 영상 잘 보고 갑니다!! | 좋은 회사네요~~~마음에 쏙!!ㅋㅋ | 회사가 좋은게 의자부터 허먼밀러네 ㅋㅋㅋㅋㅋ | 학벌 먼데 미쳣다 ㅋㅋㅋ",15
01:18,https://www.youtube.com/watch?v=U3CZUpN6AE4,U3CZUpN6AE4,링글 영어,Ringle,sns,YouTube,2026-01-18 10:21:04,"[제목] 스탠포드 미술 전공 Katie 튜터와 디자인, 건축, 예술에 대해 영어로 대화해 보세요
[채널] 링글 1:1 화상영어",0
02:03,https://www.youtube.com/watch?v=GoORhfpS2HE,GoORhfpS2HE,링글 영어,Ringle,sns,YouTube,2026-01-18 10:21:04,"[제목] How to use Ringle : 링글 일대일 영어 1분 사용법
[채널] 링글 1:1 화상영어",0
01:01,https://www.youtube.com/watch?v=AY2Q0MKtLOQ,AY2Q0MKtLOQ,링글 영어,Ringle,sns,YouTube,2026-01-18 10:21:04,"[제목] 하버드 MBA 학생이 링글로 영어공부를 하는 이유
[채널] 링글 1:1 화상영어",0
01:35,https://www.youtube.com/watch?v=5eQt53YBmeE,5eQt53YBmeE,링글 영어,Ringle,sns,YouTube,2026-01-18 10:21:04,"[제목] [Ringle] 영어 실력의 한계가 내 한계가 되지 않도록 영어의 장벽을 넘어 최고의 나를 표현하세요 | 링글 1:1 화상영어
[채널] 링글 1:1 화상영어",0
01:43,https://www.youtube.com/watch?v=OlCU9egkrd4,OlCU9egkrd4,링글 영어,Ringle,sns,YouTube,2026-01-18 10:21:04,"[제목] [링글러 이야기] ""살면서 유학 가볼 걸 후회를 안 한 사람은 없을 것 같아요"" | 링글 1:1 화상영어
[채널] 링글 1:1 화상영어",0
01:20,https://www.youtube.com/watch?v=pQnbMoj0VX8,pQnbMoj0VX8,링글 영어,Ringle,sns,YouTube,2026-01-18 10:21:04,"[제목] 스탠포드 대학에서 영어 영문학을 전공하고 있는 링글 Riley 튜터를 만나보세요!
[채널] 링글 1:1 화상영어",0
01:55,https://www.youtube.com/watch?v=nUiddmKlfLo,nUiddmKlfLo,링글 영어,Ringle,sns,YouTube,2026-01-18 10:21:04,"[제목] 실리콘밸리 VC 시니어 디렉터는 왜 링글을 선택했을까? | 링글 1:1 화상영어
[채널] 링글 1:1 화상영어",0
01:39,https://www.youtube.com/watch?v=nEq1cupJMWo,nEq1cupJMWo,링글 영어,Ringle,sns,YouTube,2026-01-18 10:21:04,Beauty full | E,2
01:30,https://www.youtube.com/watch?v=V_CtRWcdcwM,V_CtRWcdcwM,링글 영어,Ringle,sns,YouTube,2026-01-18 10:21:04,"[제목] Kellogg MBA 출신, 구글 UX디자이너 Melody 튜터가 말하는 링글로 비즈니스 영어 공부하는 방법
[채널] 링글 1:1 화상영어",0
01:49,https://www.youtube.com/watch?v=X1fIuXDkZxs,X1fIuXDkZxs,링글 영어,Ringle,sns,YouTube,2026-01-18 10:21:04,"[제목] ""미국에 살아도 생각한 만큼 영어가 빨리 늘지 않더라고요"" | 구글 Youtube 엔지니어가 링글을 선택한 이유
[채널] 링글 1:1 화상영어",0
11:09,https://www.youtube.com/watch?v=IORV2r1pF6Y,IORV2r1pF6Y,링글 영어,Ringle,sns,YouTube,2026-01-18 10:21:04,"새해에 같이 영어 공부 열심히 해보아요~~!!

구독자님들과 함께 좋은 서비스 나누기 위해 링글 이벤트 가지고 왔습니다~!
야지 구독자 전용 초대 링크 : https://link.ringleplus.com/for_yaji
이 전용 초대링크로 접속하시고 회원 가입하시면 
'무료체험수업권 + 5만 포인트' 받으실 수 있습니다:-)

️링글 신년 프로모션 (~1/23)
신년 프로모션도 준비되어 있다는점! 무료체험 해보시고 신년이벤트 혜택도 놓치지 마세요~!
- 링글 패키지 최대 52% 할인!
- 신규회원 수업권 최대 2개 추가 증정!
- 영어 스피킹 스터디클럽 8회 제공!
- 5박6일 미국 실리콘밸리 투어의 기회!
 
여러분들의 찬란한 2025을 응원합니다!
긴 영상 봐주셔 고맙습니다:-) | 맹자 제6편 고자장구 하 15장

""하늘이 어떤 사람에게
장차 큰일을 할 수 있도록 중책을 맡기려면,
반드시 먼저 그 마음을 괴롭게 만들고,
그 살을 다 빠지게 하고,
먹을 것과 입을 것을 아쉽게 하고,
그래서 지치게 하며,
그가 하는 일 중에서
되는 일은 하나도 없이 자꾸만 꼬이게 한다.
그렇게 하는 까닭은 그 마음을 움직이고,
천성을 끈질기게 하여 자기의 성질을 참아서
그 전에 해내지 못했던 일을
더욱 잘할 수 있게 해 주기 위함이라.""


지치고 힘든 날이 가르쳐주는 것들도 있더라구요. 제가 실패할 수 있고, 포기할 수 있고, 욕 먹을 수 있는 사람임을 잊고 살았음을 깨달았고, 자기연민으로 마음이 아주 작게라도 성장을 한 거 같아요.
요즘 저는 소중한 지금 이 순간이 과거나 미래에 대한 생각으로 오염되는 것을 아깝게 생각하며 늘 좋은 내일이 있을 거야 한답니다. (로또1등)

축하합니다! 응원할게요! | 퇴사과정부터 보고왓어요 너무멋잇어요!!! | 하나투어 붙으신듯 하네요 어쨌든 축하드려요 | Congratulations! | 영상 쭉봤는데 에너지가 넘치시네요! 다양한 시도 끝에 원하는 길을 찾을수 있기를 화이팅! | 저보다 훨씬 어린데 이 에너지와 도전정신이 너무너무 부럽고 대단합니다. 뭘해도 될분...! | 축하드려요 | 오 관통사 면접후기 영상 보고왔는데 
붙으셨네요…!!!!  얼굴이 익숙하다 했더니 예전에도 쇼핑몰하고 싶다고 하시면서 모델링도 하시고 했던 영상을 봤더라규요 ~ 야지님 관통사 가이드로서 일상 많이 많이 보여쥬세요 ! 저도 같은 방향을 잡고 있어서 큰 도움이 될 것같아요 | 같은 동갑인데 우연히 알고리즘 타고 영상 보게 되었어요. 저도 뭘하고 살아야하나 고민이 많은 요즘 감명깊게 영상들 보았습니다 | 다른 직업이 어떻게 돌아가는지 알수있어서 재밌네요ㅎㅎ 영상 잘봤어요~ | 존경합니다. 계속 응원할게요!  찬란한 인생을 계속 살아가셔서 주변에 계속해서 좋은 영향 주길 부탁드려요! 감사합니다! | 합격하신거 축하드려요!! | 안녕하세요~ 예전 퇴사 영상부터 쭉보고있는데요! 나이도 저랑 비슷하시고... 저는 18살때부터 독립해서 10년정도 안쉬고 직장생활 했었다가 재작년 퇴사하고 2년째 되가는데요...영상보면서  너무너무 용기를 많이 얻어가고 위로가 되었습니다ㅠ 10년동안 7번의이직을 하면서 주변에서 끊기가없다는 말도 꽤들었어요ㅜ 저또한 지독한 인간관계때문에 어딜가나 버티다가 뛰쳐나왔었답니다. 나이가 어릴때부터 일을 하다보니 어딜가나 시기,질투 무시, 일잘해도 질투받고 못하면 욕먹고 등등... 별의별일이 다있었네요 저도 앞으로 먹고살아야하는데.. 반영구부터 구매대행 쇼핑몰, 블로그 등 안해본게 없는데도 아직까지 뭘해야할지 못찾았어요ㅠ 너무 암울하지만 끊임없이 공부하고 있구요 뭐든지!! 야지님영상을 보면서 저도 같은 마음으로 차근차근히 찾아가도록 하겠습니다 ㅎㅎ 영상 올려주셔서 감사해요♡ | ㅎㅎ 이분 긍정적인 모습이 너무 좋아요 고마워요 ㅎㅎ",15
01:33,https://www.youtube.com/watch?v=2zABALmuL_Q,2zABALmuL_Q,링글 영어,Ringle,sns,YouTube,2026-01-18 10:21:04,"하버드 커리어 센터 근무 경험으로 #영어인터뷰 #영어이력서 #영문서 교정까지!
1:1 화상영어는 일대일인 만큼 나만을 위한 수업이 가능하고, 디테일한 영어 교정도 해드려요.
반복되는 영어 실수는 맞춤형으로 교정받아야 실력이 늘겠죠?!
 
현재 Reboot 프로모션 진행 중으로, 최대 39% 할인 중이니 지금 링글로 영어 실력 reboot 해 보세요!

1:1 화상영어 링글",1
00:59,https://www.youtube.com/watch?v=ZCtideLI4tU,ZCtideLI4tU,링글 영어,Ringle,sns,YouTube,2026-01-18 10:21:04,"[제목] 링글 가격이 비싸다구요? 가성비 따져보셨나요?
[채널] 링글 1:1 화상영어",0
※이벤트※ 영포자 잡쪽이 모두 주목! 댓글 달면링글에서 쏩니다잡플러스TVYouTube,https://www.youtube.com/watch?v=eDhRfWzNZH0,eDhRfWzNZH0,링글 영어,Ringle,sns,YouTube,2026-01-18 10:21:04,감사합니다. | 외우 대박!,2
직장인을 위한영어원서 추천 Best 5링글1:1 화상영어YouTube,https://www.youtube.com/watch?v=kka1giCSj3M,kka1giCSj3M,링글 영어,Ringle,sns,YouTube,2026-01-18 10:21:04,"지금 마침 Holes읽고 있는 중이랍니다.
집에 있는 Wonder도 반갑네요. | 원더는 영화로도 나왔는데 너무 재밌어서 3번은 본거 같아요! 학교에서도 틀어주더라구요 | 원더는 영화로도 제작됐는데 | 모리는 필사 다했엇죠 | Holes5학년때 보고 Wonder 4학년때 봤어요! | Louis Sachar 좋아하시는 것 같아요. | 1. holes홀스
2.wonder 원더
3.tuesdays with morrie 모리와 함께한 화요일
4.animal farm 동물농장
5.crying in H mart  h마트에서 울다 | 이거 누가부른 팝송인가요",8
영어팟캐스트 추천 TOP3링글1:1 화상영어YouTube,https://www.youtube.com/watch?v=8CsabhMJVjM,8CsabhMJVjM,링글 영어,Ringle,sns,YouTube,2026-01-18 10:21:04,첫번째 노래 뭐죠.....,1
📧영어이메일 쓰는 꿀팁! #shorts #쇼츠링글1:1 화상영어YouTube,https://www.youtube.com/watch?v=TQYS1hz2UDs,TQYS1hz2UDs,링글 영어,Ringle,sns,YouTube,2026-01-18 10:21:04,"[제목] 📧 영어 이메일 쓰는 꿀팁! #shorts #쇼츠
[채널] 링글 1:1 화상영어",0
01:59,https://www.youtube.com/watch?v=7fYVLwItS4Y,7fYVLwItS4Y,링글 영어,Ringle,sns,YouTube,2026-01-18 10:21:04,곧 해외에 나갈 일이 있는데 너무나 공감 가는 이야기네요. 좋은 정보 감사드려요. | good~ | 2l,3
01:58,https://www.youtube.com/watch?v=XOyggEflJqg,XOyggEflJqg,링글 영어,Ringle,sns,YouTube,2026-01-18 10:21:04,"[제목] [링글러 이야기] 외국계 8년차 사내 변호사 강유빈님이 링글 1:1 화상영어를 선택한 이유는?
[채널] 링글 1:1 화상영어",0
01:37,https://www.youtube.com/watch?v=MgmmuW0Fvk8,MgmmuW0Fvk8,링글 영어,Ringle,sns,YouTube,2026-01-18 10:21:04,"요즘 링글 광고가 많이 보이네용,, 하나 하나 다 영화같고 영어공부 뽐뿌오게하는 멋진 분들 섭외력...! | 멋지시네요! 확실히 언어는 꾸준한 연습을 통해 자신감을 얻을 수 있는 것 같습니다! | 너무 멋있습니다... !",3
01:35,https://www.youtube.com/watch?v=LpJLrkK-i3o,LpJLrkK-i3o,링글 영어,Ringle,sns,YouTube,2026-01-18 10:21:04,"링글을 통해서 나도 유창해질 수 있을까ㅠㅠ.... 진짜 영어, 배워보고싶당..",1
02:01,https://www.youtube.com/watch?v=hZ8g2uOQgs4,hZ8g2uOQgs4,링글 영어,Ringle,sns,YouTube,2026-01-18 10:21:04,"[제목] 영어 인터뷰에서 제일 중요한 것 | 링글 공동창업자 이승훈 | 영어 인터뷰 MBA 합격
[채널] 링글 1:1 화상영어",0
00:56,https://www.youtube.com/watch?v=fqTPYcdfLRc,fqTPYcdfLRc,링글 영어,Ringle,sns,YouTube,2026-01-18 10:21:04,"[제목] 스탠포드 대학 출신 튜터들을 링글에서 만나보세요!
[채널] 링글 1:1 화상영어",0
02:55,https://www.youtube.com/watch?v=R6zpL7GQ000,R6zpL7GQ000,링글 영어,Ringle,sns,YouTube,2026-01-18 10:21:04,"[제목] 뻔하게 살고 싶지 않았어요 - 링글 수강생 우지혜님
[채널] 링글 1:1 화상영어",0
03:21,https://www.youtube.com/watch?v=Osd2MvsEvh0,Osd2MvsEvh0,링글 영어,Ringle,sns,YouTube,2026-01-18 10:21:04,"[제목] 전화영어, 영어학원, 스터디보다 링글을 추천하는 이유 | 외국계 IT
[채널] 링글 1:1 화상영어",0
초보자용영어회화 앱 추천 (링글AI 튜터 무료 이용권 이벤트)행글라이터YouTube,https://www.youtube.com/watch?v=3t_RM53_K-4,3t_RM53_K-4,링글 영어,Ringle,sns,YouTube,2026-01-18 10:21:04,"https://forms.gle/kQcb9kP8e9CcFcB89

** 영상에는 댓글을 남겨달라고 했는데, 이메일 주소를 남기면 댓글이 안 남겨지네요. 설문링크를 눌러 간단히 ""AI 튜터를 사용해보고 싶은 이유""와 이메일을 남겨주세요. (~1/19)
** 신청링크를 남긴 후 댓글 달아주시면 감사하겠습니다.^^ | 요즘 갑자기 업무적으로 외국인 만날일이 많아졌는데~ 유용하게 사용할수 있을거 같아요~ 전략을 세워준다니~ 멋있네요! | 초보는 선생님과 직접 대화 하는것도 부끄럽고 힘든데 AI가 대화와 분석을 해 주면 부담 없이 학습할 수 있을것 같네요. 영어 실력 향상에 큰 도움이 될 것 같아요~ | 외국인과 자주 만나는 직장인데 빠른 대화는 여전히 힘드네요 기회에 배워보고 싶어영~ 일단 한번 체험 해볼께요 | 너무 좋아요, 이젠 그럼 영어 강사님은 필요가 없는걸까요?? 저거 너무 유용해보여요!! | 저도 받아보고 싶어요 enm에이 아이 엘 / 네이버 입니다",6
01:25,https://www.youtube.com/watch?v=f83NmTWj9z8,f83NmTWj9z8,링글 영어,Ringle,sns,YouTube,2026-01-18 10:21:04,"Duke Kunshan 출신 컴퓨터 공학, UX 전공에서
실리콘밸리 IT회사의 PM 경험까지

글로벌 IT 기업 입사 경험으로 스타트업, 대기업의 수강생들의 다음 커리어를 위한 
영어 레쥬메, 인터뷰 준비를 함께 하고 있는 AVA튜터!
영어 PT, 미팅 등에서 필요한 비즈니스 영어뿐 아니라 
영어 자신감 향상을 통한 영미권 문화 적응을 위한 영어, 일상 영어까지 함께 할 수 있어요!
 
링글 튜터를 직접 만나보고 싶다면!

1:1 화상영어 링글",1
01:57,https://www.youtube.com/watch?v=RyKeFkMm_2o,RyKeFkMm_2o,링글 영어,Ringle,sns,YouTube,2026-01-18 10:21:04,"#Harvard 에서 #통합생물학 #컴퓨터공학 전공의 링글 수업 600회 이상 진행한 Grace 튜터!

#통합생물학 경험으로 #의학박사 #생명공학 에 대한 
#영어논문 #영어발표 #영어토론 등을 도와줘요!

또, 하버드에서는 글쓰기를 중시하는만큼 글의 장점은 살리고, 문법은 교정하며
  등의  교정도 함께 할 수 있어요.
 
영어 논문이 고민이시라면 Grace 튜터와 수업 시작해 보세요!

1:1 화상영어 링글",1
01:44,https://www.youtube.com/watch?v=CuHEWcSp3SI,CuHEWcSp3SI,링글 영어,Ringle,sns,YouTube,2026-01-18 10:21:04,"[제목] UCLA Anderson 풀타임 MBA 합격, 실리콘밸리 IT 스타트업 PM 링글 수강생을 만나보세요
[채널] 링글 1:1 화상영어",0
01:44,https://www.youtube.com/watch?v=e8ST4qcSV1o,e8ST4qcSV1o,링글 영어,Ringle,sns,YouTube,2026-01-18 10:21:04,"[제목] [링글러 이야기] ""제가 유일한 한국인이었고 미국 회사에 출근하면 영어로 모든 게 시작됐어요.""
[채널] 링글 1:1 화상영어",0
01:47,https://www.youtube.com/watch?v=BdAvUySqAL8,BdAvUySqAL8,링글 영어,Ringle,sns,YouTube,2026-01-18 10:21:04,"40대에도 도전을 멈추지 않는 윤진님 정말 멋지시네요 이후 모든 노력이 아름다운 결과로 활짝 피어나길 기원하겠습니다. | 40대 늦은 나이에 영어를 시작했기에 효율적인 플랫폼이 필요했어요!

 늦은 나이의 마지막 도전으로 시작한 윤진님이, 슬럼프 없이 영어 공부를 할 수 있던 방법은?

토종 국내파여서 아무리 연습해도 네이티브한 영어가 늘지 않는다면
일대일로 교정 받고 자신감 채울 수 있는 링글로 지금 시작해보세요!

---
2023년 링글 최대 할인 진행 중이니 이번 기회를 놓치지 마세요!
 링글 신년 프로모션 혜택
1. 최대 39% 할인
2. 보스턴 & 뉴욕 챌린지 3기 모집
3. 4주간 함께 하는 영어 스터디클럽 2기 (1,000명)

2023년 신년 이후에 이 가격은 없을 예정입니다.
지금이 가장 저렴할 때이니, 이번 기회 놓치지 마세요!! 

 정규 프로모션 기간 : 23.01.06 (금) - 23.02.02 (목)

 링글 최저 가격 확인하기 :",2
01:32,https://www.youtube.com/watch?v=CYnvqc8GtGs,CYnvqc8GtGs,링글 영어,Ringle,sns,YouTube,2026-01-18 10:21:04,하와이안 출신이신가 보네... 매우 아름다우십니다~!! | 똑부러지게 수업 잘 하실 것 같아요! | 혹시 이 백그라운드 음악 아시나용?,3
02:37,https://www.youtube.com/watch?v=h-BmhsbEDx8,h-BmhsbEDx8,링글 영어,Ringle,sns,YouTube,2026-01-18 10:21:04,"#UC Berkeley졸업 후 #국제NGO 경험이 있는 링글 수업 600회 이상의 Gillian 튜터!

#비영리 기구에서의 연구 경험으로 
#인터뷰 #레쥬메 #에세이 #연구논문 작성 등의 영문서 교정을 함께 할 수 있어요. 

   문제부터    까지 다양한 관심사에 대한 대화도 가능해요!  

영어 외의 3개의 다른 언어를 공부하며 외국어를 배우는게 얼마나 어려운지 아는만큼 
영어에 대한 압박감이 아닌 영어 자신감을 키워줍니다! 

지금 Gillian 튜터와 링글 수업을 시작해보고 싶다면! 

1:1 화상영어 링글",1
01:14,https://www.youtube.com/watch?v=aqNFMO70MLg,aqNFMO70MLg,링글 영어,Ringle,sns,YouTube,2026-01-18 10:21:04,하버드 신기하당,1
01:25,https://www.youtube.com/watch?v=xiBgMdfaAKY,xiBgMdfaAKY,링글 화상영어,Ringle,sns,YouTube,2026-01-18 10:21:04,"정말 듣기 좋아서 계속 듣고 싶네요! 그리고 자신감도 넘치고!!! | 존잘이네 이분 영상 좀 더올려줘여 | come here from impressive ad with a guy has a really cool accent :)))) | i want to hear more videos of him and if he has his youtube channel help me find it thanks a lot | 이분 인스타 있나요? | 목소리 정말 좋으시네요 타고난 꿀성대시네요 발음 억양이 네이티브 같네요 스마트하시기까지...
질문이 있는데요 and as well as applying to grad school (...). And Ringle isn't just... 여기서 괄호 안에 들어가는 말이 뭔지 알려주실래요? 19초 쯤인데요 유튭 자막은 even이라고 나오는데 뭔가 한 단어 더 있는 거 같은데요 Albert씨나 고수님들 부탁드려요~ 저는 '이든노' 처럼 들리는데요... | He is so handsome | who is he? :(((",8
01:50,https://www.youtube.com/watch?v=aHXnJ7BsPt8,aHXnJ7BsPt8,링글 화상영어,Ringle,sns,YouTube,2026-01-18 10:21:04,"나는 영어권 나라에서 나중에 창업을 하고 싶은데 유학은 못가겠고 그래서 영어관련된것을 찾다가 링글을 알게 되었다. 정말 좋은 프로그램인것 같다. 아직 나의 진로를 어떤 방향으로 나갈지 확실하지 않지만 링글의 프로그램을 통해 튜터들과 소통하며 알아가고 싶다.
머지않아 나의 회사를 만들어 보고 싶다.
유창한 영어와 함께 | 링글이야 말로 대한민국 최고의 온라인영어교육 회사입니다.
XX두, XX스쿨 이런애들은 그냥 통신판매업 말 그대로 영어강의 판매 회사일 뿐이구요..
링글이야 말고 제대로 된 온라인 영어교육 회사 입니다.
영어가 뭔지, 교육이 뭔지를 아는 사람들이 만든 회사라는 생각이 듭니다.",2
03:56,https://www.youtube.com/watch?v=QAdy-PaG5ss,QAdy-PaG5ss,링글 화상영어,Ringle,sns,YouTube,2026-01-18 10:21:04,"국제조세 업무 회계사 출신이었던 지혜님이 MBA를 결심하게 된 이유!

회계사 업무를 하며 필요했던 영어공부부터 MBA준비에 필요했던 영어까지,
링글 활용꿀팁과 장학금 받는 방법 등의 실제 MBA 준비 팁을 모두 알려드립니다.
또, 안정적인 일이 아닌 새로운 도전, 정답이 없는 미래, 한계가 있는 현실 등 많은 한계를 뛰어넘을 수 있게 했던 힘과 링글과 함께 극복한 이야기까지 만나보세요.

 시작
 자기소개
 영어가 필요하다고 느꼈던 순간
 링글로 영어를 시작하게 된 이유
 MBA 인터뷰 연습 팁
 비싼 MBA 학비 마련 방법과 링글 활용법
 MBA 지원 계기
 회계사로서 이루고 싶은 꿈
 미국에서 시작하고 싶은 이유
 회계사 커리어 계획과 필요한 공부
 지금까지 가장 어려웠던 점

링글, 하고 싶은 일을 하게 될 때까지!
---
현재 링글은 여름 프로모션 기간으로 많은 혜택이 준비되어 있어요.  (여름 프로모션 기간  8.1 부터 8.31까지)
 링글 최저 가격 확인하기 : 
 정규 프로모션 기간 : 23.08.01(화) - 23.08.31(목)",1
01:31,https://www.youtube.com/watch?v=CPM5wKlgV28,CPM5wKlgV28,링글 화상영어,Ringle,sns,YouTube,2026-01-18 10:21:04,"[제목] ""미국 명문대생들은 영어, 그 이상을 가르칠 수 있어요""
[채널] 링글 1:1 화상영어",0
03:40,https://www.youtube.com/watch?v=RNMWx1Qzjfg,RNMWx1Qzjfg,링글 화상영어,Ringle,sns,YouTube,2026-01-18 10:21:04,"다음날 사과하러 가는 것 부터가 드웨인 존슨은 스스로 자신이 발전 할 수 있는 기회를 이미 만든 것 같네요. 그것을 멋지게 받아준 선생님도 정말 둘도 없을 기회와 마음가짐을 만들어준 멋진 사람같습니다 | 애초에 드웨인이 착한애였네. 선생님 야려봤다고 그게 맘에 걸려서 다음날 사과할정도면 떡잎은 제대로 된 사람이었다는거임. | 다음 날 사과하러 간다는 거보면 아주 노답은 아니였고 착한 인성이 있었던 것을듯. 그러니까 여러 계기로 바뀔수 있지 않았을까 | 악수가 인생을 바꾼게 아니라 담배나 마약에 빠지지 않고 선생님께 자신의 무례한 행동을 반성하고 사과하러간 그 마음이 드웨인 당신의 인생을 바꾼것입니다 | 그 땐 선생님을 내려다봤댔지만 이 영상 마지막엔 올려다보네... | 어리고 철없을 때 사죄하러 다시 찾아간 것도 대단하네 결국 그 결정이 인생을 바꿀 수 있는 계기가 된듯 | 저 외모가 당시 16세였다는 게 더 충격이였지만.ㅋㅋ | 0:19 누가보면 이 사람이 드웨인 존슨 선생님인줄 알겠네 ㅋㅋㅋ | 저게 뭔 문제아냐 인성 제대로 박혔구만... | 사과할 수 있다는게 그릇이 크다는 증거지 | 마지막에 웃으면서 하늘을 보는걸 보아하니
존경하는 선생님은 하늘에 계신가 보군요.. | 드웨인존슨은 웃을때 너무 매력적임. 저 활짝 올라가는 입꼬리와 주름 + 아이 같은 천진한 웃음 | 어떤 문제아라도, 드웨인 존슨 앞에가면 저절로 순한양이 될듯 ㅋㅋㅋㅋ | 몇년전 페북에서 이 영상을 우연히 보고 드웨인존슨이라는 배우가 나온 영화를 보지않고 인간자체의 매력에 빠져서 팬이 됐어요 젠틀한 미소와 부드러운 음성이 정말  호감형입니다 오늘 조조로 분노의질주 홉앤쇼를 봤는데 세상에 심장이 터질듯하고 너무 환상적이었어요 과한 액션씬에선 행여 다칠까봐 넘 걱정이 됐고 사모아 정신을 나타내는 장면에선 감동받아 눈물까지
드웨인존슨 배우님의 영광을 축복합니다 | The Rock is the man who knew what he did wrong and tried to fix it. Great!",15
01:26,https://www.youtube.com/watch?v=GamUfOzP0qs,GamUfOzP0qs,링글 화상영어,Ringle,sns,YouTube,2026-01-18 10:21:04,로버트 드 니로 닮으셨어요. 오른쪽뺨에 점까지ㅋㅋㅋㅋ 신기해서 광고 계속봄 | 강아지가짖는거로해주세요,2
20:15,https://www.youtube.com/watch?v=6PiN4ZdFiy4,6PiN4ZdFiy4,링글 화상영어,Ringle,sns,YouTube,2026-01-18 10:21:04,"밸런스있는 영어실력향상을 위해 화상영어를 챙기는 분들이 많은데요, 오랫동안 사용하고 공부한 이 서비스들을
한눈에 알아볼 수 있도록 정리했습니다! 
*2025년 1월에 촬영된 영상이라 화면에 보이는 금액등의 변동은 있을 수 있으니 참고해주세요~

[영상순서]
 화상영어전격비교 (캠블리키즈,링글,아웃스쿨)
 나이기준
 커리큘럼기준
 튜터기준
 가성비기준
 단점기준
 화상영어할때 이것만은 꼭!

+

[협업문의]
kimpd05tv@
블로그 
인스타그램 @lemonade_0505 | 김피디님의 새로운 출발을 뜨겁게 응원합니다 | 알아 듣기 쉽게 설명해 주셔서 감사합니다^^ 그리고 새로운 출발을 응원해요 | 새출발 축하드려요~~~️
무궁한 발전 기원합니다!!! | 김피디님!! 응원합니다 | 김피디님~화이팅!! 새출발축하드립니다!!! | 아웃스쿨 처음 알았어요 좋은 정보 감사합니다~ | 저는 지금껏 캠블리를 많이 이용해서 큰 도움 받아왔어요 아이들이 커리큘럼에 맞게 다양한 내용으로 두루두루 영어를 사용해 볼 수 있어서 너무 좋은 거 같아요. 
다양한 선생님들을 접해오고 있고 방학 때도 꾸준하게 영어회화 실력 향상을 위해 수업을 듣고 있습니다. 이곳에서 조금 탄탄하게 실력을 쌓고 링글로 넘어가 보려 합니다. 늘 좋은 정보 전해주셔서 감사합니다. | 김피디님! 역시 깔끔하게 각각의 특징을 잘 설명해 주셔서 이해를 잘 하게 되었습니다. 캠블리 키즈는 이용해 본 적이 있지만 역시 영어는 빨리 시작할수록 더 좋은 거 같아요. 저희 아이 부끄러움이 많아서 캠블리 키즈로 수업을 많이 했는데요. 선생님들이 매우 친절하시고 아이들 수준에 맞게 잘 이끌어 주시는 거 같아요. 엄마가 부지런히 예약하고 아이에게 맞는 선생님을 찾기만 하면 정말 좋은 거 같아요. | 링글은 초등영어 할 때교재 같은 것도 쓰나요? 명문대 생들은 어떨지? ㅎ | 김pd님 응원합니다~~ | 화상영어 고민만하고있었는데, 김pd님의 알잘딱깔쎈 설명덕분에 선택하고 시작하려구요! | 캠블리 별로 노쇼도ㅠ많음 | 저희 아이들은 캠블리 키즈를 꽤 오랫동안 해왔습니다. 한 3년 정도 했던 거 같구요. 초급부터 시작에서 지금 고급 단계가 되었는데  고급 정도 되면 내용이 굉장히 수준이 높아지는 것 같습니다.
캠 블리 수업은 가격 대비 가성비 배우 좋은 것 같아요.  방학 때 집중적으로 하기 좋고 학기 중에도 딱 일주일에 한 번씩이라도 수업을 하다 보면 어느덧 수준이 꽤 올라와 있더라고요.",14
01:56,https://www.youtube.com/watch?v=3OQP5CbK0ks,3OQP5CbK0ks,링글 화상영어,Ringle,sns,YouTube,2026-01-18 10:21:04,"윤지 선생님 멋있으십니다. 광고보고 궁금해서 여기까지 왔네요 선생님이 제 꿈입니다 | 우연히 광고를 봤는데 목소리도 좋으시고 말하시는 것도 고급스러움과 전문성이 느껴져서 찾아 왔어요...
저도 저 분처럼 말을 잘하면 좋겠네요 | 링글에서 저 튜터분 검색이 안되네요. 그만 두신건가요?",3
01:53,https://www.youtube.com/watch?v=Dc496PxzsJ4,Dc496PxzsJ4,링글 화상영어,Ringle,sns,YouTube,2026-01-18 10:21:04,"[제목] [링글러 이야기 in Boston] HBS 최다혜님이 경험한 링글은?
[채널] 링글 1:1 화상영어",0
08:56,https://www.youtube.com/watch?v=i_qduEXnnNc,i_qduEXnnNc,링글 vs 캠블리,Ringle,sns,YouTube,2026-01-18 10:21:04,"1. 링글
 - 76% 아이비리그 & Top 30 대학
      - 학생+직장인으로 구성, 출신 학교와 전공 제공
 20m / “40m”
 24.0 / 41.0 (1회당 가격 기준, 대략적인 금액)
 최신 시사, 비즈니스 케이스
* 복습 시스템이 잘 갖춰져 있음 : 녹음파일, 스크립트, 필러워드 사용 빈도, 튜터 피드백 제공
* 뉘앙스/어휘/표현 상세 설명, 패러프레이징 학습에 도움

2. 엔구
 - Standard(필리핀) / Native(US/UK등) / 한국인 / ESL
 25m
 10.0(S) / 20.0(N) (“)
 일반 회화, 비즈니스 영어, 스피킹 시험(토익/토플/아이엘츠/오픽), 데일리 뉴스
* 피드백 거의 없음 (튜터별로 케바케 큼)

3. 캠블리
 - 북미 / 영국 / 호주 등 영어권 국가
       - 1000회 이상 수업 혹은 교사자격증 정보 제공
 15m/“30m”/60m
 12.0 (“)
 초급/중급/고급 수준별 일반회화, 비즈니스 영어, 스피킹 시험(토플/아이엘츠)
* 튜터에 따라 요청시 피드백 제공
* 수업 영상을 다시 볼 수 있음
* 예약 없이 바로 수업 가능
* 튜터의 엑센트와 성격 선택 가능


️미쥬언니 초이스️
링글 : 예습/복습, 고급영어 원하시는 분
엔구 : 영어회화 왕초보 / 스피킹 시험 준비생
캠블리 : 언제 어디서나 원할때 수업하고, 영어 노출을 많이 하고 싶으신 분

! 개인적인 견해가 있으니 열심히 정리해주신 유튜버님께 딴지 걸기 없기ㅠㅠ ! | 넘 유용하게봤어요 감사합니다 좋아요 꾹 | 진짜 귀한 영상이네요 | 영어 잘 하시네요^^* 저도 우선 내공쌓고 들어볼게요 도움 많이 됐습니다.^^ | 체계적으로 잘 정리해주셔서 감사해요 큰 도움이 됐습니다! 저 같은 경우엔 캠블리가 잘 맞을 것 같아요 !! 좋은 하루 보내세용 | 정말 필요한 자료입니다. 감사합니다. | 오호 딱 필요한 정보였어요 !! 영상 감사합니다>< | 영어 회화샘 선택에 많이 도움될듯 감사해요 | 아주 유익한 비교 정보였어요. 무엇을 선택해야 좋을 지 분명한 생각을 가져다 주네요. 감사합니다. | 영상너무 좋네요! | 비교영상 큰 도움이 되었습니다. 타지에서 항상 안전히 잘 지내세요 ^^ | 와 이렇게 체계적인 리뷰 처음이예요 감사합니다 큰 도움이 되었어요 | 저희 아이는 토크스테이션에서 원서 수업하고 있는데 얼른 미쥬언니처럼 유창한 스피킹을 할 수 있는 날이 오면 좋겠어요 | 우와~이렇게 체계적이고 꼼꼼한리뷰 처음이에요!!미국간지 1년 넘으셔서 지금은 영어 좀더 편하시죠? 링글 2900원 체험수업 예약해놔서 후기찾아본건데 영상에 정성이 듬뿍 들어갓네요. 세 군데 모두 튜터가 고정되지 않은 시스템인데 저는 고정튜터와 고정된 시간을 선호하는지라 캐스화상영어하고있어요. 1년간 한 선생님하고만 하는데 친구같고 넘 좋아요.
저같은 중급자이자 시험,유학,취업등 단기 목표가 없는 사람은 편안한 선생님과 쭈욱하면서 유창성 기르는게 낫겠더라구요.
캐나다 샘이 친절하시기도하고.
필핀/북미 강사 같이있는곳은 안하는 원칙세워서 엔구는 안해봤지만, 캠블리도 수강신청 프로그램 맞지않았고,
링글은 체험예약해서 기대중인데, 뭔가 advanced 가 해야할 분위기??ㅎ 학구적인분위기에 쫄았어요.가격대는 있지만 전문성은 느껴져요.
다음엔 중급이상을 위해 파고다원/링글/브릿센트 비교 부탁드려도 될까요??
In my humble opinion, 저 세개가 비슷하게느껴져서요.
꼼꼼한 리뷰 정말 잘봤습니다. 감사해요 | 유용한 영상이예용~~~",15
21:57,https://www.youtube.com/watch?v=6i1xkFBaSUU,6i1xkFBaSUU,링글 vs 캠블리,Ringle,sns,YouTube,2026-01-18 10:21:04,"<퀄리티가 좋은 게 좋아, 아니면 양이 많은 게 좋아?> 

Topic : Quality VS. Quantity

 
양이 많은 것 보다 품질이 좋은 게 좋아? 아니면 그 반대야?
Do you prefer quality over quantity, or the other way around?


옷의 경우, 싼 옷을 여러 벌 갖는 게 좋아? 아니면 비싸고 좋은 옷을 몇 벌만 갖는 게 좋아?
When it comes to clothing,
do you prefer having a lot of different pieces of clothing that are cheap and low-quality?
Or do you prefer having just a few high-quality pieces of clothing?

  (내가 가진 옷을 다 입지 않아. 늘 입는 옷은 몇 개 뿐이야)
I don't wear everything all the time.
There are really just a few items (that) I wear all the time.

 
식당의 경우, 싸고 양이 많은 뷔페가 좋아? 
아니면 완전 저 세상 끝장나는 맛으로 양이 적고 비싼 음식이 좋아? 
When you go to a restaurant,
would you rather go to a buffet where you can eat a lot of different, low-quality food for one price?
Or would you rather go to a fancier restaurant where you can get a small serving that is out of this world amazing taste?

 
I'm bloated. / I feel bloated.


친구의 경우, 아주 가꾸운 친구 몇 명이 있는 게 좋아? 아니면 엄청나게 인맥이 많은 게 좋아?
When it comes to friends,
if you had to choose between having just one or two really close friends and having a big network of friends but nobody who you really felt extremely close to, then what do you prefer?

 
I think it's a smart move


언어를 배울 때, 여러 개 언어를 조금씩 할 줄 아는 게 좋아? 아니면 하나를 제대로 하는 게 좋아?
When you learn other languages,
would you rather learn several languages a little bit?
Or would you rather focus and master one language and get to speak the language fluently?


아주 재미있는 영화 한 편을 (짧게) 보는 게 좋아? 
아니면 그냥 무난한 드라마 시리즈 하나를 통째로 (오랜 시간에 걸쳐서) 보는 게 좋아?
Would you rather watch one outstanding movie or a whole season of an average TV show?


소중하게 다루는 물건이 있어? (주제와 상관없이 뜬금없이 껴놓은 질문입니다 ^^;;)
Do you have any items that you take good care of? | 와 토픽 너무 좋은거 같아요!! 저도 영상보면서 표현 몇가지 배워가네요 저도 다음 화상영어 시간에 이 주제로 해봐야겠어요 감사히 잘보고 갑니다",2
16:59,https://www.youtube.com/watch?v=0elQBsJP_9Q,0elQBsJP_9Q,링글 vs 캠블리,Ringle,sns,YouTube,2026-01-18 10:21:04,"캠블리 무료 체험 30분 + 모든 플랜 추가 29%(최대 50%) 할인 + 추석 이벤트!

방법 1) 아래 링크로 가입해주세요
https://bit.ly/3Arlv5a


방법 2) 캠블리 홈페이지(어플)에서 회원 가입 -- 프로모션 코드란 “yunieslife” 입력

추석 이벤트) “yunieslife” 코드로 구매해주신 분들 중 1명 추첨하여 전액 환급!! | 앜ㅋㅋㅋ 미국튜터분 진짜 에너지가  생일파티 안해줬더니 바로 그만두셨다는거 넘웃겨옄ㅋㅋ | 주말이 아닌 날 영상이 뿅 올라오다니...
진짜 올영세일때문에 찌들렸다 퇴근하고 보는 영상 진짜 좋아요",3
14:07,https://www.youtube.com/watch?v=wxAqd4zla3Y,wxAqd4zla3Y,링글 vs 캠블리,Ringle,sns,YouTube,2026-01-18 10:21:04,"[오늘 시작하세요]
실시간 강의 : suabanana.com/product/live/

온라인 강의 : suabanana.com/product/online/

문의 : pf.kakao.com/_GTnUK/chat

웹사이트 : 
블로그 : | 8:24 암기해서 배우기 | 아니 이런건 화상영어 서비스에서 가이드 해줘야하는거 아닌가요.. 진짜 링글에 몇백쓰고도 느는 속도가 더뎠는데요.이분이 말씀하신게 중요했어요.

대화 점유율 높이기, 토픽 선정 (나랑 관련된거), 초반 소개로 잡아먹지 않는거요..! | 당장 영어가 필요한데 안되서 손해보는 사람입니다. 좋은 조언 많이 들었습니다.^^ | 8:20 챗지피티 프롬포트를 여기에 주입시켜버리시네 ㅋㅋㅋㅋㅋㅋㅋ 입틀막하면서 봄 차라리 챗지피티가 낫겠네요 | 수아님 영상보고 캠블리 가입해서 화상 영어 했는데 너무 재밌더라구요. 근데 너무 이상하게 왜 자꾸 30분이 추가 되나 했더니ㅠ 오늘 메일 확인해보고 당첨된거 알았어요. 튜터한테도 왜 자꾸 나 30분이 더 들어오는지 모르겠다고 했는데.. 너무 신나네요ㅜ 사실 애 둘맘이라 한달에 10만원도 저한테 투자 하기 꺼려지더라구요 영어로 대화하는걸 너무 좋아하고 할때마다 너무 재밌는데 왠지 비싼거 같고 그랬는데ㅠㅜㅠ 수아님 덕분에 재밌는 시간 보내고 있습니다. 진심으로 감사드려요 | 영어교육과인데 정말 영어슬럼프로 한 10년 보냈어요. 한번 도전해볼게요. 
용기주셔서 감사해요^^ | 정말 꿀팁이네요!! | 안녕하세요 ! 저도 캠블리로 공부하고 있는데요 ~ 혹시 영상에 나온 캠블리 튜터들 프로필 링크 전해 받을 수 있을까요 ? 원하는튜터  찾기가 너무 힘들더라구요 ㅜㅜ | 와 ㄷㄷ 이런 정보 너무 좋습니다 | 진짜 진국만 모아 제대로 만들어진 영상 | 감사합니다.
도움 되었습니다^^ | 최고…. 정말 감사합니다 | 오… 꿀팁들 감사합니다. | 감사합니다",15
11:01,https://www.youtube.com/watch?v=PV9zvzC_Nzw,PV9zvzC_Nzw,링글 vs 캠블리,Ringle,sns,YouTube,2026-01-18 10:21:04,"[제목] 2018 07 14 vs악동 새벽 필드쟁
[채널] 링글이의 영상저장소",0
전교 300등 아빠vs전교 1등 엄마의 교육관 차이 feat. 영어유치원무빙워터YouTube,https://www.youtube.com/watch?v=lAJCbUnmU9c,lAJCbUnmU9c,링글 vs 캠블리,Ringle,sns,YouTube,2026-01-18 10:21:04,와진짜 잘하는데요 | 33,2
전교 300등 아빠vs전교 1등 엄마의 교육관 차이 feat. 영어유치원무빙워터YouTube,https://www.youtube.com/watch?v=QRUcjosYqmw,QRUcjosYqmw,링글 vs 캠블리,Ringle,sns,YouTube,2026-01-18 10:21:04,"우리 부부와 똑같은 상황! 결국 안보냄. 차라리 그돈으로 그아이를 위한 금융투자! | 저희집은 전교1등남편 엄마는 전교300등 | 영어 유치원은 가성비가 떨어지고 집에 와서 영어로 놀수있게 영어교육채널 티비만 허용하게 해준다던지 영어채널 유튜브만 볼수있게 하는게 젤 좋을듯. 중딩때부턴 메가스터디나 ebs, 스픽앱 가성비 교육 적극 활용. | AI 발전속도로 보면 영어는 그냥 취미로 하는게 좋을듯~! | 애가 원하면 해준다 절대 강제로안시킨다 하고싶은거 전적으로 밀어준다 | 가치관 차이인듯 그냥",6
영국영어vs미국영어 by 아델 Adele악당영어YouTube,https://www.youtube.com/watch?v=fh1jUwjTGhM,fh1jUwjTGhM,링글 vs 캠블리,Ringle,sns,YouTube,2026-01-18 10:21:04,"안녕하세요
악당영어의 에이미입니다

시간이 꽤나 빨리 흘러가네요!
벌써 8월이라니..!!

연이은 폭염으로 다들
무탈하신지요?

오늘의 영상은 88년생 영국가수
아델(Adele)의 간단한 인터뷰입니다

짧은 영상이지만 각각의 이름들이
미국과 영국에는 어떻게 다른지,
한번 눈여겨 보아요!

여행지가서 알아두면 좋을
“고수”와 같은 단어들은 익혀두시고
나중에 꼭 써먹어 보아요

오늘 하루도 행복하게 마무리 하시구
내일부터 또 다시 한 주를 파이팅있게
시작하시기를 응원합니당

의역 및 오역, 오타 등에서
저의 부주의나 실수들로 인해서
혼란스럽거나 불편하셨다면
사과의 말씀을 정중히 드리옵니다

항상 깊은 고민과 공부로 발전하는 
영상제작과 번역이 되도록 하겠습니다

좋아요와 구독은 영상 제작에 있어서
매우 큰 힘이 된답니당

남은 하루의 시간도
건강하고 행복하게 보내세요

유튜브, 인스타, 네이버에서
“악당영어”를 검색해주세요! | 엥 나 아델 들을 수 있네 | ㅋㅋㅋ우리는 그걸 적당히 콩글리쉬에 섞어쓰고
호주에 있을때 코리앤단코리앤단 하다가 
한국와서 유명한 쌀국수 집에 한글로 씰란뭐시기 라고 적혀있어서 치약이름인줄 , 그리고 일본식제과형식으로 만든 디저트들은 또 스위츠라고 부르고 
그래서 영어는.재밌다는 | 스카이폴도 올려주면 좋겠네요 러브인더다크도 | 유투버님만 1.5배속 인가요..",5
🖐🏻 기다려!를 Wait! 말고 다른 표현으로 하면? #shorts #쇼츠링글1:1 화상영어YouTube,https://www.youtube.com/watch?v=073aa8gSKRs,073aa8gSKRs,링글 vs 캠블리,Ringle,sns,YouTube,2026-01-18 10:21:04,"기다려!를 Wait! 말고 다른 표현으로 하면?

기다려달라고 말할 때 항상 ""Wait""만 하시는 분들.....
다른 표현이 뭐가 있을지 막상 생각해 보려 하면 안 나시지 않나요?

원어민들은 wait 말고도 다양한 표현을 사용하고있는 만큼
우리도 이제 더 많은 표현으로 원어민처럼 대화해 보아요!

이 외에도 다른 표현을 아신다면 댓글 남겨주세요. 

  Luke, Pooja, Sarah 튜터가 알려주는 4가지 표현! 지금 캡쳐하고 외워보세요.

더 많은 표현을 배우고 싶다면?
https:/lyi3rEjvBwEjvBw
1:1 화상영어 링글",1
06:41,https://www.youtube.com/watch?v=8-0nA2kftA4,8-0nA2kftA4,링글 vs 캠블리,Ringle,sns,YouTube,2026-01-18 10:21:04,"성장 많이 하신것같은데요!!
역시 꾸준함의 힘이란!
일주일에 몇회코스이셨나요?? | 우연히 보게되었는데 계속해서 도전해나가시는 모습이 멋져요! 화이팅입니다~🫶",2
01:29:43,https://www.youtube.com/watch?v=mXhIaUIYHEg,mXhIaUIYHEg,링글 vs 캠블리,Ringle,sns,YouTube,2026-01-18 10:21:04,"[제목] 2020.08.27 정원 동대vs서대 동수쟁 링글님의 실시간 스트림
[채널] 링글이의 영상저장소",0
01:51:42,https://www.youtube.com/watch?v=0--RF2e_f1Q,0--RF2e_f1Q,링글 vs 캠블리,Ringle,sns,YouTube,2026-01-18 10:21:04,이게임 섭종하던데에ㅔ갠차느요?,1
07:00,https://www.youtube.com/watch?v=UOPwjFtfo9U,UOPwjFtfo9U,링글 vs 캠블리,Ringle,sns,YouTube,2026-01-18 10:21:04,"[제목] 2018 02 04 황금평원 동vs서
[채널] 링글이의 영상저장소",0
12:41,https://www.youtube.com/watch?v=cULIxGw3VtQ,cULIxGw3VtQ,링글 vs 캠블리,Ringle,sns,YouTube,2026-01-18 10:21:04,"Timeline
00:54 화상영어를 시작하게된 계기
01:42 화상영어수업의 장점
02:50 실제 수업 녹화영상
 캠블리 후기
 민트영어 후기


 민트영어 회원가입 예정이신분!
아래 링크를 통해 회원가입 하시면 민트영어에서 다양한 혜택이 주어지는 포인트 70,000점을 받을 수 있어요


.


 캠블리 회원가입 예정이신분!
아래 링크를 통해 회원가입 하시면 10분 수업 무료체험을 받으실 수 있어요

. | 저도 작년에 캠블리를 약 한 달 ㅎㅎ 해봤는데 민트영어는 안 해봐서 그런지 한 번 경험해보고 싶네요! 선생님들도 다정하신 것 같아요! 결정에 도움이 되었습니다! 감사합니다 :) | 어디를 등록해야할지 고민이었는데 영상이 많이 도움이 되었습니다. 감사합니다. | 기다렸습니다 | 이게 얼마만이햐..... 안그래도 영어 공부를 하니마니 하고있었는데 너무 좋은 정보네효... 다비님 일상도 올려주시술..... 너무 궁금해효... | ㅋㅋㅋㅋㅋㅋ아 부숭부숭 너무 웃기다 전화영어 알아보다가 우연히 보게 됐는데 너무 재밌고 유익했습니다!! | 유튜브 접으신줄 알았어요^^
(부숭부숭) | 어느정도의 수준이 돼야 시작할수잇네요ㅠ 멋잇어요……저도 언젠간.. | 헉 저도간호사에요! 예전 영상보니 병원근무하셨었네요ㅎㅎ영어공부 하고있어서 알고리즘통해 들어왔어요ㅎ지금은 영어를 너무 잘하시는데  얼만큼 공부하셨고 화상영어하기전 맨처음 회화공부는 어떻게 하셨어요??  저는 시원스쿨 이제 시작해서 공부 막 시작한상태라서요ㅎㅎ 1년정도 독학으로 해보고 후에 화상영어해보고싶은데ㅎㅎ 영어공부법 궁금해요~~ | ""Knock on wood"" or ""touch wood"" originiates from Pagan or Celtic people, it basically means to prevent bad spirits from hearing your hope. Like ""I haven't gotten hurt yet"" if the bad spirits hear that they will try to hurt you, when you touch wood, it prevents them from hearing it. Thus the phrase ""Knock on wood/Touch wood""

As i always said, your english is great Dabi :)
So nice to see such a fun video of yours! Keep it up and looking forward to the next one! | 저도 전에 이용했었는데 강사님 매번 찾아야되고 매번 다른 강사님이랑 만나야되다보니ㅠ 전 초보자인데 좀 힘들더라구요
매번 같은 이야기를 하니까 실력이 안늘더라구요ㅠ 그래서 강사님이 고정되고 맞춤으로 관리를 해주는 곳으로 알아보다가
언어교환101 회화를 알게되서 여기서 5개월정도 같은 강사님이랑 하고 있는데 확실히 제가 발전하는걸 느끼고 있어요! 강사님 고정되는게 큰거같아요~ 실력 좀 늘면 프리토킹으로 캠블리도 같이 병행해보려구요 | 가격은 어느정도 하나요?",12
14:20,https://www.youtube.com/watch?v=s29re1fYg0U,s29re1fYg0U,링글 vs 캠블리,Ringle,sns,YouTube,2026-01-18 10:21:04,"[제목] ArcheAge 2017/11/26 도핑vs노도핑 동수쟁
[채널] 링글이의 영상저장소",0
01:03:27,https://www.youtube.com/watch?v=59JuycmdDoQ,59JuycmdDoQ,링글 vs 캠블리,Ringle,sns,YouTube,2026-01-18 10:21:04,"[제목] 2018 02 25 여친vs답키리 새벽소수쟁 쌀뜩 아름 오공
[채널] 링글이의 영상저장소",0
09:12,https://www.youtube.com/watch?v=oBP9g9FVyOw,oBP9g9FVyOw,링글 vs 캠블리,Ringle,sns,YouTube,2026-01-18 10:21:04,"[제목] ArcheAge 2017 12 03 뼈땅 동vs서대 6(서대오더버전)
[채널] 링글이의 영상저장소",0
03:07,https://www.youtube.com/watch?v=D7R8D_Dos-Y,D7R8D_Dos-Y,링글 vs 캠블리,Ringle,sns,YouTube,2026-01-18 10:21:04,"[제목] 화상영어 어떤게 좋아요? | 잘 고르는 법, 엔구, 링글, 캠블리, 한국에는 화상영어가 너무 많아, 도대체 뭘 해야 돼? 화상영어 추천
[채널] 태희",0
09:05,https://www.youtube.com/watch?v=YapjoiUwL5k,YapjoiUwL5k,링글 vs 캠블리,Ringle,sns,YouTube,2026-01-18 10:21:04,"호주 곧 워홀 가는데 딱 막차 타고 가는거라 불안함도 많고 그런데, 보연님 영상 보면서 밝은 미소로 생활하고 꾸준히 영어공부 하는 모습에 많은 용기 얻고 가요! :) 호주+영국 섞인 것 같은 보연님만의 발음도 너무 유니크하고 러블리하고 리액션 하는 모습도 너무 사랑스러워서 영상 쭉 정주행 했어요ㅎㅎ 앞으로도 꾸준히 영상 올려주세요! 만약 아들레이드 갈 일이 있다면 만날 수 있기를.. | 꾸준히 노력하시는 게 너무 멋지네요!! 좋은 자극 받고 가요 감사합니다ㅎㅎ | 멋있어서 구독합니다!! | 오 멋저요! 영상 잘봤습니다 :) 혹시 지금도 저 캠블리 그룹 하고 계시나요!?",4
07:10,https://www.youtube.com/watch?v=TjuPhdZTBhM,TjuPhdZTBhM,링글 vs 캠블리,Ringle,sns,YouTube,2026-01-18 10:21:04,"You guys are really good at English...keep learning and you will eventually become fluent in it 
Your hardwork shows | Stop picking on Kyo. Edit: yes, this is the cyber police. | Conis English is definitely better no offence kyo | First Time hearing you guys speaking English
we niconies are very happy that you are trying to learn english for understandin us better. thankyou | Oh my....



CUTEST.
 VIDEO.
EVER️️️️️ | Some quality English here.  One day you guys will be fluent in it. Also, in love with those shirts. | ''What is your names?''...no teacher  its what ''are'' | Your English are so cute lol | Your English is much better than my Korean! My pronunciation sucks so I only speak Korean to my cat. | Awww coni and kyo oppa your English is so cute and adorable | You given a good lesson for fake love you were learning but you actually taught us... | even tough they are not perfect but their Korean-english accent is so cute....:) | I dont know to speak  im not thinking!!! | Yall look really good with the red hair | Hahaha, you are so cute",15
05:28,https://www.youtube.com/watch?v=JYd--uCsjyY,JYd--uCsjyY,링글 vs 캠블리,Ringle,sns,YouTube,2026-01-18 10:21:04,"[제목] Its' vs Its vs It's 올바르게 구분하기! Its의 어포스트로피는 언제 필요할까? - 캠블리 튜터 Joe #화상영어#캠블리#apostrophe
[채널] 화상영어 캠블리",0
12:16,https://www.youtube.com/watch?v=tr6zaqZKVQI,tr6zaqZKVQI,링글 vs 캠블리,Ringle,sns,YouTube,2026-01-18 10:21:04,"20.12.28 방송
twitch.tv/ringleperson

슈탱 : https://archeage.xlgames.com/characters/2681CD12-F9F8-4A51-BC41-DCC918A24A53

빙빙돌: https://archeage.xlgames.com/characters/71B00050-3D74-4EBD-99B0-0A2EAE5C984F",1
15:19,https://www.youtube.com/watch?v=DYW0Nc9J5Xg,DYW0Nc9J5Xg,링글 vs 캠블리,Ringle,sns,YouTube,2026-01-18 10:21:04,"[제목] 캠블리키즈1년6개월, 링글 1년 세번째 화상영어 선택이유는? - 화상영어 3년차 초등 4학년 현서네 추천
[채널] 현서 아빠표 영어",0
10:12,https://www.youtube.com/watch?v=qTgBAeM7AIA,qTgBAeM7AIA,링글 vs 캠블리,Ringle,sns,YouTube,2026-01-18 10:21:04,"초4 아이 영어 수준 레전드... 교재 페이지 넘기시는데 웬만한 고등학생보다도 잘하는듯요~~ 저희 학교 고등학생들 대부분이 저거 못 읽어낸다에 한표!! 저때 당장 고등학교 왔어도 1~2등급은 나오셨을 것 같아요 | 유나언니는 진짜 이뿌다...
발음 ㄹㅈㄷ..혹시 영국인이신지...? | 토플주니어 시험 잘보는방법 있나요? | 저는 이글인데 레벨업 못했어요ㅠㅠ | 전 6학년 학생인데 내년에 유학을 가야해요
근데 토플점수가 최소 785점이 나와야 하거든요 그래서 말인데 뭔가 좀 팁이나 공부 방법이 있을까요?????",5
18:57,https://www.youtube.com/watch?v=D8FJj_gKILo,D8FJj_gKILo,링글 vs 캠블리,Ringle,sns,YouTube,2026-01-18 10:21:04,"지나가는 미국 언어치료사입니다. 뭐가 좋고 나쁘고 맞고 틀리다를 다떠나서 왜 저는 두분 대화의 컨텐츠 보다 토론하시는 모습이 사랑스럽고 아름다워 보이는걸까요 부럽고 부럽습니다 | 비혼을 외치는 현 시대에서,,,, 사랑하는 남자 여자가 만나서 공동의 관심사이자 사랑하는 존재를 위해서 토론하고 얘기하고 어떻게 살아갈지 가치관을 공유하고 너무 좋아보입니다ㅠㅠ | 진자 세상 좋아졌네요 ㅎ .. 영어 학원 대신 캠블리 원어민이랑 영어 공부 | 저는 어릴때 영어유치원을 다녔는데요. 언어능력개발과 별개로 하나의 포인트를 얘기드리자면
영어유치원이 현재 영어실력에 도움이됬던것중 하나는 외국인에 대한 낯설음이 없게하는것도 큰듯합니다. 영어성적이 좋아도 외국인과 대화하면 버벅거리는 친구들도 있었는데 어릴때 영어유치원다니면서 외국인과 대화를 여러번해본게 경험이되서 괜히 초등학교때 용인민속촌 견학가서 외국인보면 어디서왔냐고 물어보고 또 학교에서도 외국인선생님과 이런저런 얘기를 제일 많이나눈 학생이 저였거든요.
+추가로 부모님의 역할을 하나 얘기하자면 아버지가 영어를 잘하셨는데 외국인이 길찾는것같다거나 도움이 필요해보이면 도와주시면서 저한테도 간단한 인사나 대화를 유도해주셨는데 그역할도 지나고보면 도움이 많이 된듯합니다! | 그냥 미국 유학생입니다만 저는 영어교육이 정말 중요하다고 생각해요. 단지 스펙 이런걸 떠나서, 영어를 통해서 외국문화와 상식들을 접하다가 보면, 한국에서는 접하기 어려운 새로운 시야를 가지게 해주고, 결과적으로 마인드가 오픈된다는 걸 느꼈고, 자라면서 주변에서도 봐왔습니다. 한국어가 아닌 다른 언어를 이해 함으로써 세계를 보는 눈이 생기고 인생이 더 풍요로워졌다고 느꼈어요. 그래서 미래에 자식이 생기면 무조건 다개국어 환경을 조성하려구요 ㅎㅎ | 5살 공주님 아빠입니다. 
영유가 대세인 신도시에 살고 있어요. 저희 부부도 비슷한 교육철학으로 토론하고 단설 유치원으로 보내고, 도서관가서 빌려온 책으로 최대한 많이 읽어주고 있어요. 편입영어까지 해본 저로서는 영어 잘하는것보다 중요한건 문학적 소양, 문해력, 스피치, 집중력, 습관 이런것이라고 믿고 키울거에요. 잘키워봅시다! | 저는 무빙워터님의 의견에 진짜 전적으로 동의해요. 아이들과 놀아주고 인성교육에 힘쓰는 부분에 더 고민하고 더 함께하는 시간을 갖기위해서 노력한다는게 정말 그 어떤 교육보다 중요하고 가장 위에 있어야한다고 봅니다.
사실 그게 가장 어려운거라고 생각해요. 두아이에게 너무 좋은 아빠 엄마라는 생각이 듭니다.
오늘도 재밌게 잘보고 갑니다. 두분 진심 애정합니닷 | 두 분의 교육관이 정말 건강한 것 같고 동의합니다. 저도 영어 유치원 다녔는데요, 막연하게 제 자식이 생기고, 여건이 된다면(생활비로 상정한 금액의 20% 정도라면), 그러나 그러한 때에만, 영어 유치원 보내고 싶을 것 같아요. 
일단 저의 경험에 비춰봤을 때 어렸을 때부터 영어에 대한 자신감이 생기는데 도움을 주었던게 가장 컸어요. 제가 대여섯 살 때 할아버지와 길 가다가 외국인과 프리토킹을했다고 하더라구요. 다른 분들이 말씀하시는 것처럼 외국인과 대화하는 것에 대한 거부감이 없었던 것 같습니다. 
게다가 내가 영어를 잘 하는 사람이라는 생각이 있으니 이걸 놓치지 않으려고 학창시절에도 더 열심히 하게 되고, 영어가 믿는 구석처럼 친숙하게 느껴지는 것도 있었어요. 
곁다리로 영상에서 말씀하시는 것처럼 발음도 한몫합니다. 물론 영어가 공용어처럼 쓰이는 요즘 시대의 기준으로 보자면, 영어가 모국어가 아닌 사람들끼리 영어를 할 때, 영어 발음을 완벽하게 하는 것이 크게 중요하지 않을 수 있습니다. 그러나 일단 영어 발음이나 억양이 자연스러우면 영어를 했을 때 수준이 높지 않더라도 먹고 들어가는게 있어요. 그게 자신감 형성에 영향을 주고요. 또 영어 발음에 민감해지면 혹시나 다른 언어를 배울 때에도 발음이나 억양에 민감해지고 더 원래 발음에 근사하게 발음을 하려고 하더라고요.물론소통 가능할 정도로 발음이 되고, 말할 때 자신감이 그냥 있다! 하면 발음이 크-게 중요한 것은 아니라고 생각합니다.
결론적으",15
27:29,https://www.youtube.com/watch?v=sf_IJf24Hiw,sf_IJf24Hiw,링글 vs 캠블리,Ringle,sns,YouTube,2026-01-18 10:21:04,용감히 잘 했어요! | 加油 | ㅋㅋㅋㅋㅋㅋㅋㅋㅋㅋ 저 쑥쓰러움의 끈 만지기 ㅋㅋㅋㅋ 넘 귀여워욤!! 응원합네닷 화이또 | 튜텨분성함이 어케되실까용^^ | 대단ㅠㅠㅠ 이것저것 도전하는 거 정말 멋있따!! | 너무 재밌게 잘 봤어요 들다님 | ㅋㅋㅋㅋㅋㅋㅋㅋㅋㅋㅋㅋㅋㅋㅋㅋㅋㅋ그래서 굿데이는 러시아어로 뭔가요,7
05:48,https://www.youtube.com/watch?v=LptRGfey4sQ,LptRGfey4sQ,링글 vs 캠블리,Ringle,sns,YouTube,2026-01-18 10:21:04,"even though vs. even if (사실/가정)
even though 는 익숙했는데 even if가 항상 익혀지지가 않았는데 단번에 정리해 주셔서 너무 명확해졌습니다.  영상 감사합니다!^^ | 감사합니다~ | 룩샘이모티콘이 넘 재미있어요 하하 (마지막 멘트에서 노래에 맞춰 춤추고 있네요  ㅋㅋ) | 대충 해석할 수 있었는데 스피킹에서 활용한적이 별로 없었던 것 같아요. 아마도 even though 뒤에 현실을 넣고, 그 뒤 문장에 이런말을 해야지' 라는게 빨리 안되서 인 것 같습니다. ㅎㅎ even though 는 현실이고, even if 는 가정이다 라는 것을 알게되니 더 잘 이해하고 활용할 수 있을 것 같습니다. 감사합니다. | 오늘도 짧은 시간에.매우 유용한  것을. 배웠네요. 아내가 옆에 있으면서.음악을 따라하며 재미있다고 하네요^^  이제 더이상 햇갈리지  않을 것아요~ 감사합니다. | Even though I've learned about them, I get confused often. Even if I get confused often, I'll try to use them a lot! | The difference between even if and even though.
BTW is there also a difference between as if and as though? | 죄송합니다만 이 영상의 클립#2에 나오는 영화 제목을 알려 주실 수 있나요?",8
07:49,https://www.youtube.com/watch?v=d-bUJMcUj6I,d-bUJMcUj6I,링글 vs 캠블리,Ringle,sns,YouTube,2026-01-18 10:21:04,"[제목] 3개월 만에 영어 말문을 트게 해준 캠블리! 전화영어 비교 및 소개
[채널] Illuminate - young",0
04:40,https://www.youtube.com/watch?v=M8SNVXCS-II,M8SNVXCS-II,링글 vs 캠블리,Ringle,sns,YouTube,2026-01-18 10:21:04,"아 진짜 눈 굴리고 저랑 똑같아욬ㅋㅋㅋㅋㅋㅋㅋㅋㅋㅋㅋㅋㅋㅋㅋㅋㅋ선생님 지루해하시는 거 같고...ㅋㅋㅋㅋㅋㅋㅋㅋㅋㅋㅋㅋㅋㅋ | 웃음으로 때우는 거 저거 너무 공감가네옄ㅋㅋ | 아 개웃겨 진짜 나랑 개똑같넼ㅋㅋㅋㅋㅋㅋㅋㅋ | 왜 나를 보는 것 같지.. | 크으... 앞으로 저에게 펼쳐질 상황이네요.. 실제 수업 중이신 영상이라 간접체험으로 참고가 많이 됐습니다 감사합니다 | ㅋ ㅋ ㅋ 화이팅!!!!!!!! | 나랑 똑 같네
문자 만들어야함~~
나두 머리속으로 생각하느라 눈만 먼저 굴리는데 ㅋㅋ | 진짜 딱 나네! | 맨날 말하는거 똑같고 아는거에서 말하는거고 공부 따로 해야함 ㅋㅋ 미국애들이랑 이야기하면 말안통함 아니 안들림 저기 튜터들 진짜 천천히 꼭옥씹어서 이야기 해주는거임 ㅋㅋ | 동기부여많이되네요 감사합니당!! | 저는 더 할 듯 해요 왕초보라서요 | 맞아요. 캠블리 주 2회 30분씩 거의 1년이 되어 가는데
전화영어만으로 드라마틱한 효과를 얻을 수는 없어요.
드라마틱한 효과는 없지만, 
제가 1년하면서 느낀 점은 
1. 일단 초반 한 달이 지나고 나면 그 후로는 말하는데 있어서 긴장감을 많이 떨칠 수 있고
2. 동기부여가 되요. 더 열심히해야겠다... 아직 갈 길이 멀구나....하며 자극제가 되요.

캠블리는 살짝 거들뿐...
그 때 잘하기 위해서 엄청 부수적인 노력이 필요한 것 같아요 ^^
영상 공감이 되서 댓글 남겨봅니다 | 지금쯤 어떻게 되셨을지 궁금합니다. 시작이 저랑 너무 비슷해서요.ㅎㅎㅎㅎ | 많이 늘은게 보이네용ㅋㅋ 나도 화상영어를 해볼까........ | 저도 화상영어 스카이프로 5개월 정도 했는데요. 맞아요, 드라마틱한 변화는 없어요. 하지만, 영어로 말하는데 공포나 두려움이 있으면 확실히 도움이 되는거 같아요. 
요즘은 너무 문법 브레이커로 말해서, 따로 작문 공부도 시작했습니다..! 아무래도 말할 기회가 생기니 돈만 있으면 해도 좋을텐데요..ㅠ",15
04:30,https://www.youtube.com/watch?v=g8jNw8-CT0U,g8jNw8-CT0U,링글 vs 캠블리,Ringle,sns,YouTube,2026-01-18 10:21:04,"4:00 ㅋㅋㅋㅋㅋ 영어로 말하다가 ""그러니까"" 라고 말하시는거 제 모습같아요 ㅋㅋㅋ 응원합니다 | 아니 일년전에 초보였을텐데 환경오염에 대한 나의 생각 이런걸 물어보나요..? 넘 어려운데.. | 목운동ㅋㅋㅋㅋㅋ아웃곀ㅋㅋㅋㅋㅋ자막이너무웃곀ㅋㅋㅋ | 진짜 많이 느셨다 ㅋㅋ 가격이 장난아닐텐데
저도 해외취업 준비중인 개발자입니다!
국내에만 있으니 영어를 다 까먹어서... 화상영어 한번 찾아봐야겠네요 | ㅋㅋㅋㅋㅋ어쩜 나랑 똑같죠ㅎㅎ 1년전 실력이 저와 매우 비슷했네요! 전 캠블리말고 지금 언어교환101 이용중인데 무튼 가장 중요한건 외국인들이랑 시간 날때마다 소통하는거 같아요! | 와... 한국어 진짜 잘 하시네요 ㅋㅋㅋㅋ | 정말 많이 느셨네요. 저는 캠블리말고 언어교환101 여기서 원어민 1:1 수업듣고 있는데 확실히 영어로 대화해보는게 중요하다고 다시 한번 느끼네요! 같이 화이팅해봐용 | 너무 멋져요..!!! 저도 해보려고 하는데//
혹시 처음 하셨을 때 어떤 커리큘럼으로 하셨는지 알 수 있을까요? | 정말 열심히 하셨네요 ! 응원합니다 | 썸네일 넘 예뻐요 | 4:00 아 그니까ㅋㅋㅋㅋ 혹시 이거 켐블리 뒷광고인가요...? | 진짜 많이 느셨네요! | 잘 보고 있습니다. 매력적이시네요 | 와 저도 30대에 해외에서 it취업 준비 중인데 영상 보니까 넘 공감되는게 많네요 초반에 영어하시는 모습이 완전 지금 제가 네덜란드어 하는 모습이네요..ㅜㅜㅋㅋ 게다가 영어라고 제대로 하는거도 아니어서 저도 캠블리 해봐야겠어요^^ 
전 이제 막 JS배우기 시작해서 어디 이력서 넣을 수준도 못되는데 취직도 하셨다니 넘 부러워요~ 꾸준히 공부하시는 모습에 좋은 자극받고 갑니다 :) 
그리고 혹시 이미 아실지도 모르겠지만 영어 채널 구슬쌤(비지니스영어), 갓주아tv(쉐도잉,억양,발음) 추천드려요^^! | 아 왜 이제 본거야 개웃겨 목운동 뭔데ㅋㅋㅋㅋㅋ 튜터님 입장으로 보니까 '이 사람? 뭐지?' 이생각 밖에 안들어ㅋㅋㅋㅋㅋ 

유튜브로 영어 공부 하셨다고 했는데 무슨 유튜브 영상을 보셨나요?? 알려주세용",15
01:42:28,https://www.youtube.com/watch?v=NDawurCCTp4,NDawurCCTp4,링글 vs 캠블리,Ringle,sns,YouTube,2026-01-18 10:21:04,"[제목] VB - Lincoln Land vs Spoon River
[채널] LLCC Athletics",0
02:01:06,https://www.youtube.com/watch?v=sam04iH0WlE,sam04iH0WlE,링글 vs 캠블리,Ringle,sns,YouTube,2026-01-18 10:21:04,"[제목] VB - Lincoln Land vs Glen Oaks
[채널] LLCC Athletics",0
00:18,https://www.youtube.com/watch?v=uSnhCCCXib4,uSnhCCCXib4,링글 vs 캠블리,Ringle,sns,YouTube,2026-01-18 10:21:04,,0
02:56,https://www.youtube.com/watch?v=eZ2nhysUFng,eZ2nhysUFng,링글 수업,Ringle,sns,YouTube,2026-01-18 10:21:04,"[제목] 링글 수업에 난입한 7살 지농이
[채널] 고랑이네 in Canada",0
01:43,https://www.youtube.com/watch?v=ow_6V3aHcnw,ow_6V3aHcnw,링글 수업,Ringle,sns,YouTube,2026-01-18 10:21:04,,0
02:18,https://www.youtube.com/watch?v=sX0ZyN7-ZiY,sX0ZyN7-ZiY,링글 수업,Ringle,sns,YouTube,2026-01-18 10:21:04,ㅋㅋㅋㅋㅋㅋㅋㅋㅋㅋㅋㅋ | ㅋㅋㅋㅋㅋㅋㅋㅋㅋㅋㅋㅋㅋㅋㅋㅋ | 조오오오오오오오오온웃 인생을 비빌 수 없어서 비빔밥을 비빈대 미쳐 | 개웃겨,4
42:36,https://www.youtube.com/watch?v=gN43rien5mU,gN43rien5mU,링글 수업,Ringle,sns,YouTube,2026-01-18 10:21:04,"[제목] 2021년 8월 4일 고2 동대전 수업1
[채널] 잉글락",0
주요장면 4개01:08,https://www.youtube.com/watch?v=WwVzsh1Gnac,WwVzsh1Gnac,링글 수업,Ringle,sns,YouTube,2026-01-18 10:21:04,"[제목] How to use Ringle : 수업하기
[채널] 링글 1:1 화상영어",0
04:04,https://www.youtube.com/watch?v=jRfYzsgxuf4,jRfYzsgxuf4,링글 수업,Ringle,sns,YouTube,2026-01-18 10:21:04,바빠서 이제 봐써요.. 투턱이 호ㅏ이팅... | 져겨!! 악마의 편집 반스푼정도 들어간것 같은데여!!! :( | 세린이 잘 보고 갑니다^^ | 호캉스도 다니시구...^^ | 1:00 미국춤 도랐ㅋㅋㅋㅋㅋㅋㅋㅋㅋㅋㅋㅋㅋㅋㅋㅋㅋㅋㅋㅋㅋㅋㅋㅋㅋㅋㅋ ㅋㅋㅋㅋ | 링글 주제가 해외지사 면접같엌ㅋㅋㅋㅋㅋ | 1:00 미국춤 눈뽕 고소 되나요?,7
05:11,https://www.youtube.com/watch?v=4Gnm9NKHHaU,4Gnm9NKHHaU,링글 리뷰,Ringle,sns,YouTube,2026-01-18 10:21:04,,0
28:56,https://www.youtube.com/watch?v=DTMoUtl6Yoc,DTMoUtl6Yoc,링글 리뷰,Ringle,sns,YouTube,2026-01-18 10:21:04,공부 자극받고 갑니다 | 여기가 페이지의 먹로그인가요..?,2
쿵푸 팬더(2008년) 명장면 Kung Fu Panda악당영어YouTube,https://www.youtube.com/watch?v=iSw2eH0X5Io,iSw2eH0X5Io,링글 리뷰,Ringle,sns,YouTube,2026-01-18 10:21:04,"안녕하세요
악당영어 에이미입니다

2024년이 밝았습니다
모두 새해 복 많이 받으시고
올해는 더욱 건강하시고
행복한 일들 꼭 가득하시기를

오늘은 푸바오 이전에 가장 유명했던(?) 
1세대 판다 아이돌 “포”가 나오는
쿵푸 팬더(2008년)의 영상을 가지고 왔답니다!

주인공 판다 곰 “포”는 잭 블랙 배우의
목소리로도 유명하죠!
(그 외 안젤리나 졸리, 더스틴 호프만 등
유명한 배우들이 열연해주었습니다)

비록 판다로 태어난 무거운(?) 포이지만,
무술에 타고난 재능이 있다는 걸 알게 되면서 
세상의 평화를 지켜주는 포의 무술 성장내용이
아주 유쾌하고 재밌는 영화랍니다

즐거운 감상 시간이 되시기를 바래요

새해에도 열심히 운동하고 
맛난 음식 많이많이 먹어용

의역 및 오역, 오타 등에서 불편한 점이 
계신다면 미리 사과의 말씀 드립니다

좋아요와 구독은 영상제작에 있어서
아주 큰 힘이 된답니다!!

오늘도 감사합니다 | 아나 영어듣기 연습하려고 왔는데 영상들 재밌거나 노래 좋아서 자꾸 보게되네 | 유 알 프리 투 이트!!",3
완벽한 그녀에게 딱 한가지 없는 것(2004년) 명장면 13 Going On 30악당영어YouTube,https://www.youtube.com/watch?v=VneORQ0LCXw,VneORQ0LCXw,링글 리뷰,Ringle,sns,YouTube,2026-01-18 10:21:04,"안녕하세요
악당영어 에이미입니다

오늘의 영상은
“완벽한 그녀에게 딱 한가지 없는 것”
(원제 “13 Going On 30” 2004년 작)입니다

간단한 줄거리는,

13살의 제나는 또래 인싸 친구들에게
무시 아닌 무시를 당하는 소녀이기에
어서 빨리 멋진 30살이 되어서
멋지고 잘나가는 삶을 살고 싶어 합니다

제나는 자기 생일파티에서조차 
자기를 따돌리는 듯한 서러움을 겪게 되자
제나는 진심으로 소원을 빌게 되는데요!
바로 ‘빨리 어른이 되고 싶다’ 였어요

다음날 정말 눈을 떠보니
쭉빵 몸매에, 호화로운 아파트에
잘나가는 패션 에디터로 자라있는
30살의 제나(제니퍼 가너)가 되어있었답니다

미래의 30살 제나는 사실 썩 착한 어른으로
자랐던 건 아니었던 모양 이였어요!

하지만 13살의 제나의 영혼이 들어감에 따라
30살의 제나로써 살아가게 되는 
13살인 본인에게도 무엇이 가장 중요한지 알게 되는
풋풋한 로맨스 영화 입니다!!

오늘 영상에서 나온 소녀와도 찐친모드로
금세 친해지게 된답니다 ㅎㅎ
(미래의 진짜 30살의 제나와는 달리 13살의 
영혼을 가진 제나는 누구보다 친구를 원한답니다)

즐거운 감상 시간이 되시기를

의역 및 오역, 오타 등에서 
불편한 점이 계신다면 정중히
사과의 말씀 드리겠습니다

좋아요와 구독은 영상제작에 있어서
큰 힘이 된답니다

오늘도 행복한 하루 되세요
감사드립니다 | 기싸움보다는 화해 장면 같네요 ㅎㅎ",2
러브 액츄얼리(2003년) 명장면 Love Actually악당영어YouTube,https://www.youtube.com/watch?v=-dSgR4Fyc88,-dSgR4Fyc88,링글 리뷰,Ringle,sns,YouTube,2026-01-18 10:21:04,"안녕하세요
악당영어 에이미 입니다 

오늘은 미리 크리스마스 인사를 드리고 싶은 맘으로
“러브액츄얼리(2003년)” 영상을 준비해보았어요!

이 영화는 옴니버스 식으로 여러 커플들에 대한
사랑이야기가 주된 스토리 인데요!

겨울이 되면 꼭 찾아보고 싶게 만드는
로맨틱 코미디 영화 입니다 :)

그 중 오늘의 장면 내용은 드럼을 치고 있는
샘(토마스 생스터)은 노래를 부르고 있는 소녀를
짝사랑하고 있어요!

근데 그 소녀가 노래 가사말 중에 ”당신뿐“이라는 가사를
자기에게만 한 줄 알고 첨에는 좋아했다가
관중들 모두에게 하나씩 화살을 쏘니깐
심술이 나서 드럼을 세게 치는 장면인데요 ㅋㅋ

미리 크리스마스 인사 겸 캐롤도 덩달아서
여러분들과 같이 듣고 싶은 맘으로 만들어보았어요!

다양한 사람들이 나와서 재밌게 얽히고 설키는
크리스마스와 관련된 에피소드들이 많답니다!

크리스마스 분위기를 느끼고 싶다면
”러브 액츄얼리“ 강추 드려요!
(혹시라도 못 보신 분들께요)

더 좋은 영상에 임하도록 노력하겠습니다
오역 및 의역 등에서 불편하신 점이 계신다면
미리 사과의 말씀 드립니다 

좋아요, 구독은 영상 제작에 있어서
아주 큰 힘이  됩니당 

여러분!
메리 크리스마스 되세요 

감사합니다

insta @ villain_english
네이버 @ 악당영어
유튜브 @ 악당영어 | Melliflous song~ | 절친의 와이프에게
스케치북 프로포즈함서 껄뜩거린거고, 그걸 받은 절친의 와이프 냔은 키스로 보답하는 막장 영화임ㅎㅎ
사랑과 전쟁 보믄서는 욕하지만
꼭 드라마나 영화속 여주의 이루어지면 안되는 사랑은 로멘틱하게 보드라ㅋㅋ",3
01:24,https://www.youtube.com/watch?v=EH8FodLSvjY,EH8FodLSvjY,링글 리뷰,Ringle,sns,YouTube,2026-01-18 10:21:04,"[제목] [1:1 화상영어 링글 리뷰] 뭐야 내영어 돌려줘요... 영어 잃어버린 사람의 영어찾기 : 링글을 써봤다#링글 #ringle #영어공부 #화상영어 #링글후기
[채널] **",0
01:17,https://www.youtube.com/watch?v=7A-YF8pqAbE,7A-YF8pqAbE,링글 리뷰,Ringle,sns,YouTube,2026-01-18 10:21:04,"이 포스팅은 쿠팡 파트너스 활동의 일환으로, 이에 따른 일정액의 수수료를 제공받습니다.


5위 - 데상트 남성 스포츠 파일 라인 중목양말 4P_WH, 4족세트_WH, FREE
가격 : 17,000원
할인제품 : 


4위 - 준타스 메쉬 업 하프 삭스, 1개
가격 : 6,700원
할인제품 : 


3위 - 몬풋 링글 크루 스포츠 양말 4켤레 세트, 레인보우
가격 : 8,720원
할인제품 : 


2위 - 펠레트리코 올스포츠 컴프레션 삭스, 블랙, 1개
가격 : 13,500원
할인제품 : 


1위 - [다이나핏 공식] 공용 베이직 심볼 암밴드 YUA23Z08Z1, L, Black, 1개
가격 : 11,600원
할인제품 :",1
01:29,https://www.youtube.com/watch?v=zSXba7U55-o,zSXba7U55-o,링글 리뷰,Ringle,sns,YouTube,2026-01-18 10:21:04,"[제목] 득템! 비욘드 핸드크림+양말+젤브러쉬+기저귀케익+수면안대 언박싱리뷰
[채널] 할인정보통",0
01:27,https://www.youtube.com/watch?v=CTDKfKdn3CE,CTDKfKdn3CE,링글 리뷰,Ringle,sns,YouTube,2026-01-18 10:21:04,"이 포스팅은 쿠팡파트너스 활동의 일환으로, 이에 따른 일정액의 수수료를 제공받습니다.
구매하시는 가격은 동일합니다.

↓↓ 할인상품 리뷰확인 ↓↓

가장 인기 있는 제품들을 한눈에 확인하실 수 있습니다. 여러 상품을 비교해 보고, 원하는 것을 쉽게 찾아보세요!


5위 - 전동휠 호버보드 나인봇 블루투스 호버트랙스 신형, 22 기본 화이트, 1개
가격 : 79,810원
할인제품 : 


4위 - 모비가든 문체어 캠핑의자 더블, 샌드, 1개
가격 : 52,900원
할인제품 : 


3위 - 토트넘홋스퍼 링글 네이밍 크루 삭스 no7, 화이트, 4개
가격 : 13,810원
할인제품 : 


2위 - [아쿠아슈즈] 아기 유아 아쿠아슈즈 계곡 바닷가 물놀이 용품
가격 : 14,800원
할인제품 : 


1위 - 시그니처베이지 로드 자전거 일체형 핸들바 전용 가민 고프로 멀티 스템 마운트 YPZ356, 1개
가격 : 18,900원
할인제품 : 



구독과 좋아요는 영상 제작에 큰힘이 됩니다.
비교하고 선택하는 시간을 절약하세요! 여기에서 바로 최고의 선택을 하실 수 있습니다.",1
17:29,https://www.youtube.com/watch?v=kbm3_WIEiAg,kbm3_WIEiAg,링글 리뷰,Ringle,sns,YouTube,2026-01-18 10:21:04,"오늘도 좋은 영상완전 감사합니다~ 저도 영어공부 열심히 하면서 여행여기저기 다녀야겠다는 생각을 했는데 많은 도움 감사합니다️️ 다른분들께도 도움주시고 대단하십니다️️ | 행복한 하루되세용 | 동기부여되는 좋은영상 감사합니당 저도 담다님 따라 영어회화 배워보고 싶어졌어용 ㅎㅎ 그리고 영상에서 입으셨던 베이지색 니트 상의 너무 예뻐요 착용정보도 궁금해서 댓글로 여쭤봅니당 | 멋있어요 ㅠ | 와..간호조무사
실습 첫날인데
죽을것같은데 간호사님 존경스럽습니다 | 하영님!! 하영님 대학생때부터 보던 구독자인데 저두 신규간호사가 되었어요 ... 저번 영상에서 바크 간호화 구매한 걸로 봤는데 편하신지 궁금해요!! 저도 구매할까 싶어서요 ... ! 널핏이랑 비교해서 어떤지 궁금해요!! | 한림대 간호학과 다니고 있습니다!!
공부 좀 하라고 한 마디 해주세여ㅠㅠㅠ | 에스라운지가서 하지! 거기는 밝은딩 | 오 혹시 레벨 몇으로 보통 수강하세요?!",9
06:54,https://www.youtube.com/watch?v=PgI5qMM9uCI,PgI5qMM9uCI,링글 리뷰,Ringle,sns,YouTube,2026-01-18 10:21:04,"Timestamps: 

00:00 감사 인사 
00:15 '국내파 하버드 대학원생의 영어공부법' 후속 영상 예고 (이번 영상, 시험 영어 영상)
 링글 Ringle (1:1 화상 영어) 
 볼드 보이스 Bold Voice (AI 기반 발음 교정)
 그래멀리 Grammarly (영어 글쓰기 자동 교정)
 AI로 영어 검수할 때 유의할 점 
 듀오링고 Duolingo 
 듀오링고 해보기 
 듀오링고 영어, 불어 후기, 장단점 요약 
 뭐든 하세요!

각 앱 소개 마지막 부분에 장단점을 요약한 박스를 넣어놨습니다. | So helpful !! | 마니마니  올려주세요,  전번영상  독기  승부욕  맘에  닿앗어요  ㅋㅋ,  일본  톱  약학  대학원 필업,  다른 나라  톱클라스  학생들 의  경험담  궁금하고  재미있게  봣어요.  현재 는 영어 공부 가  필요해서  여기로  오게 됏어요,   마니  참고됩니다 | 멋있엉 ︎ | 와..7일트라이얼하고 1년치 자동결제미환불은 사기아닌가.....저기업첸글러먹었네..... | 저도 링글에 딱 비슷한 경험을 했어요 ㅜㅠ 평소에 원어민과 대화하는 경험을 쌓기엔 넘 비싸고 해비하더라구요..
혹시 링글처럼 목적성있을 때 말고 평소에 원어민과 대화하는 회화 서비스는 따로 사용 해보신적 없을까요..! ?",6
01:50,https://www.youtube.com/watch?v=UwLXounyRUQ,UwLXounyRUQ,링글 리뷰,Ringle,sns,YouTube,2026-01-18 10:21:04,웃기겠네여 ㄷㄷㄷ | 흠.....  그래도 뭐...  정상적인듯한?,2
01:23,https://www.youtube.com/watch?v=VuXgEx4xyGc,VuXgEx4xyGc,링글 리뷰,Ringle,sns,YouTube,2026-01-18 10:21:04,"이 포스팅은 쿠팡파트너스 활동의 일환으로, 이에 따른 일정액의 수수료를 제공받습니다.

☞ 구매링크 안내 ☜

언제나 구매전에는 많은 고민을 하지만 그 고민이 무색할 정도로 만족스러우실겁니다.  믿고 구매하세요. 


5위 - 맥스모어 버뮤다 원턱 와이드 트레이닝 스웨트 하프 팬츠 남여공용 빅사이즈
가격 : 24,800원
할인제품 : 


4위 - 더맨쉽 베이직 링클프리 스판 블레이져 캐주얼 자켓 SBTJK12003
가격 : 43,900원
할인제품 : 


3위 - 베이스알파에센셜 아동용 캐주얼 링글 양말 5종 세트 (2 type)
가격 : 6,630원
할인제품 : 


2위 - 리펙트 남자 머슬핏 반팔 니트 카라 티셔츠
가격 : 23,800원
할인제품 : 


1위 - 에르모소 1+1 여성 슬림핏 무지 반팔 티셔츠 반팔티 여자 여름 기본 티셔츠 H-C026
가격 : 17,800원
할인제품 : 



구독과 좋아요 부탁드려요. 
항상 여러분의 쇼핑에 도움이 되는 알뜰여우가 되겠습니다. 

       #",1
08:24,https://www.youtube.com/watch?v=0yL8lFdHenc,0yL8lFdHenc,링글 리뷰,Ringle,sns,YouTube,2026-01-18 10:21:04,"[제목] [K-BIZ] ‘Ringle English Education Service’, providing a one-on-one online English tutoring service
[채널] Arirang TV",0
19:19,https://www.youtube.com/watch?v=-wu2-E1iMww,-wu2-E1iMww,링글 리뷰,Ringle,sns,YouTube,2026-01-18 10:21:04,"안녕하세요 지현입니다! 다들 잘 지내셨나요?! 4일 간의 일상을 가득 담은 브이로그를 준비해봤습니다 

특히 이번 영상에서는 전화영어 레벨테스트가 주를 이루는데요, 심심하던 차,,, 인스타그램에 가득한 전화 영어 무료체험 광고가 궁금해서 직접 한번 도전해봤습니다!

민병철유폰, 링글, 파고다토쿨, 스피쿠스 총 4가지의 전화 영어 회사에서 테스트를 받았구요! 아주 재밌는 경험이었습니다

그럼 오늘도 영상 시청해주셔서 감사합니다, 좋아요와 구독은 제 채널 성장에 큰 힘이 되니 한번씩만 눌러주시면 감사하겠습니다! 그럼 다음 영상에서 만나요 See ya!

인스타그램 : @j99.1hy | 캐나다 7년차 직장인도 님채널 보게 되네요. 항상 응원합니다. | 영어 스터디도 꾸준히 하시고 또 아이들 영어 교사일까지 하시는 일상 .. 너무 대단하셔요!! 항상 응원하고 동기부여 받고 가욥!! | 와.. 영어 진짜 유창하게 잘하세요 ㅠㅠ 스피쿠스 쓰다가 이제 다른 걸로 갈아타고 싶어서 알아보는 중인데 좋은 곳이 많네용  스피쿠스도 튜터마다 다른 것 같아요! 제가 테스트했을 때는 문법, 어휘 등등 파트별로 나눠서 엄청 자세히 피드백해주셨거든요 어떤식으로 공부하면 좋을지도 알려주셨는데 저분에 되게 간결하게 해주셨네용 ㅋㅋㅋㅋㅋ ㅠ 아무튼 정말 감탄하면서 봤어요.. 저는 종일 어.. 음... 하하만 했던 것 같은데 | 열심히 사시고 선한 영향력 전하시는 지현님 멋있어요ㅠㅠ | 언니 이미 충분히 너무너무 영어 잘하시는거같은데!!! 계속계속 공부하시는 모습이 진짜 대단하세요!!!  저는 토익공부한다고 단어외우고 문법 공부하다가 시험 한번 보고 '공부'에 지쳐서 나름의 방식으로 회화공부 하고있는데 얼른 언니만큼 되고싶어요!!  진짜진짜 멋져요 언니 | 영어 엄청 잘 하시네요^^ | 귀여운 루비 ㅠㅠㅜ | 아닠ㅋㅋ 지햔님 레벨테스트의 나날을 보내고 계셨네요ㅋㅋㅋ아 저거 혹시 배떡!!!!!!?(럽야루비) | 안녕하세요 혹시 화상으로 진행되는거맞나요? 강사님 얼굴도 나오는지요~? | 여전히 영어를 너무 잘 하시는 지현님,, 존경합니다 저도 열심히 해야 한다고 노력하는데 잘 안되네요 ㅠㅠ 단어를 잘 외울수있는 지현님의 방법이 있을까용?!! | 안녕하세요 지현님! 댓글은 처음 남기는 것 같은데, 교환학생 준비영상부터 열심히 봤던 구독자 1인입니당..!ㅎㅎ자란다 어플관련해서 궁금한게 있는데용, 제가 어플을 깔아보니까 거의 다 수업이 정기수업이더라구요?!지현님은 그러면 자란다 수업을 가시는 요일을 매달 정하셔서 수업을 하신건가용?! 저의 경우에는 항상 일정이 불확실해서 정기수업이 어려울 것 같은데, 지현님은 어떻게 하셨는지 궁금해요! 그리고 제가 영어실력이 네이티브 급은 아닌데 지현님은 영어 수업을 어떤 식으로 하셨는도 알려주시면 감사하겠습니당 오늘 하루도 행복한 하루가 되셨으면 좋겠네요!! | 혹시 영어 스터디는 회화 스터디인가요??ㅠ 저도 하고싶어요ㅠ",13
00:44,https://www.youtube.com/watch?v=QcS-bXL_nVw,QcS-bXL_nVw,링글 리뷰,Ringle,sns,YouTube,2026-01-18 10:21:04,,0
06:28,https://www.youtube.com/watch?v=WLgi57ZyouM,WLgi57ZyouM,링글 리뷰,Ringle,sns,YouTube,2026-01-18 10:21:04,"댓글에 여러분의 2023년 목표를 적어주시고 다른 사람의 목표도 살펴보면서 서로서로 동기부여 해봅시다아 —̳͟͞͞ᩚ

일단 제 2023년 목표는
1. 회사에서 새로 시작한 업무 잘 해내서 새로운 성과로 만들어보기
2. 유튜브에 꾸준한 콘텐츠 업로드하고 새로운 편집이나 디자인도 시도해보기
3. 주3회 꾸준하게 다치지 않고 운동하기 (헬스, 풋살)
4. 영어 회화 고급 수준으로 꾸준히 공부하기 & 러시아어 초급 조금씩 공부하기!

━━━━━━━━━━━━━
유네린 장학금 지원 방법
 
1. 코드 적용하기
 - 방법1: 아래 링크에서 코드 적용
  

 - 방법2: 캠블리 어플에서 프로필 추천코드 입력
   코드 “nerin2022” 입력

2. 유네린 채널 영상 댓글에 [2023년 목표/이유/캠블리ID]를 공유해주세요!
 - 코드 적용&댓글을 모두 수행해야 지원 성공!

 

추가로, 코드 적용 시 [캠블리 무료 체험 30분 + 1개월 플랜(only) 50% 할인]도 자동으로 적용됩니다!
*무료 체험 미닛은 캠블리 신규가입자(가입 2주 이내)에 해당, 이전에 체험 혜택을 받지 않으신 분에 한해 적용 가능
*할인 혜택은 프로모션 기간 동안(12/20 ~ 12/27)만 가능
━━━━━━━━━━━━━ | 2023년 목표: “나는 유학을 가지않아서 영어실력이 늘 수가 없어”라는 알을 깨고 나오기.

이유: 28년 동안 한국에서 살면서 영어를 좋아했고, 팝송과 미드를 사랑했지만 정작 영어 잘하는 사람을 봤을 때는 “저 사람은 당연히 잘하지, 유학 갔다 왔으니까!” 하며 제 스스로 나의 역량을 키울 수 있는 기회들을 버려왔더라구요. 올해 초 좋은 기회로 제 막연한 꿈이었던 국제기구에서 파견근무를 시작하게 되었지만, 정말 큰 언어장벽을 마주쳤고 아직도 현재진행형입니다..! 지금의 노력의 정도보다 더 많은 노력이 필요할 것 같아요. 한국인도 한국에서 영어를 잘할 수 있다는 것을 저를 통해서 증명할 수 있는 기회를 얻고 싶어요. 그리고 남들뿐만 아니라 제 스스로에게도 자랑스러운 제가 되고 싶습니다! 더 이상 핑계대지 않고, 영어와 한판 제대로 붙어보겠습니다!

ID: 63a325f734428f4db1338c68 | 저의2023년도 목표는
1. 이번에 다녀온 어학연수로 기른 영어실력을 더 향상시키고 싶어요
이젠 어학연수가 아닌 유학으로 오랜기간동안 해외에 정착해서 대학생 신분으로 더 많은 걸 배워보고 싶더라구요 

2. 건강한 몸을 되찾고싶어요
한창 운동에 재미를 느꼈을때 건강한 음식도 많이 먹고 운동도 많이해서 몸 자체가 가볍게 느껴지고 피로감을 덜 느꼈던 것 같은데 요즘은 너무 힘들더라구요,,,그래서 다시한번 건강한 삶 살기 프로젝트를 진행해보고싶어요 

3. 옷쇼핑을 줄여보고 싶어요
20대인 제가 가장 지키기 힘든 목표일지도 모르겠어요  늘 항상 그만사야지 사야지 하는 생각만 있지 정신차리고보면 한가득 쇼핑을 한답니다,,, 그래서 이번엔 꼭 줄이고 싶어요

이번한해엔 저에게 있어 되게 다사다난한 일들이 많았어요! 친구들과 처음으로 비행기타고 여행도 가보고 어학연수도 다녀본 뜻 깊은 해였던 거 같아요 해외에서 지내면서 저는 아 난 내가 한국에 있는 것보다 해외에서 지내는 걸 너무 행복해 한다는 걸 점점 시간이 지나면 지날수록 더 잘느끼고 있는 거 같아요 ㅎㅎ 그래서 언니가 준 좋은 기회로 꾸준히 영어를 놓지않고 열심히 공부할려구요 ! 제가 꼭 내년엔 유학에 합격해서 너무 고맙다고 말할 수 있으면 좋겠어요 늘 영상 잘 보고 있고 결혼 축하해요 언니 내년에도 저에게 동기부여를 많이많이 줬으면 좋겠어요 한 해동안 고마웠어요 언니 내년에도 잘 부탁해요🫶

아이디 : 63aa94487c591b30a26ac865 입니다 ! | 2023 목표

1. 2/4분기 전까지 컴퓨터그래픽운용기능사 자격증, 웹디자인기능사 자격증 따기
2. 더 좋은 조건의 회사로 이직하기
3. 성경 구약 읽기, 흐름꿰기
4. 운동 습관들이기, 자기관리 능력 up!
5. 교정하기
6. 장거리 연애를 하게 되는데 장거리연애 꿀팁 익혀서 달인되기!
7. 외국인 친구와 영어 프리토",14
09:52,https://www.youtube.com/watch?v=OS3xESeGEpA,OS3xESeGEpA,링글 리뷰,Ringle,sns,YouTube,2026-01-18 10:21:04,"조금 늦게왔네요 좋아요 24 지나고보니 힘들었어도 이순간이 참 행복했었던 시간이라 느껴요. 진짜 하루가 다르게 쑥쑥 클때네요 홧팅입니다 | 세진씨는 늘 귀엽네요.   바운서와 모빌로 30분이나 즐겨준다니 정말 효자네요
신생아 육아에 영상 편집에 링글로 영어공부까지 수퍼우먼이시네요.
9:25 숨 참아가며 긴장하며 봤는데...ㅎㅎㅎㅎ | 20여년전 아이에게 읽어주던 그림책을 다시보다니... 무척 반가웠어요.
예전의 육아(남편이 바빠서 독박육아였어요)하던 기억이 자동 소환되네요. 흔히 하는 말이지만 지금이 가장 행복한 시절이니 걱정은 접어두고 즐기세요^^ | 미국에서 아이를 키운다는건 많은 어려움도 있고 문화적차이도 있지만 엄마의 노력으로 이겨나갈거에요
미쥬언니님 세진이도 화이팅입니다 | 매일 같은시간쯤에 한시간씩 울던아기 배앓이가 있었더라구요. 백일지나면 좀 사그러진답니다......힘내세요 | 와~
세진이닷!!!
더 멋져진 세진일보니 엄마아빠의 노고가 보여네요.
순딩이 세진이가 영문모르게 울땐 등을 세워 토닥토닥 트름시켜주듯 해줘봐 보세요.
보통 아기들이 울땐 가스가차서 속이 더부룩할경우가 많아요.
그렇진 않을경운 성장통으로 그런경우도 있으니 그럴땐 당황하지말고 다정하게 자세를 바꿔 안아주고 말걸어주세요.
우리 세진이가 어디가 불편할까요? 정도요. 
세진엄마 아빤 잘하고 계실듯요. ㅎㅎ 
등센서문제는 침대에 내려놓을땐 최대한 조심스럽게 천천히하면 좋아요. 아기입장에선 롤러코스트타는 기분과 같대요.
그런데도 울땐 잠시 토닫토닥하면서 입으로 쉬~(물소리내기) 하거나 가슴에 엄마손을 올려놓고 잠들때까지 쉬소리내주며 얼굴이나 귀, 다리등을 쓰담쓰담해주세요. 옆에 엄마 있다 느낄수 있으면 도움이 될거예요.
심심해할땐 거울보고 놀기도 아기들이 많이 좋아한답니다.

세진이도 엄마 아빠도 화이팅요~
다음편도 기대할게요.^^ | 육아하시면서 자기계발까지 열심히 하시는 모습이 멋져요~ 세진씨 ’오‘ 표정이 너무 귀엽네요ㅎㅎㅎ | 알고리즘에 떠서 우연히 보게 되었는데, 예전에 영어 공부하던 때가 생각이 나면서 다시 영어 공부 하고 싶은 마음이 확 올라왔어요~ 구독 꾹 눌렀어요~ 다음 영상 기대할게요^^ | 미주리 이야기 들려주셔서 감사합니다^^ 조만간 컬럼비아 갈일 있을것 같은데 영상이 많이 도움이 되네요! 응원합니다~!! | 흐앙 울고있지만 그조차 너무 귀엽네요 >_< 영문모르고 울때 아~~~~~~~~~~~~~ 이렇게 소리내보세요 무슨 이유인지 그치더라고요 @_@ 영어 공부 정보 감사해요! ㅜㅜ",10
06:35,https://www.youtube.com/watch?v=vqRiC_mdMOA,vqRiC_mdMOA,링글 리뷰,Ringle,sns,YouTube,2026-01-18 10:21:04,"중국어 1도 알지 못 하는 쩌리에겐 언니는 그저 3개국어 하는 믓찐 언니.. | 못 한다가 중국인 기준이였구나 .. | 미간 찌뿌릴만큼 집중해서 보다가 선생님 프사보자마자 내용을 까먹었어요ㅋ⫬ㅋ⫬ㅋ⫬ㅋ⫬ㅋ⫬ㅋ⫬ㅋ⫬ㅋ⫬ㅋ⫬ㅋ⫬ㅋ⫬ㅋ⫬ㅋ⫬ㅋ⫬ㅋ⫬ㅋ⫬ㅋ⫬ㅋ⫬ㅋ⫬ㅋ⫬ㅋ⫬ㅋ⫬ㅋ⫬ | ??? 중국어를 하나도 몰라서 그런가 완전 잘 하시는거 같아요 ㅠㅠㅠ | 6급 진짜 대단한겁니다.. | 언니 바로 알려준거 따라발음하는거 옳거니 하고 왼전현지인처럼 쏴쏴쏵!! 하는 거 귀엽고 멋져요 어떡해; | 5:38 이부분 완전 공감되서 육성으로 헐..!! 했어욬ㅋㅋ큐ㅠㅠ저 고딩때 취미로 중국어 배우기 시작할 때  영어가 자꾸 나와서ㅠㅠ 민망했는데 작년에 대학교 오고나서 영어는 때려치우고 하고 싶었던 중국어만 주구장창 배우니까 영어로 물어보는데 중국어가 나오더라고요,,, 싸이언스임다 정말,,, | 보는 제가 막 심장떨리는데 제가 아니라는 사실에 안도를 해요 ㅋㅎㅋㅎㅋ | 언니는 진짜 잘한다고 생각하는 기준이 높은 것 같아요.. 자기 생각 적당히 표현할 수 있으면 잘 하는 거 아닌가요ㅠㅠ | 말과 자막이랑 따로놀앜ㅋㅋㅋㅋㅋ 언니 전화할때는 귀엽고 살짝 당차게 말하는데 자막은 말하고 있는말들을 다 극딜하고 있어욬ㅋㅋㅋㅋㅋㅋㅋ | 진짜 너무 멋지다.. 친언니도 아닌데 왜이렇게 자랑스럽죠ㅎㅎㅎㅎㅎㅎㅎ | 이때까지 안 잔 보람이 있다....ㅎㅎㅎㅎㅎㅎㅎ! | 3:20 무한반복 구간,, | 아닠ㅋㅋㅋㅋㅋ마지막에 선생님 프사보고 빵터졌어욬ㅋㅋㅋㅋㅋㅋㅋㅋㅋㅋㅌㅌㅌㅌㅌㅌㅌㅌㅌㅌㅌㅌㅌㅌㅌㅌㅌㅌㅌㅌㅌㅌㅌㅋㅋ 초짜라고 하시지만... 내눈엔 그저 빛.. | 이 언니 진짜 모야... 집에만 있어도 성실하다니..",15
08:31,https://www.youtube.com/watch?v=nCZl-EJfv2s,nCZl-EJfv2s,링글 리뷰,Ringle,sns,YouTube,2026-01-18 10:21:04,"Ahwwwww nice video!  I'm so honoured to be one of your teachers, Mijoo | 미쥬님은 뭘해도 할사람! | 미쥬언니님 정말 대단하시네요. | 한달에 99번을 대단하세요. 영알못인 저에게 희망적인 영상이네요. 미쥬님 노력하시는거 보니까 곧 뭐든지 해내실 분이라는게 느껴지네요 | 한달안에 이렇게 많은 횟수의 수업이 가능하군요! 영어로 꿈도 꾸시고  영어가 좀 더 편해지고 여유로워 졌다니 큰 효과이네요 | 다국적기업에서 일하다 보니 듣기에 어려움이 많아서, 저도 이런 수업 좀 받아볼까 했는데 참여 해 보겠습니다. | 꾸준함이 대단하신거같아요!!
저도 작년에 영어수업 등록해놓고
몇번 안들었는데ㅠㅠ 또 이렇게 올해가 가고 내년의 목표가 되겠죠ㅠㅠ
언니에게 또 한수 배우고 갑니다 | 99번 수업 ㄷㄷㄷ
그런데 단순히 딱딱한 강의가 아니라 tmi까지 섞어서 대화형으로 한다는게 확실히 회화 실력이 느는데에는 매우 큰 도움이 되겠네요. | 영상 잘보고 있습니다.
차분하게 설명해주셔서
영상을 끝까지 보게되네요.
한달에 99회 수업....신기하네요.. | 좋은 경험이셨을 듯 합니다. 저도 출근 전 전화로 영어수업을 받는데 약간씩 스트레스가 쌓이고 쌓여 패턴을 바꾸어야 하나 고민하는 중에 있습니다. 수업이 화상과 얼굴을 보지 않고 하는 전화 수업은 차이가 있는거 같습니다. | 머리 넘 이쁘네요! 역시 한국  저도 미쥬님 영상 보고 무료 테스트 했는데 완전 충격 먹고 더 진행을 못하겠다는요ㅠㅠㅠ 넘 대단하세요! | 와.. 한달동안 99번이 가능한건가요...!?
저도 영어보다는 한국어를 99%이상을 쓰는중이라 가끔 영어가 입에서 턱- 막힐때가 있더라구요..ㅜㅜ
영어가 편해지셨다니! 효과는 대박 만점!?ㅎㅎ | 안녕하세요? 올려주신 영상들 잘 보았고 감사드립니다. 각각 서비스 마다의 장단점들이 있겠지만, 혹시 사용해보셨던 엔구/캠블리/링글/민트영어 중에서 가장 도움이 되었던 것은 어떤 서비스였나요?",13
11:36,https://www.youtube.com/watch?v=VKpyRxMGKSI,VKpyRxMGKSI,링글 리뷰,Ringle,sns,YouTube,2026-01-18 10:21:04,"레벨테스트 저희 아이 토크스테이션에서 처음 시작하면서 하는거 보고는 본 적이 없는 것 같은데 미쥬언니가 하는데 제가 왜 더 떨리는건지ㅎㅎ 테스트라고 하면 일단 긴장할 수 밖에 없는 것 같아요. | 엘에이로 이사 오고 또 유투브 하고 나서 영어가 더 줄어든 느낌이예요 ㅎㅎ  
유료 사이트는 이용해보지 않았는데 덕분에 관심을 가지게 되었어요 감사합니다 | Hallo kakak Cantik Salam Subscribs Dari kami | 역시 미쥬언니정도되어야 이렇게테스토공개도가능한것같아요!! | 미쥬언니님 사실 전 이 영상 올라올때 바로 풀청 했어요~ 캘리시간으로 거의 새벽 4시에 올라왔었어요...제가 막 자려구 누웠을때 이영상이 떠서 마침 제가 아직 자구 있질 않았어서 보고 잤답니다..
3년차인데 정말 대단하다는 말씀밖에 못드리겠어요..
미국에 오래 살았어도 못하는 사람이 많은데 정말 대단하세요.. 많은 분들에게 유용한 정보가 될거 같아요^^ | 미국생할 3년차 동영상을  풀청으로 잘 감상 하였습니다.
아름다운 동영상에 흠뻑 젖어
3종 내려놓고 이웃을 맺고 갑니다.
서로 잡은손이 풀리지 않도록 시간차두고 방문하여 제손을 잡아 주시면 고맙겠습니다.
멋진 응원과 함께 오늘도 즐거운 하루가 되십시요. | 하나하나 처음부터 레벨테스트까지 이렇게 자세히 설명해주시니 저도 테스트 해보고 싶은 마음이... ㅎ
너무 좋은정보 감사합니다! | 오오 나도 영어 수업 찾아보고 있었는데!! 미국 교과 과정을 한다니 좀 끌리는데!!! 구독자 이벤트 감사합니다 :) | 우와... 레벨 테스트까지... 사실 영어를 배우는게 쉽지만은 않은데 자유로운 분위기에서 영어를 배울수 있는게 좋은것 같아요! 레벨 테스트가 궁금하긴 하지만... 한편으로는 어떤 결과가 나올지 무서운........ㅎㅎ | 와~ 역시 미쥬님 답게 야무지게 꼼꼼히 소개해 주셨네요. 테스트 하시는 모습도 직접 보여주시공. 5회 무료권 저도 막 써보고 싶다는… 갑자기 제 레벨이 궁금해 지는걸요 | 오~ 저도 항상 영어가 발목을 붙잡고 있는데ㅜ 좋은 정보 감사해요! 캠블리만 해봤는데 이것도 시도해봐야겠어요. 무엇보다 미국 교과서 내용을 알 수 있어 좋네요! 미쥬언니 용기 있으신 모습 & 열심히 영어 공부하시는 모습에 도전 받고 가요!!^^ | 영어도 공부하고 미리 미국 교과과정 살필수 있어서 미국에서 아이키우는 엄마들한테도 정말 도움이 되겠어요! 좋은정보 고마워요~~~~~ | 테스트 때에도 차분히 설명해주면서 잡아주는게 너무 좋네요.
그런데 아이스크림 관련한 질문에는 어떻게 드립성 대답을 하는게 좋을까...라는 생각만 갖았습니다..
테스트 결과를 공유하시는게 쉽지 않은 결정인데... ㅎㅎ | 김인수여행수첩 부개정입니다 구독하지마세요 항상 잘보고 이웃맻고 언제나 함께 합니다 화이팅 입니다    , | 저도 당장 하러 갑니다! 근데 무료 5회권은 어떻게 받나요?",15
01:07,https://www.youtube.com/watch?v=v4XiKJCAbtA,v4XiKJCAbtA,링글 리뷰,Ringle,sns,YouTube,2026-01-18 10:21:04,"권이미
신나슈~~♡♡♡",1
