platform,rating,text,date,author
Google Play,4,1대1 튜터링 매우 만족스럽게 쓰고 있습니다. 다만 교재 사전질문 선택시 다른 질문들 터치가 거의 되지 않는 점이 불편합니다. 다른 리뷰에서도 이런 내용을 봤는데 빠른 수정 부탁드립니다!!,2026-01-15,백만볼트
Google Play,1,갑자기 AI튜터 관련 메뉴들이 터치가 1도 안먹네요. 수업진행을 할수가없는데 기간은 가고;; 답답하네요,2025-12-28,파도하
Google Play,3,1. 앱 업데이트후 AI 듣기에서 찜하기가 없어졌습니다 2. 안드로이드는 AI 듣기 인터페이스와 안드로이드의 물리키 인터페이스가 겹쳐 선택하기가 어려워졌습니다 3. 반복기능도 안됩니다. 백그라운드에서 반복 설정해두면 계속 플레이되었는데 안되네요. 또한 다른 앱을 사용하다가 다시 돌아오면 끊기고 article을 다시 골라야합니다. 근데 찜하기가 안되어있으니 어디있던 article 인지 알기가 어렵네요 충분히 테스트 후 업데이트 사항은 적용부탁드립니다.....,2025-12-27,SHI
Google Play,1,오류나서 회원가입도 못하고 로그인도 못하고 있어요,2025-12-26,김나연
Google Play,1,링글 공동창업자 이승훈 씨?? 여기서 자꾸 메일이 와요 미춰버리겠네.. 이메일좀 그만좀 보내세요. 하고싶다가도 자꾸 이메일 보내서 지워버렸어요. 진짜싫어요.,2025-12-17,Chris Y
Google Play,1,오류가 너무 많아요,2025-12-05,챱챱
Google Play,2,"다른건 다 좋은데, 수업준비에서 질문들 선택하는 화면의 좌우 스크롤 및 터치가 매우 심각하게 안 먹어서 사용하기가 너무 불편합니다. 최소 별점 3개는 까먹을 정도로 불편해요. 개선된 부분 확인되면 별점 수정 고려해보겠습니다",2025-12-03,H Nate
Google Play,1,업뎃 후 아무것도 안됨. 수업 예약 화면도 안보임,2025-10-20,qqq “qqq qqq” qqq
Google Play,4,"안드로이드 앱은 이어폰 연결하라던데, 스피커 기능은 안 되는 건가요? 화면도 보고싶은데 잘 안 되더라고요 줌, 링글 모두 최신 버전입니다.",2025-09-30,Seokjin Kim
Google Play,1,앱푸쉬가 와서 메시지 누르면 앱 접속이안되요.. 다시 어플 껐다켜서 처음부터 들어가야됨;;,2025-08-03,susan SK Oh
Google Play,5,안녕하세요. 글로벌 현장 영어 어떻게 신청하는 건가요??? 빨리 써보고 싶습니다 ㅜㅜ,2025-07-05,JIMIN NAM
Google Play,1,튜터 스케줄 오픈 알림도 뜨고 튜터 페이지에서 예약하기 버튼이 활성화 되어있는데도 예약하기 버튼을 누르면 스케줄이 마감되었다고 계속 뜨네요,2025-06-20,hs Hwang
Google Play,5,나쁘지 않네요.,2025-06-19,ej song
Google Play,5,오후 6시 수업도 열어주세요...... ㅠ,2025-05-18,jiwoo kim
Google Play,5,최고의 퀄리티가 보장되는 영어 스피킹 앱인 것 같습니다.,2025-03-04,Ethan Ka
Google Play,2,"링글의 컨텐츠에는 만족하며 2022년부터 계속 사용중입니다. 다만 휴대폰으로 접속했을 때 속도가 말할수 없이 느립니다. 그리고 최근 업데이트 이후에는 휴대폰으로 수업 접속 시 3~4분 동안은 화면은 나오는데 오디오가 연결이 안돼서, 한참동안 튜터와 뻘쭘하게 기다려야 합니다. 원래 리뷰 같은거 남기지 않는데, 전혀 개선이 없는것 같아서 남깁니다. 노트북으로 접속했을 때는 괜찮은데, 휴대폰 이용 편의성 좀 개선해주세요.",2024-11-05,J SON
Google Play,3,ai 튜터 롤플레잉이 안돼요,2024-10-31,김재건
Google Play,1,며칠째 앱 설치가 안되서 수업을 못듣고 있어요..,2024-10-25,Jeongmin Kim
Google Play,1,업데이트 이후 설치가 아예 안됩니다. 회사 지원으로 이번달 수업 완료해야하는데 아예 접속을 못하고 있어요,2024-10-22,민주채
Google Play,1,어플이 너무너무너무너므너무너무너무커무너무무 구려요. 수업 준비해서 멘트 다 쓰면 계속 날려요. 답변 다 적었는데 수업 준비 완료 버튼도 안눌려요. 어플에서 수업 변경도 안되거 취소도 안되고. 오ㅑ 이렇게 어플로는 아무것도 못하게 만든건가요?? 어떤 이유가 있었겠지만 편의성이 필요한 저로서는 어플 사용이 간편한 다른 학습어플로 넘어갈 수 밖에 없는거 같아여,2024-10-22,Rachel Oh
Google Play,4,bites학습 기능 어디갔나요? 업그레이드 했더니 안보여요. 없어진거면 꼭 다시 살려주세요. 데일리학습 같은거말고 수업 복습 기능 강화해주세요,2024-10-19,JS S
Google Play,1,업데이트 이후 설치가 안되고 있습니다.,2024-10-18,김정미
Google Play,4,잘 쓰고있습니다만 앱 안정성이 굉장히 떨어집니다. 교재 오디오 듣다가 종료돼서 다시 켜야하기 일쑤입니다. 개선 부탁드립니다. 하나 더 요청드리자면 교재 글씨크기를 조정할 수 있으면 좋겠습니다.,2024-10-14,Estella
Google Play,4,앱이 와이파이 빵빵한데도 너무 느림. 최적화 안되는듯 그래도 피드백 바로바로 수용하는 자세도 좋고 원어민이나 시스템도 좋아서 만족.,2024-09-02,강예준
Google Play,1,로딩만 한세월입니다. 한 페이지 넘어가는데 한 2분씩 걸려요 무슨일입니까 이게,2024-08-29,야채빙수
Google Play,3,서비스는 너무 좋아요 몇년째 사용중입니다 하지만 앱은 너무 느리고 오류가 많아서 사용하기 힘들어요,2024-08-27,dasom jeong
Google Play,3,"앱은 좋은데, 최적화가 필요합니다. 탭 클릭할 때 로딩이 너무 오래 걸립니다. 각 탭에서 데이터를 많이 불러오는지 미디어 보는 것도 아닌데 데이터 사용량도 많네요",2024-08-24,김삼영
Google Play,5,정말 유용해요!,2024-08-10,류강걸
Google Play,4,링글 링글틴즈 모두 앱로딩속도가 너무 느립니다. 웹에선 느리지않은데 메인화면과 튜터선택화면은 포기하고 피시를 켜는경우가 대다수입니다,2024-08-05,KT Kim
Google Play,1,이젠 앱이 열리지도 않네요..,2024-07-28,Karen Yang
Google Play,5,아주 낮은 수준의 학습자라도 당황하거나 부끄러워하지 않거 참여하도록 격려하며 잘 리드해줍니다,2024-07-22,임희경
Google Play,5,영어를 공부하기 좋은 플랫폼,2024-07-02,변재일
Google Play,3,앱이 너무 느려요!!!!!!!!!!,2024-06-25,Inés Park
Google Play,3,업데이트가 있다고해서 구글앱에 들어가면 업데이트 버튼이 없고 앱열기를 눌러도 업데이트 알림만 떠서 수업 준비를 못하고 있습니다.,2024-06-24,Gold피닉스
Google Play,1,Ai스피킹이라고 사용권 줬는데 쓰려고하니까 계속 업데이트하라고 하네요. 사용 가능일 며칠 남지도 않았는데 다 날려먹게생겼는데요?,2024-05-16,시나브로Seenabro
Google Play,5,이제 다른데서 수업 못 들을 듯 😂,2024-05-08,Youjung Kim
Google Play,5,"교재도 충실히 업데이트 되고, 튜터 퀄리티도 좋아서 만족합니다. 그런데 교재에서 단어보기 할때 컨텐츠가 길면 위쪽이 안보여요. 수정 부탁드립니다",2024-04-30,Brad Kwon
Google Play,1,그냥 클릭하면 접속 가능한데 카톡으로 리워드 확인하라고 해서 카톡을 통해 접속하면 인터넷 연결안되어 있다고 뜨면서 이용 불가합니다. 작동해야 확인을 하던 말던 하죠. 이벤트 푸시만 보내지 마시고 앱 연결 링크도 좀 확인해주세요.,2024-04-29,Heekyoung Lee (Anne)
Google Play,1,앱이 진짜...너무 구림,2024-04-21,Cafe latte
Google Play,2,수업시간 1시간전에 리마인드이메일이 한꺼번에 4개나 옵니다... 문자오는거까진 좋은데 왜 이리 메일폭탄을 보내시는건가요,2024-04-03,Sung Ji
Google Play,5,감사합니다,2024-03-30,박상일 (박실리콘)
Google Play,1,교재 선택을 했는데 반영이 안돼서 하기 싫은 교재로 공부하게 되는 일이 비일비재합니다,2024-03-28,Jh Seok
Google Play,5,interesting and meaningful session,2024-03-15,은빛소피
Google Play,5,튜터들이 대부분 어리지만 교육수준은 꽤 높아서 고급 회화능력자도 도움이 많이 되는 앱입니다,2024-02-26,배원철
Google Play,3,"업데이트가 너무 많아요,콘텐츠도 좋고 다 좋은데 앱 자체 기능에 신뢰도 떨어집니다 ㅠㅠ",2024-02-02,정초코
Google Play,3,아이패드프로6 화면비율호환지원부탁합니다 패드로 공부하려는데 비율호환이안돼서 화면이 잘려나와요 디스플레이 큰거로 공부할거여서 일부러 크게산건데 화면이 다 작게실행돼서 나와요,2024-01-22,효림
Google Play,5,어플 사용도 저는 불편한거 별로 없구요 불편하다고 얘기하면 바로바로 수정해주시니 좋습니다. 무엇보다 중상급자들에게 최적화된 수업이고 튜터분들도 좋으신분들이 대다수예요. 정말 좋습니다~번창하세요~~,2024-01-15,HEEYA MOON
Google Play,1,3년째 이용중인 회원인데 앱이 업데이트 후 이상해졌네요,2024-01-06,Jungil Kim
Google Play,5,자세하고 부드러운 수업진행,2023-12-30,강서구와우장산
Google Play,3,업데이트 누가 승인해주신건가요... 더 불편해졌어요. 예약현황/복습/수업예약 확인하느데 더 불편해요. 예전 퀵메뉴가 더 직관적이고 좋은거 같네요.,2023-12-15,JJ B
Google Play,1,업데이트하고 튜터들 예약힘들어졌어요. 제발 롤백해주세요.,2023-12-08,온리원
Google Play,1,어플 메뉴 위치 왜 바꾸는건가요? 위치가 바뀌어서 불편하기도 하고 기능도 하나씩 에러 나고 적응 하기는 하겠지만 너무 불편하네요 내년에 다시 결제 하는것 고민해볼 정도에요,2023-12-05,J L
Google Play,1,운영시간은 낮에만 운영해서 멘토가 노쇼해도 할 수 있는게 없음. 하루에 2번 캔슬당하고 나니 더이상 이 플랫폼을 쓰고싶지 않아지네요. 비싼 비용내고 대접 못받는 기분입니다.,2023-11-07,SIM CHEOLHONG
Google Play,3,근본과 목적성을 잃을 듯 합니다. 지속적인 이용자인데 선생님들의 퀄리티가 계속 떨어지는거 같습니다. 그래서 점점 더 멀어지고 있습니다. 후기 피드백을 수업 평가 그대로 붙여넣기 하는 분들도 많이 있고 교정도 대충하시는 분들도 많이 생긴듯 합니다.수업권에 대한 사용 기간도 계속 짧아지고 다른 어플보다 비싸면 돈값을 해야하는데 점점 더 못하는 느낌. 수익을 위해서 하는 사업이지만 본질에 집중하셨으면 좋겠음.,2023-11-07,myoungsup Lee
Google Play,1,"모바일기기로 Trial 첫수업듣는데, 소리안들리고 오디오에 문제 있어 4,000원 날렸네요. 첫 수업듣으려면 PC에서 웹에서 들으세요. 모바일기기에서 앱깔지말고.",2023-11-01,최은주
Google Play,1,앱이 버그가 있다면서 계속 종료됩니다.,2023-10-17,김지윤
Google Play,1,왤케 뻔질나게 업데이트를 하고 업데이트 할때마다 용량 모자라다고 하나요.. 그냥 화상영어 하겠다는데 너무 잦은 업데이트가 불편합니다,2023-09-10,김혜인
Google Play,2,컨텐츠는 좋은데 앱 에러가 너무 심합니다 ㅠ 최근들어서 더 늘어난 것 같아서 개선이 필요합니다.,2023-05-24,mj kim
Google Play,1,시간먼저 선택 수업예약하려고 하면 화면 안나오고 멈추네요.,2023-04-28,Jinho Choi
Google Play,1,"링글은 좋지만, 앱으로는 안되는게 너무 많고 느림. 생각하고 만든것인지 의문.",2023-03-26,Owl Zean
Google Play,3,앱 안정성이 좀 부족한거 같아요 특정 기능 실행 시 계속 앱이 중단되고 다음 단계로 안 넘어가는 경우가 많아요,2023-02-28,이찬미
Google Play,1,"어플 버그 엄청 많아요. 특히 다시듣기는 실행하면 중간에 아무 버튼도 안눌러지고, 대화도 어느시점부터 끊겨서 안나옵니다.",2023-02-08,hoegw
Google Play,1,느려터짐,2023-01-30,박정호 (Jay)
Google Play,2,너무 앱이 무겁고 중간에 멈추는 일이 잦음.,2023-01-27,Peter Ahn
Google Play,2,링글이라는 학습프로그램자체는좋지만 어플은 문제가 많은거같습니다. 교제에 들어가서 듣기를 실행하다가 멈추려고해도 반응하지않습니다. 혹시나 여러 버튼을 누르면 오류가 더 많아져서 다른아이콘은 반응하지도 않습니다...프로그램의 대부분이 오류가 너무 많아서 정정이필요할거같습니다ㅠ,2023-01-24,돼고양
Google Play,3,앱에서 컨텐츠 재생중 배속(1.0~) 조정버튼을 누르면 앱이 팝업 상태로 변경되며 영상은 정지합니다.,2023-01-06,김찬호
Google Play,5,단점도 있지만 써본 영어 학습 어플중에 제일 유익해요,2022-12-29,S
Google Play,1,업데이트때마다 접속하면 팅깁니다. 이럴거면 왜 업데이트를 하는건가요?,2022-12-25,Jaejeong Lee
Google Play,2,링글 자체는 좋은데 앱이 튕기는 현상이 자주 나타남. 이 부분이 개선 되길 바람,2022-12-22,지은
Google Play,4,업데이트 이후 소셜 계정으로 로그인란에서 카카오톡은 사라졌습니다. 카카오톡으로 로그인 하기 기능 빠르게 복구 부탁드립니다.,2022-12-21,Alex
Google Play,5,아침 출근 할 때마다 새로 나온 교재를 읽습니다. 주제가 다양해서 좋았구 친구들도 교재 내용이 다양해서 활용하기 좋다고 하네용~! 좋은 앱 항상 감사합니다~,2022-12-12,동방밍쮠쭈 상해 일기장
Google Play,5,제대로된 선생님들과 영어실력 키우고 싶을때 링글이 직빵입니다 교재도 좋고 콘텐츠가 많아서 아침에 어플보며 무료료 공부할 때도 많네요 뽕뽑아가요~!,2022-12-08,이미선
Google Play,5,"학원이나 다른 전화영어, 화상영어로 아쉬웠던 부분들이 다 해소되는 만족스러운 수업이었습니다. 수업 해보고 싶은 튜터들이 너무 많네요",2022-12-07,Wooram Choi (버떠뜨)
Google Play,2,링글 다운 받고 싶은테 Play 스토어 앱 다운로드 문제 해결 해 주세요 잘 안돼요,2022-11-22,박 근영박
Google Play,2,"링글이라는 튜터 시스템이 아니라, 앱의 강제 업데이트가 너무너무 잦고 앱또한 불안정해보입니다.",2022-11-17,Hyeji Jang
Google Play,4,수업 중에 모바일로도 강의노트를 보고싶어요,2022-11-17,우지
Google Play,1,인내심테스트 앱인가요. 열때마다 업데이트 한다고 시간걸리고_ 업데이트할것도 없는데_ 튜터 피드백 확인하려고하면 그냥 흰 화면만 뜹니다. 처음엔 이정도까지는 아니었는데 왜이런가요,2022-11-09,ssu lee
Google Play,3,수업은 너무 좋습니다 앱의 오류가 많고 업데이트가 잦아서 몇번 예약 시도하다가 안 쓰게 되네요..,2022-11-06,Yo Kan
Google Play,5,"서비스나 as는 아주 좋아요, 다만 앱이 자꾸 다운되는 현상이 있어서 업데이트좀 부탁드려용",2022-10-26,깨짱
Google Play,1,오늘 깔아서 네 번 열었는데 열 때마다 자꾸 업데이트 한다고 떠요. 답답해요,2022-10-20,오잉
Google Play,5,링글 매우 잘 활용하고 만족도도 높습니다. 그런데 갤럭시 폴드의 경우는 화면이 큰 편이라 수업을 하면서 class note도 같이 볼 수 있는데 줌 화면만 나오도록 되어있더군요. 이 부분 수정되면 수업하는데 큰 도움이 될 거 같습니다,2022-10-08,학습심층
Google Play,5,필요한 정보찾기가 편하고 일반적으로 작동잘됩니다.,2022-10-07,Sunyoung Huh
Google Play,4,"링글 수업 9번 들었어요, 회사 노트북으로는 보안 때문에 ZOOM 접속이 안되서 휴대폰으로 주로 들고 (;;) 합니다. 갤럭시 탭으로 들어와 봤는데, 놀랍게도 화면 가로 전환이 안되네요.... 큰화면으로 볼려고 하는데... 태블릿 가로 버전도 지원 해주시면 좋겠네요 감사합니다",2022-09-24,Jenny Park
Google Play,1,수업 자체는 좋은데 앱이 엉망입니다. 첫번째 깔았을 땐 열면 바로 튕겨서 무용지물이더니 두번째 깔았을 땐 필수 업데이트를 무한진행합니다.,2022-08-21,Yeun Kang
Google Play,5,Its really amazing app for learning English!!!,2022-08-14,Selochan Lee (Sero)
Google Play,1,앱이 갑자기 아예 안열립니다.. 수강 기간도 얼마 안남았는데,2022-08-05,Gyeong-Ha Kim
Google Play,1,맨날 튕기더니 업데이트 후 이제는 아예 앱 실행이 안됨,2022-08-02,Silveriver
Google Play,4,8월 1일부터 앱이 아예 안열립니다ㅠ,2022-08-02,Jeehye Kim
Google Play,3,링글 수업 자체의 퀄리티는 굉장히 높은 편인것 같고 만족합니다. 교재 또한 다양해서 굳이 1:1 수업을 하지 않아도 공부할 수 있는게 많이 있습니다. 무료 강의도 몇 번 들어봤는데 이런 서비스도 만족합니다. 다만 수업은 좋지만 환경 개선이 필요할 것 같습니다. 링글 수업은 웹으로 보기에만 적합하게 만든 것 같습니다. 저는 직장인이기 때문에 중간중간 시간 날때마다 공부를 하려고 하는데 핸드폰(갤럭시노트10)으로 무료강의를 들으려고 하면 웨비나 접속이 안 되서 못 듣고 아이패드로 수업예습을 하려고 오늘 처음 접속해 봤더니 화면 비율이 최적화 되어있지 않더군요. 집에서 노트북으로 접속하는 경우가 아니라면 굉장히 불편합니다. 제가 수업 결제하기 전에도 이런 비슷한 리뷰를 본 적이 있었는데 역시나 직접 써보니 저도 불편하네요. 수업 자체는 좋은데 이런 부분들 때문에 계속 들어야 할지 말지 고민입니다. 빨리 업데이트 해주셨으면 해서 적습니다.,2022-07-22,Gina Suh
Google Play,2,"오류가 너무 많고, 한번에 앱이 실행되는 경우가 드물 정도.",2022-07-21,gahee yu
Google Play,4,"링글의 학습 시스템은 굉장히 좋은데 앱에 몇 가지 개선했으면 하는 부분들이 있습니다. 1. 가끔 앱을 실행하면 오류가 났는지 튕기고 다시 실행되는 경우가 있는데 이 부분이 수정이 됐으면 좋겠습니다. 2. 1:1 수업 탭에 시간 먼저 선택과 튜터 먼저 선택이 있는데, 교재 먼저 선택도 추가됐으면 좋겠습니다. 원하는 수업 주제를 먼저 고르고 해당 주제에 특화된 튜터를 고르길 희망하는 경우도 있기 때문입니다.",2022-07-02,송시영 (Simon Song)
Google Play,3,"앱 너무 좋고 잘 공부하는 중인데요, 업데이트 이후에 자꾸 화면도 튕기고 교재를 한글로 전환하는 기능이 아예 안됩니다. 가끔 뜻을 모를때 한글 전환하며 볼 수 있는 것이 정말 좋았는데 이것좀 고쳐주시면 좋겠어요. 한가지 더 추가합니다. 튜터 알림시간 설정이 있으면 좋겠어요. 가끔 새벽에 알람이 와서 불편합니다.",2022-05-26,Juni Yoo
Google Play,1,대상이 제가 아닌 푸시알림이 계속 옵니다 버그인지 운영에서 테스트중이신건진 모르겠으나 빠르게 수정해주세요 계속 울려서 거슬려요,2022-05-06,Xiz Li
Google Play,4,"어제(5월2일)까지 잘되던 앱이 오늘부터 계속 튕겨서 못들어갑니다. 7.6.1버전입니다. 지우고 다시 깔아봐도 계속 안됩니다. 노트9이고요, 탭7에서는 잘되서 수업은 일단 탭으로 진행했습니다. 탭에는 7.6.0버전입니다.",2022-05-03,Dongmyung Min
Google Play,5,알람 오는것 유용해요,2022-03-19,Juneyoung Lee
Google Play,3,"링글 잘 사용하고 있어요. 다만 어플 사용하는데 몇가지 오류가 있어서 불편해요. 핸드폰으로 링글과 영영사전을 모두 보느라 여러 앱을 번갈아 쓰는 경우가 많은데, 어플 전환할 때 그냥 홈화면으로 돌아가더라구요; 예를 들면 교재 읽다가 모르는 단어 나와서 사전 어플 켰다가 다시 링글로 돌아오면 갑자기 홈화면으로 돌아가요. 그래서 매번 공부하던 데 다시 찾아서 돌아가야해서 불편하네요. 갤럭시 유전데, 화면분할 해놓고 화면 비율 조정할 때도 똑같은 문제가 발생해요. 비율 조정하다가 갑자기 홈화면으로 돌아가요. 이것 좀 고쳐주세요...",2022-03-02,ka
Google Play,2,두 세 번 짧게 칠 거면 좋음 근데 나처럼 몇 십 번 할 거면 안 하는 게 정말 최선이다.. 선생이랑 애초에 쭉 매칭해서 아니기 때문에 계속 생선이 바뀐다 그 때마다 일일이 하나씩 하나씩 처음하는 느낌.. 너무 싫다 참고로 이거 선생이 매 수업마다 바뀜 다른 화상 영어 전화영어 좋은 거 많으니 그거 쓰세요 이거 선생이 그냥 복불복 운빨입니다 여러 번 쓸 거면 절대 이거 쓰지 마세요,2022-03-01,Y Logic Machine
Google Play,5,항상 노력하는 자세에 감동합니다. 선생님들이 너무 자주 바뀌는건 좀 불만인데요 새로운 사람을 지속적으로 만나서 이야기 해 보는걸로는 좋은 기회가 될것 같아요. 찜한 튜터 예약알림 기능이 제일 좋습니다,2022-02-20,Ji-young Lee
Google Play,1,앱이 매번 튕겨요,2022-02-11,롱롱
Google Play,1,계속 다운됨,2022-01-31,WJ K
Google Play,2,수강일자 남은 날 중에 딱 하루만 일정이 맞아서 신청했는데 튜터가 취소했네요...24시간 내 수업 신청가능한 보충 수업권 들어오고 원래 수업권도 복원됐는데 어차피 들을 수 있는 날이 없어서 그냥 버리게 생겼어요...보충수업권은 원하는 대로 쓸 수도 없는데ㅜㅠ팔아버릴수도 없고 그대로 날리겠네요...,2022-01-28,나의
Google Play,1,"환불하는데 무슨 1:1 문의를 시키고, 30분이 넘도록 답장이 없나요. 별로네요.",2022-01-27,TJ Kim
Google Play,5,현재까지는 맘에 들어요. 다만 동영상 올리기 용량 좀 늘려주세요. 튜터들 영상이 왜이리 퀄리티 떨어지는지 불만이었는데 제가 소개영상 올려보니 10MB 제한이 걸려있으니 그럴수 밖에 없다는 생각이 듭니다. 일단 제폰 노트20 기준으로 낮은 SD수준으로 아무리 빨리 찍어서 1분 30초 안에 끝내도 90MB이고 압축해도 11MB네요. 그래서 앞뒤를 조금 자르고 겨우 1분27초로 10MB 안에 맞췄습니다. 참고해 주세요. 바이~~,2022-01-27,Yun Cheol Lee
Google Play,5,직장인들에게 최고의 영어학습 플랫폼,2022-01-22,Ji Young Jeong
Google Play,5,태블릿 Pc로 수업할 수 있으면 좋겠네요,2022-01-20,Heecheol Kim
Google Play,4,애정하며 사용하는 영어 앱. 수준있는 컨텐츠와 글들 잘 읽고있어요,2022-01-14,su-yeon Jun
Google Play,1,업데이트 후 오류 작렬,2021-11-15,a
Google Play,1,"지금까지 총 2회 수업했습니다. 그 중 한 번은 튜터가 강의 시작 시간이 지났는데도 들어오지 않았고, 수업시작 6분뒤 고객센터에서 튜터 사정 상 수업이 어렵다는 말만 전달받고 수업이 취소되었습니다. 해당 수업권은 환불되고 추가 수업권까지 보상으로 받았지만 다시 수업하고싶지 않네요.",2021-11-11,김예림
Google Play,5,돈이 좀 들지만 굉장히 좋은 영어 선생님들을 만날 수 있음,2021-11-05,Aiden uishin Lee
Google Play,4,"너무 잘 사용하고 있습니다. 좋아요~ 헌데, 수업 다시 듣기에서 속도 조절 기능이 있으면 너무너무 좋을 것 같아요~!",2021-11-04,YOUNGSEONG LEE
Google Play,1,나의정보수정하기(회원탈퇴) 메뉴는 도대체 어디있는건지 모르겠습니다.,2021-08-24,최정우
Google Play,4,"링글 수업 자체는 너무너무 좋아하는 수강생이지만, 링글 앱에 들어갈 때마다 앱이 새로 업데이트 되었다는 알림창이 떠서 매우 불편해요 :(",2021-08-10,Youjung An
Google Play,5,참좋네요공부가쏙쏙잘들어와서참좋네요,2021-08-07,박박석한
Google Play,1,설치가 안되고 자꾸할면튕기네요,2021-08-03,송이
Google Play,1,제발 업데이트 좀 그만 해요. 뭔 업데이트릉 이주마다 한 번씩 하나요????? 바뀌는 것도 없구만. 이번 업데이트는 특히 최악. 앱 삭제하고 다시 깔았는데도 아예 먹통이네...,2021-07-31,No Name
Google Play,4,"원어민 튜터링 서비스는 좋은데. 앱은 너무너무너무 느리고 불편해서 별 하나 깎았아요. 오늘은 아예 안 뜨네요. 느리고, 오류도 많고, UI는 엉뚱하고... 이 사실을 링글만 모르시는 것 같아요.",2021-07-30,soyun kim
Google Play,3,자꾸 업데이트 사항이 있다면서 플레이 스토어로 넘어와요. 지워서 다시 깔아봤는데도 똑같아요. 고쳐주세요!,2021-07-30,_먕미
Google Play,5,"40분씩 3번의 튜터링을 받았습니다. 자동 매칭된 선생님들이었는데도 모두가 만족스러웠습니다. 대학생들이 알바로 하는 거라 전문적인 피드백은 어렵지 않을까 생각했는데 기대의 몇배로 뛰어난 피드백을 받았습니다. 대화도 얼굴을 보고 하니 더욱 화기애애했고, 격려를 많이 해주고 틀린 문법, 단어도 찰떡같이 알아듣고 교정해줍니다. 당장 급한 영어인터뷰가 있어 대비하려고 3회분만 끊었는데 정기적으로 이용할 계획입니다. 주변에도 강추하겠습니다.",2021-07-13,JH JANG
Google Play,2,링글 이용자 입니다 업데이트가 너무 자주됩니다 하지 않고 싶은 사람도 있는데 할 수 밖에 없는 구조로 짜놓으시고 계속 업뎃도 안돼서 폰도 껏다 켜보고 앱을 지워도 보고 다시 설치하려니까 또 깔리지도 않네요 이 부분만 해결되면 인터페이스도 편리하고 좋은 앱인데.. 너무 치명적이네요,2021-06-21,SY H
Google Play,5,해외명문대생과 지식도나누고 영어 배움이 있는 좋은 앱입니다,2021-06-17,DM Choi
Google Play,4,링글 잘 쓰고 있습니다. 그런데 폰으로 접속하면 앱이 업데이트되어 홈 화면으로 이동한다는 안내창이 계속 뜨는데 이거 못 없애나요? 언제까지 매 접속마다 이걸 봐야 하죠...,2021-06-02,Hailey H
Google Play,5,좋아요! 이렇게 좋은앱 첨인듯요,2021-05-22,문유선
Google Play,4,본문 읽기 화면에 북마크 기능 추가 부탁부탁드립니다^^ 유익한 프로그램 만들어 주셔서 감사합니다~ 덕분에 삶이 조금은 자신 있어졌어요ㅎ,2021-05-07,saranghae
Google Play,1,예약하려고 하면 앱이 계속 중단돼요. 튜터 다고르고 어떤 수업교재로 할건지 정하는 단계에서요,2021-04-06,djslsls fjfjdjs
Google Play,5,사용하는데 편합니다,2021-03-31,기백송
Google Play,5,"최근에 앱 업데이트가 다시 되면서, 다시 사용성이 좋아져서 별점 높여드립니다!, 이제 다시 속도도 빨라져서 예약도 잘 되네요.",2021-03-06,YongHun Jeong
Google Play,1,지금까지 5번 수업 신청을 하였으나 막상 수업이 이루어진건 2번이고 나머지는 튜터의 노쇼및 당일 일방적인 취소였습니다. 원하는 튜터와 시간 잡기도 힘들어요. 수업의 질이 튜터의 운에 달려있는 점이 아쉽습니다,2021-02-22,김지현
Google Play,5,미국 원어민 튜터와 주말에도 수업할 수 있어서 편리하네요.,2021-02-05,Ji Ann
Google Play,2,카톡 로그인이 안돼요,2021-02-01,zuno M
Google Play,1,업데이트하고나서 앱구현속도가 너무 느려요 진짜 불편해요 개발자 기획자님들일좀하세요,2021-01-22,The JR
Google Play,2,이렇게 수업잡기 어려운 줄 알았으면 안했을거 같아요...,2021-01-18,Stella J
Google Play,2,수업잡기가 너무힘듭니다... 3주전에 미리잡으려고해도 힘듭니다 게다가 업데이트후엔 수강신청하는것자체가 엄청느려져서 도저히 핸드폰으론 예약을 할 수가업네요...,2021-01-16,이미미미
Google Play,1,개발자 퇴사시켜라 좀,2021-01-16,Shane
Google Play,5,굳,2021-01-15,Sejun
Google Play,5,"네이티브 수준은 아닌데, 그렇다고 영어를 못하는 것도 아니어서 강의를 듣기엔 애매했는데, 똑똑한 튜터가 말하는 것 바로 첨삭해줘서 좋아요",2021-01-15,Inae Kim
Google Play,5,좋아졌네요!,2020-12-31,안소영
Google Play,5,"영어공부를 많이 오래 해보았을수록 이 서비스의 가치를 제대로 느끼실 수 있을 겁니다. 중상급 이상의 영어학습자에게 최적화된, 제대로 고민하고 설계한 최고의 앱입니다. 별 5개를 더 얹어서 드리고 싶네요.",2020-12-20,Heekyung Kim
Google Play,5,중고급자 이상 영어학습자에게 강추합니다. 개발자의 경험이 녹아있는 많은 고민과 섬세함이 느껴지는 획기적인 교육앱이라고 생각합니다. 저는 개인적으로 많은 도움을 받고있습니다. 계속 번창하시길!,2020-12-06,김현경
Google Play,3,최근 광고를 늘리면서 수강생이 많아진 건지 튜터매칭이 어렵습니다. 프라임 시간대에는 매칭 가능 튜터가 0에서 최대 2명? 어찌된 일인지 몇달동안 계속 지정하던 고퀄 튜터들은 보이지도 않고요 예전 TLX가 업체에 지급을 못 해서 돈만 날린 기억을 상기시켜 불안하네요,2020-10-10,SE Oh
Google Play,4,아직 인터뷰는 안해봤어요 그런데 어플 렉이 너무 심한데 해결방법좀 알려주실분..ㅠ 엘지 X4 쓰고있고 현재는 외부 공용와이파이 사용중입니다.,2020-06-05,념념
Google Play,5,일주일에 두 번 무조건 링글. 이 퀄의 대화를 영어로 나눌 수 있는 기회는 드물어요.,2020-04-07,Google 사용자
Google Play,5,엄청 좋아졌습니다.,2020-03-25,Google 사용자
Google Play,1,트라이얼 레슨 신청하려고 하는데 자꾸 에러남..,2020-01-18,Google 사용자
Google Play,5,공부하는 만큼 얻어갈 수 있어요. 튜터들 다 좋으심.,2019-12-09,Google 사용자
Google Play,5,조금비싸긴하지만 정말 흠 잡을데가없네요,2019-11-13,Google 사용자
Google Play,5,회화 연습에 크게 도움됨,2019-05-09,Google 사용자
Google Play,1,준비안된 일반 학생들로 구성된 최악의 언어학습앱. 차라리 전화영어가 더 도움될듯.,2019-03-23,Google 사용자
Google Play,5,짱이예요. 그저그런 회화가 아니라 수준 높은 지적대화와 토론을 위한 앱입니다.,2019-03-07,Google 사용자
Google Play,5,아무에게도 알려주지 않고 나만 알고 싶은 최고의 어플,2019-03-06,Google 사용자
Google Play,5,Good!,2018-09-10,Google 사용자
Google Play,5,최고의 영어 선생님과 교재!,2018-08-16,Google 사용자
Google Play,5,영어를 제대로 하고 싶은 사람에게 최고의 그리고 유일한 선택지,2018-05-18,Google 사용자
Google Play,5,유용한 앱입니다.,2018-01-24,Google 사용자
Google Play,5,너무 좋아요 ^^ 일단 교재 퀄리티가 정말,2018-01-10,Google 사용자
Google Play,5,정말 정성스럽게 만든 앱인게 느껴집니다.,2018-01-07,Google 사용자
Google Play,5,최고에요 믿을 수 있는 프로그램,2017-12-27,Google 사용자
Google Play,5,고맙습니다,2017-08-30,Google 사용자
Google Play,5,너무 좋아요,2017-08-24,Google 사용자
Google Play,5,좋아요!!,2017-04-28,Google 사용자
Google Play,5,좋아요^^,2017-02-08,Google 사용자
Google Play,5,잘만들었네요,2017-02-02,Google 사용자
Google Play,5,최고의 영어 서비스,2016-12-23,Google 사용자
Google Play,5,가입 진행이 안됩니다.  구글 연동을 해도 이메일 작성이후 아래 작성란으로 넘어가질 않아요. 선택도 안되고요.. (이메일은 제대로 썼는데 틀린 것처럼 붉은색 라인으로 뜨고요 ㅜㅠ) 확인 부탁드립니다,2016-12-12,Google 사용자
Google Play,5,"단순한 영어 회화를 연습하는 것이 아닌, 비즈니스 실제 상황에 도움이 될수 있게 설계되어 있습니다. 나의 사고와 견해를 영어로 표현해보고, 투터에게 교정받는 실전 영어...  차별화 되는 서비스입니다.",2016-12-12,Google 사용자
Google Play,5,외부이동시에 영어기사를 쉽게 보고 들을수 있어서 좋네요! 추쳔,2016-12-10,Google 사용자
Google Play,5,이걸로 영어 배우면 울어,2016-12-10,Google 사용자
App Store,3,서로 약속을 잡은 것인데 튜터 측에서 노쇼를 해버리고 수업권만 띡 쥐어주면 제가 연습하고 기다린 시간은 무엇이 되는 건가요ㅠㅠ,2026-01-11,아보카도떡볶이
App Store,3,아이패드로 진행시 앱화면이 작아지거나 이래서 불편하고 모바일도 튜터 스케줄 알람 떠서 누르면 앱 화면 하얗게 되면서 먹통 최근들어 어플 자체에서 버벅거림 심해짐,2026-01-09,moogg
App Store,5,"링글 4개월 째 잘 사용하고 있습니다. 특히 1대1 상담 빠르게 대응해주셔서 좋아요. 예복습할 때 아이패드를 사용하곤하는데, 아이패드 landscape UI도 최적화해주시면 좋겠네요",2026-01-04,왈..
App Store,1,앱이 너무 무겁고 오류가 잦아요. 무엇보다 수업준비한 내용이 날아갈 때가 많아서 너무 짜증나요. 앱으로 수업 준비도 하고 진행도 하는데 앱이 이 모양이라 공부할 맛이 안나요,2025-12-22,룰루벨
App Store,5,"왠지 지금 next.js 서버 털리셔서 채굴당하고 계실 것 같은느낌인데, npm audit --fix 하셔야할듯",2025-12-22,랜덤닉이름
App Store,3,"아이패드 활용이 안되는게 넘넘 아쉽네요. 세로모드로 보여지고, 튜터 노트 보기도 어렵구요 ㅠㅠ",2025-12-10,zzbora
App Store,5,3년이상 쓰고 있지만 넘 만족하고 좋습니다.,2025-11-21,팡세77
App Store,1,"앞단에 광고 표시, 후면에 수신거부번호라도 붙어있으면 합법적으로 광고인가보다는 생각이라도 들었을텐데 편법으로 공지인것처럼 광고문자를 보내니 어플 자체에 대한 비호감이 생김",2025-11-21,1!1!1!1!1!1111
App Store,1,"제곧내입니다.. 앱 버그가 너무 많아요 앱개발팀에 QA하는 분이 없나요.. 없으면 외주로 줘서라도 하셔야할듯요. 서비스는 좋은데 앱이 못받춰주네요. 아이패드에서 가로로 줌미팅하는것도 안되고,, 질문은 몇번씩을 눌러야 넘어가는건지. 잠깐 다른 앱으로 넘어갔다가 돌아오면 그대로 뻑나버려요. 결국은 앱을 껐다 켜야되는데 몇번씩 끄는질 모르겠어요",2025-10-27,901진우짱
App Store,1,"링글 서비스 자체는 3년이상 사용중인데 대중교통 이동 중이나 시간이 날 때 모바일로 수업준비를 하려고 하면 어려움이 너무 많습니다. 모바일에서 수업 준비 시 버튼 탭이 잘 되지 않는 문제나, 푸시메시지를 눌러 들어갔을 때 딥링크 연결이 잘 안되서 결국 앱을 재시작해야 하는 문제, 1:1 수업의 예정된 수업을 불러오는 데 로딩이 너무 오래걸리는 문제는 앱 업데이트를 해도 버그가 개선되지 않아 남깁니다. AI 전화 등 신규 기능 개발도 좋지만 기본적인 필수 기능들에 대한 개선이 없으면 만족도가 떨어질 수밖에 없는 것 같습니다.",2025-10-25,가보쟈고
App Store,2,너무너무 느리고 버벅거립니다 제가 써본 앱 중에 제일 구려요... 너무 느리고 앱이 너무 구려서 들어가기가 싫어요.,2025-10-04,문어입니다
App Store,5,해외살고있는데 앱 진짜 너무 불안정해요. 휴대폰 셋팅이 영어로 바뀌어서 그런지 로그인도 안됨ㅋㅋ아 스트레스,2025-09-16,삼성동거북목
App Store,3,비싼 돈 주고 사용하는데 앱 상태가 오류도 자주나고 개선이 없음 AI 영어 전화는 AI가 안 받음 ㅋㅋㅋㅋ 수업 질문 선택 버튼 맨날 안 눌림 링글 알림 떠서 들어가면 앱 먹통임 백그라운드에서 삭제했다가 다시 들어가야함 개선이 정말 필요합니다..;;,2025-08-06,@@2527
App Store,1,상담사에따라 수업 해지 시 위약금이 있댔다가 없댔다가 말도 맘대로고 신뢰가 안가네요.,2025-07-07,zxczxczxvzv
App Store,1,"아이폰 유저입니다. 업데이트 최신버전으로 다 되어있구요.
내일 수업 준비하려는데 몇분째 ‘Ringle’ 글자만 뜨고 어플이 켜지지 않습니다. 컴퓨터로만 수업 준비할 수 있는 건가요…",2025-07-07,asbdidsoxk
App Store,1,"앱이 반웅속도 너무 느리고 계속 끊어지거나 오류가 많습니다. 
회사 계정이라 그냥 참고 쓰지만 빠른개선 되면 좋겠네요.",2025-06-24,Mh0070
App Store,4,진짜 링글 좋아요!!! 근데 아이패드로 수업할때 세로로 보여져서 좀 불편하네요.. 가로로는 지원 안되나요ㅠ,2025-06-08,니카모모
App Store,3,"AI 전화 포함 패키지를 구매했는데, 바로 전화하기를 누르면 체험수업을 진행 후 추가결제가 된다고 나옵니다 문의는 어디로 할 수 있는건가요",2025-06-03,Harry4191
App Store,2,카톡으로 눌렀더니 이미 가입된 번호라 뜨고 네이버도 안되고 개명해서 그런지 어떤 방법으로도 로그인이 안됨 문의하라는데 로그인 화면에 문의하는 창도 없고 어쩌란거임,2025-05-20,이거진짜빨리고쳐봐요좀
App Store,4,"안녕하세요. 링글 애용자 입니다. 제공되는 기능에 전체적으로 만족합니다. 다만 모바일 앱 안정성에 문제가 많아요
. 앱 백그라운드 실행 이후 재진입시 하얀 화면 만 나오고 무반응 
. 백그라운드 이후 지난 수업 듣기 시 싱크 안맞는 문제 , 구간 제어 안되는 문제
. 백그라운드 이후 404 메시지 문제 등

앱 개선 되면 더욱 나은 서비스가 될 것 같네요. 응원합니다",2025-05-13,donkeysama
App Store,2,"1:1 수업 등 중요한 영역에 내용 자체가 로딩되지 않아서 앱 지우고 다시 다운로드 받기만 3-4번입니다

링글 서비스 자체는 좋다고 생각하지만, 요즘 나오는 모바일 영어 교육 서비스랑 비교했을 때, 가격까지 고려한다면 앱 편의성은 최하점이라고 생각합니다",2025-05-10,reviewalllllll
App Store,4,"수업 컨텐츠는 너무너무 만족하고있지만 아이패드로 수업을 듣기는 너무 불편해요ㅠㅠ 물론 컴퓨터로 수업을 듣는게 훨씬 간편한건 맞지만,, 아이패드로 인사이트를 읽거나 수업 준비를 하는데 화면이너무 작게 나와서 늘 불편했습니다.. 꼭 아이패드 버전을 만들어주세요..!! 그리고 인사이트를 읽을때 단어장기능 혹은 사전기능이 있었으면 좋겠어요! 모르는 단어를 찾아보고 저장해두면 훨씬 학습이 편하고 좋을것같습니다!",2025-03-10,dhiwndnfhejejs
App Store,4,"앱이랑 기능(문장 피드백), 타겟 충족이 넘 좋다고 생각해요ㅠ 근데 별개로 메일 특히 지금은 알람 껐지만 ........ 너무 많이 와요",2025-02-12,noonoooupdate
App Store,4,"오랜기간동안 링글로 영어공부 하고 있는 유저입니다. 살면서 만나기 힘든 튜터들을 만나 얘기할 수 있어서 참 좋은 것 같아요. 다만 몇가지만 개선해주시면 더 좋을 것 같습니다 !!
- 아이패드로 어플 사용하기가 조금 불편한 것 같아요. 가로모드 지원 부탁 드립니다 ! 
- 컴퓨터에서도 AI튜터 이용 가능하면 더 잘 쓸 수 있을 것 같아요",2025-02-07,UJNYILCATX
App Store,5,링글 너무 잘쓰고 있습니다 감사합니다! 다만 아이패드용 앱이 없는 점이 너무 아쉽습니다 ㅠ 혹시 언제쯤 개발될까요?,2025-01-13,아느므
App Store,2,"앱 푸시 알림 떠서 들어갈 때도 그렇고 그냥 앱 열었을 때도 그렇고
몇주째 업데이트하라는 팝업이 계속 떠서 불편해요
앱 최신앱이고 업데이트도 다 되어있습니다",2024-12-18,삑삑망고
App Store,3,"저는 6개월째 링글을 잘 이용하고 있는 mba 준비생입니다.

링글이 다 좋은데 앱/웹 환경에서 작동이 이상한 부분들이 있어요. 분명히 개선이 필요해 보입니다.

1. 모바일에서, 제 눈에 보이는 메뉴를 클릭하면 그 근방에 있는 메뉴로 연결됩니다. 재정렬하라고 로딩 시간을 기다려도 마찬가지예요. 

2. 모바일에서, 어떤 페이지로 들어가면 뒤로 돌아가기, 홈으로 가기 같은 링크가 전혀 없습니다. 그냥 껐다 재접속 해야해요.

3. 웹에서, 어떤 페이지에서 스크롤이 안 내려갑니다. 웨비나 소개 페이지였고, 저는 맥북 유저예요.",2024-11-08,lillybrown-
App Store,1,Ai튜터로 바뀐 이후로 단어 인식이 전혀 안되고 오류만 떠서 학습 진행을 할 수가 없어요… 벌써 일주일도 넘은것 같은데 빨리 개선좀…,2024-10-30,Fudnr
App Store,1,Ai 튜터로 업글되고 나서 프로그램 사용하면 단어를 인식하지 못했다고 나옵니다. 언능 개선 부탁드려요,2024-10-21,ㅏㅡ으트ㅜㅇㅇ
App Store,2,"수업예약이 안 됩니다
시간대까비 누르는 건 되는데
그 이후로 넘어가질 않습니다
빨리 수업 예약하고싶은데 안 돼서 너무 답답하네요
빨리 고쳐주세요!!!!
웹도 마찬가지입니다",2024-09-08,소오오오오오오오옹
App Store,1,빨리 시정해주세여 앱 구동이 안돼요,2024-09-01,운양동인기쟁이
App Store,5,"인터뷰 대비로 단기로 결제했는데요, 제 니즈에 딱 맞는 튜터를 찾을 수 있는게 최대 장점입니다.
다른 언어도 링글같은 어플이 있다면 배우기 너무 수월할 것 같은데 언어 확장 계획은 없으신가요? 같은 비즈니스 모델로 다른 언어로 확장하는 것도 대박날 것 같아요! 링글팀 응원합니다",2024-07-05,흰나비개쩔00
App Store,1,5만원짜리 쿠폰을 어느 플랜을 구매하든 쓸 수 있는 것처럼 지급하지 않으셨으면 좋겠습니다. 신나서 이용권 구매하러 갔다가 짜게 식습니다.,2024-06-24,둔타벅스
App Store,5,"스크롤이라고 해야될까요? 듣고 있는 부분을 다시 듣거나 앞뒤로 옮기고 싶은데 전혀 작동을 안해요.
화면 나갔다가 다시 들어도 이어듣기 안되고 1초부터 시작인데, 뒤로도 못가니까답답하네요
5초뒤 버튼 이런게 있긴한데 전혀 먹통이에요",2024-06-21,hpw해줘요
App Store,4,"이렇게 된지 좀 됐는데.. 개선이 안 되고 있어서 남깁니다. 아이폰 홈, 링글 어플 내 알람 게시판 다 아티클 본 글로 안 넘어가네요

추가: 한번 오류 수정되었다가 또 오류나네요… 뭔가 엉키신듯….",2024-06-04,likoo617
App Store,2,"수업은 영어 실력 향상에 도움이 되는 것 같긴 한데, 갑작스럽게 인터넷 연결이 안 되거나 하는 등의 이유로 수업에서 나가진 이후에 인터넷 연결 문제를 해결하고 나서 다시 들어갔는데 수업 시간이 끝난 이후라 튜터랑 소통을 할 수 없었던 적이 있었는데, 그 때 튜터랑 소통할 방법이 없어서 아쉬웠던 적이 있었습니다. 그리고 가장 좀 그랬던 점은 별점 5점 안주고 4점만 줘도 굉장히 싫어하고 튜터가 학생에게 보복성?으로 기분 나쁜 코멘트를 남긴다는 점,,,,,,,,돈 내고 수업 들으러 와서 기분 나빠지는 경험을 해서 2달권 끊어놓긴 했는데 계속 사용할지 고민되네요",2024-05-28,Ssongg___
App Store,1,어제부터 로그인만하면 화면이 공백으로 넘어가지 않아요 ㅜ 다른 웹 익스플로러로 연결해봐도 같은 상황입니디.... 모바일로 수업듣기 힘든데 빨리 조치해주세요,2024-05-15,ghtyasqw
App Store,1,튜터 다섯명 중 두명의 표정이나 말투가 너무 불친절합니다,2024-05-12,구둥우우욷
App Store,3,"Pc 보다는 모바일로 학습을 하는데 작은 화면에서는 학습화면이 잘립니다

그리고 예약 후 교재를 바로 선택하고 싶지 않은데 홈화면으로 갈 수가 없어 앱을 종료해야 합니다.",2024-05-11,도대체가능한별명이뭐야
App Store,4,다만 학습 앱 인데 아이패드용 앱도 개발이 되면 좋겠습니다.(가로로 두고 학습하는데 쉽게 이용하고 싶습니다.),2024-05-07,순두부양
App Store,1,한번 켜면 무한 업데이트로 자꾸 꺼졌다 재부팅돼서 사용이 거의 불가능합니다,2024-04-11,sil049589002
App Store,5,굿,2024-02-28,TAC from the KOREA
App Store,5,Victoria 님과 오늘 처음 수업이었는데 프리젠테이션 준비에서 큰 도움받았습니다. 역시 하버드생은 다른 건지 문맥도 긴 설명없이 다 알아듣고 조언 인상 깊었어요. 감사합니다.,2024-02-27,Stella vision
App Store,1,문자에 공지라고 써놓고 내용은 광고인데 수신거부 링크도 없고 노이즈 심하네요. 이메일에 문자에 카톡에.. 적당히 좀 하세요. 링글 잠시 쉬고 있는데 다신 안하고 싶을 정도네요.,2024-01-31,Mmmmmmang
App Store,1,"접속할 때마다 업데이트 요청이 뜨는 걸로 괴롭기는 이 앱이 처음입니다.  새로운 기능이 생기는 것도 좋지만 업데이트 알람이 더 적게 오는 게 더 낫습니다. 이건 스팸 메일 수준의 짜증남이에요. (고생하시는 개발자님께 죄송합니다, 사용자의 의견으로만 말씀드려요)",2024-01-11,노모어어노잉
App Store,5,아이패드 최적화 앱은 제공할 계획 없나요?,2023-12-12,헐래밍
App Store,5,조금 비싸긴 하지만 확실히 좋은 서비스임. 복습 부분이 특히 좋음,2023-10-07,Ryan.jhlee
App Store,1,"매번 접속시마다 크고 작은 업데이트가 있는데 여전히 일부 기능은 사용이 원활하지 않습니다. 특히 복습은 앱에서 수업 목록이 나왔다 사라졌다 하여 개선 부탁 드립니다. 태블릿용도 있다면 더 잘 활용할 것 같아요.

09.2023추가
여전히 아이패드용 앱은 출신전인가요?",2023-09-06,Aassddf34
App Store,5,"어디서나 공부할 수 있도록 해주는 링글앱 잘 사용하고 있습니다. 
다만 다른 분들이 많이 적으셨듯 아이패드용 앱을 사용할 수 있다면, 더 편하게 영어 수업 예복습을 할 수 있을 것 같아요. 개선 부탁드려요!
화이팅!!",2023-08-19,슈퍼소냥이
App Store,5,너무 좋아요!! 아이패드용으로 호환되면 너무 좋을 것 같아요,2023-07-27,다운받고시퍼어
App Store,5,"1년 정도 링글에서 수업 듣고 있는데요, 매우 만족하며 듣고 있습니다. 1년 동안 교재, 웨비나, 수업듣는 방식, 진단  등 학습을 위한 시스템이 지속적으로 발전하더라고요. 그리고 그 발전의 방향이 단순히 상술이 아니라 정말 학습자들의 실력 향상을 위한 방향으로 가고 있는 것 같아요. 언제나 애쓰시는 링글팀의 진정성이 느껴져서 사용자 입장에서도 더 열심히 듣게 됩니다. 고민하고 계신 분들이 있으시다면 자신있게 추천합니다. 한 가지 아쉬운 점이 있다면 아이패드 전용앱도 나오면 좋겠어요😅",2023-07-06,쿸ㅋ쿠
App Store,2,"아니.. 무슨 업데이트를 이렇게 자주 하나요?
그리고 자꾸 멈춤니다. 너무 불편해요.
수업의 질은 아직까지 만족합니다. 앱만 좀 어떻게 안되나요",2023-05-23,plsmakeituserfriendly
App Store,4,"전반적으로 잘 갖춰져있는 앱이라고 생각해요 원하는 경로 찾기도 수월하구요.  
다만 제가 이 링글 사용한지 일년반? 넘었는데
아직도 아이패드 지원이 안되네요. 
패드로 영어공부 하는 분들 많을텐데요..
2년전 리뷰에도 패드지원 빠른 시일내에 지원하겠다고 하시곤 아무런 진행상황 없는 걸까요...
패드 지원 되면 정말 좋을 것 같아요. ㅠㅠ",2023-05-23,왜글이안올라가나
App Store,1,"아이패드 최적화 시켜주세요
요즘 태블릿으로 공부하는게 많이 보편화됐는데 아직 태블릿 버전을 지원하지 않아 불편합니다",2023-05-19,Janeee26
App Store,1,"영어 공부하고 싶은 대상이 아니라
이미 영어를 잘하는 사람들을 위한 시스템",2023-05-16,오아sis
App Store,5,"수업 예약하는 창이 떠요 오늘 하루종일 그러네요
안들어가짐",2023-03-25,Jihye Yang
App Store,1,"매번 뭐 누르면 로딩 중이고 튜터 예약하려고 클릭하면 처음에는 아무 반응없고 다시 누르면 톱니바퀴만 무한으로 돌아갑니다
참고로 제 폰은 아이폰14입니다",2023-03-09,아로이라요
App Store,1,"수업평가 하려고 하면 어플이 계속 팅김 현상이
발생해서 뭘 할수가 없네요",2023-03-06,⚡️🤮⚡️
App Store,2,어플에 들어가면 흰색화면만 나오고 아무 것도 실행을 할 수가 없습니다. 삭제 후 재설치해도 문제가 해결되지 않아서 그냥 컴퓨터로 링글사이트 접속해서 수업 예약해야해요...,2023-03-01,ㅋ류융
App Store,4,"모바일 앱 정말 잘 쓰고 있는데요~
요즘 공부할 때는 아이패드를 주로 쓰는데
예습하거나 할 때 텍스트가 크게 나온채 고정이라
오히려 화면 자체는 아이패드가 폰보다 큼에도 불구하고
한 화면에서 읽을 수 있는 문장은 훨씬 적네요...

이 부분 개선 좀 부탁드려요..!",2023-01-21,츄어츄어
App Store,3,아이패드용도 나왔으면 해요,2023-01-14,chinchinla
App Store,3,"탭에서 깔아도 폰과같이 작은 화면으로 나와 불편해요, 스플릿 뷰도 지원되고. Pc화면 처럼 나오면 좋을것 같아요",2023-01-09,토끼고양이야옹
App Store,3,"아니 서비스는 넘 좋은데… 무슨 앱 켤때마다 업데이트인가요… 배포할거는 스케줄링을 좀 해서… 정기적으로 하시지… 무슨 업데이트할게 이리 많나요… ? 앱 킬때마다 업데이트 기다려야해서 짜증납니다 ㅠㅠ 켤때 업데이트 한번, 앱켜져서 버튼 누르면 필수 업데이트 시작한다고 또 한번…  후우…",2023-01-05,tuddii222
App Store,5,"저는 수업은 PC에서 많이 하는데, 예습복습이나 출퇴근길에 콘텐츠 읽거나 듣는것은 앱으로 많이 합니다. 틈날 때마다 할 수 있어서 좋아요. 바이트사이즈 피드백이라는 복습 앱푸시 서비스 베타 테스트에도 참여하고 있는데, 내가 수업에서 배운 표현을 읽고 듣고 쓰고 말하고 할 수 있어서 좋은 것 같습니다. 정규 릴리즈할 때는 더 발전해있길 바랍니다.",2023-01-05,트러블슛니디드
App Store,5,"평생 영어공부를 해오면서 오만가지 서비스와 공부방법을 시도해보았습니다. 그러나 다 만족스럽지 못하였고 오래 지속하지 못했습니다. 링글은 다릅니다! 세계 최고 대학 튜터들과 직접 교류하고 대화할 수 있다는게 신기하기도 하고, 수준 높은 교정과 영어를 연습할 수 있어서 너무 좋습니다!!",2023-01-05,Dongju_v
App Store,5,"인생 튜터를 만난 것 같아요. 좀 고급스러운 단어를 알려주시고, 문장 구조도 새롭게 잡아줘서 좋았어요",2023-01-05,ByeByeBay
App Store,5,컨텐트 퀄리티와 튜터 퀄리티가 타 서비스 대비 압도적이라고 느낍니다. 잘 사용하고 있습니다.,2023-01-05,Chris240249
App Store,2,칼럼 플레이할 때 갑자기 앱이 강제 종료되며 폰 발열이 되고 데이터 20기가가 한번에 소진 되는 에러 현상이 잇었습니다. 현 버전 문제인듯한데 빠른 조치바랍니다.,2023-01-03,쿠밍23
App Store,4,"아이패드 어플이 아직도 없다는것에 놀랐습니다.
왜냐하면 지금까지 laptop으로 수업을 했었거든요!
이 점은 타 어플에 비해 떨어지는 점 입니다.",2022-12-19,없다. 그런거
App Store,5,"링글 서비스 통해서 mba 유학 준비부터 장학금 까지 모두 성공한 케이스에요. 유학 기간 중에도 링글 투터랑 에세이 과제 도움 받고 해외 취업을 위한 인터뷰 레쥬메 작성까지 도움 받았어요. 단순한 번역이 아닌 맥락에 맞는 원어민 표현으로 배우고 쓸수 있는건 유학원 통틀어 링글 만한 곳이 없다고 자신합니다! 졸업 후에 목적이 사라지니까 자연스럽게 안쓰게 되다가, 최근에 외국계 회사 다니면서 다시 시작했어요. 그사이에 링글도 많이 진화했지만 여전히 고급 영어를 배우는 핵심은 그대로네요. 링글 진심으로 응원합니다!",2022-12-14,윰마쓰
App Store,5,"링글의 학습 뎁스는 기대보다 꽤 깊습니다
교재도 엄청 많고 교재마다 예습 질문도 잘 짜여있구요 
복습 자료도 꽤 입체적이고 구체적입니다

처음엔 온라인 영어수업인데
예습-학습-복습까지 해야할 게 좀 많네 싶었거든요
근데 복습까지 마치는 루틴을 한번 돌아보니
제대로 공부한 느낌이 들어서 좋았어요

사실 오프라인이든 온라인이든 영어공부는 이렇게 하는 게 맞는 걸텐데 온라인 수업이라고 스스로 좀 라이트하게 생각했던 것 같아요

이후로도 계속 꾸준히 써볼 의향이 있습니다",2022-12-13,변혜인
App Store,5,앱 안에 컨텐츠랑 자료들을 무료로 볼 수 있어서 이용에 부담 없어 좋습니다,2022-12-11,환불해주세요 슈퍼차이니즈
App Store,5,"링글 어플로 퀄리티 좋은 콘텐츠들 확인할 수 있어서 출퇴근때 짬짬히 공부하기 좋음 
내가 만난 튜터들도 다 좋아서 계속 이걸로 공부할 예정 
프로모션때 결제하면 괜춘!!",2022-12-08,yoonelisa
App Store,5,빠르고 보기 편해서 좋아용!,2022-12-07,wlals3864
App Store,5,"링글 없었으면 영어공부 혼자 삽질했을 생각하니 아득합니다. 튜터나 교재 퀄리티도 좋은데, 일단 유저 개선사항이 진짜 빨리 반영되는 것 같아요 ㅠ 토종 한국인으로서 외국으로 나가는 꿈을 꿀 수 있게 해줘서 넘 좋습니다",2022-12-07,liamyoum
App Store,5,"수업할 때 PC를 이용하지만, 출퇴근 길에 링글 앱을 이용해 수업예약/예습/북습/수업변경까지 쉽게 처리할 수 있어서 너무 좋습니다! 수업 아람도 꾸준히 푸시메세지를 해줘서 너무 든든한 서비스!!",2022-12-06,좋운 것만 추천
App Store,1,"뭔 앱이 들어갈때마다 업데이트를 합니까???
빡쳐서 링글 끊을려고 합니다",2022-12-02,몬시터
App Store,2,업데이트가 너무 잦아요 제발 좀 모아서 한번에 해주면 안되나요? 앱 들어갈때마다 1분넘게기다리는게 기본이네요,2022-11-19,Dkswldug
App Store,5,"제가 진찌 이런 리뷰 안남기는데 링글은 영어회화에 있어서 혁신적입니다. 이게 한국에서 만들어진건가요?? 그렇다면 매우 자랑스러울 것 같습니다. 진짜 이앱은 미쳤고 너무 체계적이고 진짜 미쳤읍니다…….,,,.. 다만 단점은 좀 비싸다는거? 긍데 비싼값을 합니다.!! 이 리뷰보는 여러분들 당장 링.글 하세요🥹🥹🥹",2022-11-19,jangni1031
App Store,3,"어플 접속이 안되고 계속 업데이트만 반복돼요.
어플을 지웠다가 새로 다시 깔아도 마찬가지입니다.",2022-11-15,Jeongmish
App Store,1,"정말 만족하면서 링글 이용중입니다. 그런데 어플은 좀 어떻게 잘 안될까요? 매번 들어갈때마다 업데이트 한다고 로딩걸리고, 제대로 실행 안되는 경우도 너무 많고요. 어플 정상화 좀 제발 부탁드립니다",2022-11-09,링글러
App Store,3,하루에도 몇 번씩 업데이트 하네요.. 앱 들어갈때마다 업데이트가 돼요,2022-10-07,국민화나게만드네
App Store,3,요즘 앱 접속 전 업데이트가 너무 오래 걸려서 불편합니다,2022-09-24,ddwkim
App Store,5,"링글 초대코드로 가입하면 5만 포인트 줘서 좋아요~!
초대코드: 0753cd",2022-08-30,casien
App Store,5,"도서관에서도 수업 후 복습도 하고 체계적으로 제 상태를 확인할 수 있어서 너무 좋습니다 어플이 정말 쾌적합니다
그런데 아이패드를 이용하는 사람으로서 부탁드리자면 링글 어플은 분할 화면을 사용할 수 없습니다. 보통 영어 공부할 때 노트 어플이나 네이버 사전 등을 같이 활용하는데 분할 화면을 사용할 수 없으면 다소 불편합니다
또 테블릿 PC 사이즈에 맞지 않아 사용이 다소 불편합니다 가로보기로 보려고 해도 세로보기만 가능하다든지 핸드폰 사용자에겐 별 문제 아닐 수 있지만 테블릿 사용자는 다소 불편하네요
다음 업데이트 때는 반영되면 좋겠습니다. 좋은 프로그램 만들어주셔서 감사합니다.",2022-08-30,윌리 닐리 링글
App Store,4,너무 잘쓰고 있어요! 근데 아이패드로 앱 켰을 때 split view가 안돼서 좀 불편하네요~~ 이 점만 고쳐진다면 아이패드로 수강하고 복습할 때 엄청 편할 것 같습니다! 감사합니다!!,2022-08-10,노드스트롬
App Store,5,"링글 너무너무 좋습니다
그런데 서비스가 느리고 불안정합니더",2022-07-24,와플수학재밌어
App Store,2,시작 화면에서 흰 화면만 뜹니다,2022-07-19,꾸꾸루룽룽
App Store,2,수업 스케줄 변경 알림만 들어가면 앱이 튕겨요 제가 찜한 선생님들 수업 스케줄이 변경될 때마다 제가 알림을 받아야 할까요..? 이거 알림 끄고 싶은데 저기만 들어가면 앱이 튕겨요 조치 바랍니다,2022-07-15,깜깜2222
App Store,5,"굉장히 좋은 질의 자료가 많더라고요! 그런데 이런 자료들을 튜터와 수업을 하지 않는다면 못보는건가요? 돈을 내지 않고는 자료를 못 보는건지 궁금하네요,,",2022-06-09,에렘씨
App Store,5,다만 아이폰 단축어나 특정 시간에 알람처럼 교재를 플레이할 수 있는 기능이 있으면 너무 좋을 것 같아서 의견 남겨봅니다.,2022-05-15,미야아ㅏㅇ아ㅏ앙
App Store,5,업데이트 부탁드립니다!,2022-05-13,새킴
App Store,2,화상수업도 원하는 튜터가 시간을 안 여는 경우가 많다!,2022-02-18,미도라가와
App Store,5,링글 앱 잘 사용하고 있습니다~,2022-02-08,RickADhabi
App Store,4,"아이패드에서 볼때 가로 버전으로 화면이 안 나오니 공부 예습 복습 하는데 불편합니다. ㅡㅡ;
빨리 도와주세요.",2021-11-20,아름드리3705
App Store,4,앱이 이번 업데이트 이후로 계속 안 들어가져요ㅠㅠ 그리고 아이패드 버전도 만들어주시면 좋겠어요,2021-10-08,링글좋아요
App Store,4,회원 탈퇴하려면 어떻게 해야 되나요,2021-09-20,fxx sxx
App Store,4,"지원되면 더 좋을 것 같아요!! 😭
어플이 편리하구 좋습니당 ㅎㅎㅎ",2021-09-09,진서현
App Store,2,"원래 PC로만 수업을 수강하는데 후기를 남길 곳이 없어 
어플을 다운받아서 이렇게 후기 남깁니다
3개월 가량 사용했는데 등록된 튜터는 많으나 
실제로 예약 가능한 튜터는 예약이 어렵거나 
새벽시간이 예약하기가 쉽지 않습니다
또한, 고객센터도 채팅으로만 받기 때문에 답변을 
받는데 시간이 너무 오래 걸립니다
저렴한 가격이 아닌데 구매한 금액에 비해 운영 서비스가 미흡한것 같습니다….",2021-09-01,yooms0103
App Store,5,"1년째 링글 사용 중입니다
살면서 이만큼 유용한 앱이 있나 싶어요
가로모드 지원만 좀 되면 좋겠습니다 ㅎㅎ",2021-07-11,날라뇽
App Store,4,"링글 잘 사용하고 있어요
다만 아이패드에서 수업 구동 안되는거 너무 불편해요
아이패드 버젼 개발 부탁해요",2021-07-10,좋은앱편해요
App Store,4,다만 한가지 아쉬운점은 강의 녹음을 다시 들을 때 휴대폰 발열이 꽤 높아지는것인데 손이 따뜻해질 정도입니다. 유튜브로 영상볼때에도 이정도는 아닌 것 같은데 최적화가 필요 해 보입니다. 추측으로는 녹음파일과 스크립트의 재생 싱크를 맞추는 과정에 많은 계산이 있지 않을까 합니다. 의견 검토해주시고 앱이 더 나아지길 바라겠습니다.,2021-06-16,ShuffleDev
App Store,1,복습화면에서 계속 꺼지고 리셋됩니다 개선좀..,2021-06-04,ㅂ닙진
App Store,1,업데이트 다 했는데 맨날 들어갈 때마다 업데이트 알림이 떠서 진짜 짜증나고 번거로워요 ㅠㅜ 이것 좀 얼른 고쳐주세요!!,2021-05-31,Zooey L
App Store,1,툭하면 꺼지고 업데이트 누르면 초기 화면으로 돌아가고 왜그러는건가요? Ios도 최신버전인데 허구헌날 접속만 하면 업데이트 팝업 뜨고 홈화면으로 돌아가고 평가도 안먹혀서 피드백 안될때도 많고 제발 돈값좀 했으면 좋겠어요.,2021-05-23,따릉2348382
App Store,4,"지금 내 나이대에 영어 배우는 목적은 오로지 하나..

내 전공 분야에 대해서 표현하고 싶다는 것임

링글은 이 목적을 이룰 수 있게 해주는 유일 무일한 영어교육 서비스임",2021-04-23,iOS engineers
App Store,3,"오류가 잊을만 하면 자꾸 생겨서 스트레스 받네요
영어 공부하기 좋고 도움이 많이 되고는 있지만 오류 문제 바로바로 케어 부탁드려요",2021-04-13,Good to creativity
App Store,3,프로그램은 좋은데 앱 자체가 매끄럽게 돌아가진 않음. 수업 예약하다가 가끔 뻑남.,2021-04-04,이료일죠하
App Store,5,UX도 깔끔하고 튜터분들도 다들 좋으세요. 추천합니다.,2021-04-03,skdjcicklwnws
App Store,5,"영어 공부라는게 미드 보면서 느는게 전혀 아닌데, 막상 공부하려고 하니 힘들어서 공부를 못 하고 있었음 
근데 확실히 링글에서 아이비리그 튜터들이랑 만나면서 수업하고 앱 확인하면서 웨비나랑 링글 교재 읽으니까 영어가 쑥쑥 늘었음 
원래 영어에 자신감이 없었는데 링글 하면서 영어에 자신감이 생김 
원래 리뷰 잘 안남기는데 응원하고 싶어서 남김",2021-03-24,song:)))))))))
App Store,5,출근할때 지하철에서도 많이 사용하는데 너무 편해요 진짜 아침에 준비해서 밤에 회화 하면 하루 알차서 기분좋음,2021-03-16,행복한창문
App Store,5,링글을 만나 누구보다 재밌게 영어공부 하는 중입니다. 사소한 의견도 바로 반영해주셔서 만족스럽습니다. 영어로 꿈을 이루는 그날 까지,2021-03-15,별것도아냐
App Store,5,"가로모드 기능이 속히 추가되어야 합니다. 
또한 아이패드로 수업을 들을 때에 편리하고 유용한 기능을 추가해주세요",2021-03-07,똥랑스
App Store,5,ㅡㅡ 진짜 답답,2021-02-18,Nounomi
App Store,4,아이패드로 듣고 싶은데 모바일 버전만 가능해서 불편합니다. 아이패드에도 적용되는 버전 만들어주세요,2021-01-29,코카카바냐냐냐냐냐
App Store,1,"앱에 제대로 투자를 해주세요.
복습,예습 하기가 어려워요.....",2021-01-12,조단1997
App Store,1,앱이있다고해서 다운받았는데 이건 그냥 모바일버전 웹페이지 바로가기네요.... 없느니만 못합니다....,2021-01-02,옛날제리
App Store,1,"업데이트 하고 나서 너무 별로에요 한 개도 나아진게 없어서 도대체 왜 업데이트 하신건지 모르겠네요... 튜터 리뷰도 어디서 보는지 모르겠고, 이전 버전에서는 24시간 수업 신청 전에 튜터 이름 클릭하면 리뷰 볼 수 있었는데 지금은 안보이고 튜터 검색도 어디서 하는지 모르겠어요!",2021-01-01,congsoy
App Store,5,"그래도 서비스에 대한 애정으로 5점 드릴게용

Intermediate high ~ advanced low 정도의 레벨을 가지고 영어 배우는 사람입니다. 학원에 가면 어드밴스드는 잘 안 열리고, 인터미디엇은 레벨 차이가 심해서 과외를 찾아보던 중 괜찮은 대체제 같아서 시작하게 되었어요. 지금 60회 이상 수강한 나름 헤비유저라고 생각했는데 100회 넘기신 분도 많더라고요.. 겸손해집니다...

한국에서는 독보적인 서비스라고 생각하고, 영어 때문에 고생도 많이하고 걱정도 많았는데 링글 시작하고서 영어가 제일 재미있어졌어요. 새로운 사람과 대화하는 것도 즐겁고 교재를 통해 이것저것 깊게 배우는 것도 재미있습니다. 영문법부터 배우는 영어 질리신 분들께 너무너무 추천하고 일단 정착하는 순간부터 만족도가 수직 상승하리라고 장담합니다.

다만 컨텐츠가 많다보니 정착에서 조금 허들이 높고ㅠㅠ 수업 준비도 빡세게 해야해서 바쁜 분들은 이용하기 어려워하시더라고요.. 저도 여러번 영업했는데 일단 10번 이상 사용해야 정착할 수 있는것 같아서 그 부분에 대한 고민이 필요해보입니다. 또한 매번 수강신청처럼 되는 수업 예약도 허들이고, 초반 유저는 인기 튜터를 만나기 어려운 것도 단점이에요.

그리고 앱이 너무나도 아쉬운데 정말 많이 튕깁니다ㅠㅠ 특히 튜터 스케쥴 알림이 떠서 들어올 때 안정성이 매우 낮은데 그 이유를 모르겠어요.. 저는 조금 기다렸다가 예약을 시작하는데 그러면 좀 괜찮습니다. 그리고 녹음 기능도 좀 불안정한 것 같아요. 벌써 세번이나 연달아 녹음이 안 됐습니다ㅠㅠ 링글 솔직히 한번 듣고 끝내기엔 수업 너무 충실한데 아쉬워용... 링글 블로그도 굉장히 알차고, 링글 자체에도 컨텐츠가 많은데 활용하기가 어려운 것 같아서 그 부분도 연결해주면 좋겠습니다...!

진짜 애정을 갖고 사용하는 서비스라 길게 적어봤습니다... 영어 때문에 고생하시는 분들 다들 화이팅하시고... 링글 팀 분들도 늘 감사하다는 말씀을 전하며 저는 추천 코드 남기고 갑니다... 번창하세용

추천코드 = de856a",2020-11-27,tellmewhatisnottaken
App Store,1,"코로나19전 링글 서비스 평가

양질의 강사진 (아직 실력 좋으신 분들 많이 남아 있지만, 이땐 더 많았음)

적절한 가격 (100만원 이상 제품 구매 시. 지금과 다르게 2시간 전 긴급취소 수업 듣기 그리 어렵지 않아 가성비 나쁘지 않았음)

하지만 코로나19 이후

사용자는 급증하는데 강사 풀 감소. 수업 듣기 어려워짐

(인기 강사 수업 구하기는대학 수강신청급으로 바뀜)

긴급취소수업 듣기 어려워지니 강사 풀을 보강하는게 아니라 긴급취소수업 듣기 어렵다고 하셔서 수업을 없애드렸읍니다^^ 시전.

내년에 크레딧 구매할 의향 없음. ㅂㅂ",2020-11-05,11뉴비
App Store,1,"진정한 아이패드 전용 앱을 개발해주세요.
지금은 웹 뷰를 단순히 띄우는 형태로 개발되어 있어서 사용성이 정말 떨어지네요. 대표적으로 가로 모드가 지원되지 않는 이유도 그런 거겠죠? 굳이 앱을 설치하지 않고, 브라우저로 접속하는 게 훨씬 나을 정도에요. 이럴 거면 아이패드 앱을 릴리지 안 하는 게 더 나을 것 같네요.",2020-09-12,또또둥둥이
App Store,1,앱이나 잘 만드시고 홍보를 하세요.,2020-08-15,최악인정
App Store,1,"마케팅 광고비 엄청 쓰던데..
앱이 엉망인건 안고치나봄
고객센터(카톡 및 인앱 상담) 답변 없음 8/6, 8/11일
체험 수업도 안하고 그냥 gg 해버림.
아 인스타 광고 정말 믿지 말아야지 하면서도 다운로드 했는데 정말 이렇게 신물나는 서비스는 처음. 
대표 얼굴 박아놓고 광고하면서 앱 오류가 며칠씩 방치되고 고객센터는 답변없고 정말 이렇게 서비스
할거면 뭐하러 하나 싶음. 아 정말 이렇게 하지 맙시다.!!!! 휴!",2020-08-11,ㄱㅅㄹㄹㄹ
App Store,1,수업 직전에 갑자기 앱이 맛이가서 안열려요 돈날렸어요,2020-07-10,Inu3355
App Store,3,"잘 쓰고 있었는데, 갑자기 안열려요.
앱을 키면 화면이 열리다가 바로 꺼져요. 화면이 사라져요 ㅠㅠ
아이폰을 껐다켰는데도 안되네요.
버그일까요?
모바일로도 듣는데 해결 좀 부탁드려요",2020-07-10,초코누나502
App Store,1,회원가입 후 공지부터 뜨고 체험 예약을 해도 앱이 먹 통 입니다,2020-07-09,나도몰랐던멤버쉽가입
App Store,3,오류 너무많이나요..,2020-06-27,아로ㅓ라
App Store,1,아이패드로 보기엔 너무작고 세로로만 지원됨,2020-06-25,즨우
App Store,1,"답안 작성하고 있는데 자동 저장도 안 되고 앱이 죽어서 내용 날아갈 때가 많아요, 예습이나 복습 중에 갑자기 리프레시 되면서 메인으로 이동해버리기도 하고요. 너무 불편하고 안정성도 떨어져서 앱 사용 안 하게 됩니다......... 앱 업데이트 좀 해주세요. 온라인 서비스인데.. 이럴 때마다 서비스 사용하기 싫어져요.",2020-06-24,포중
App Store,2,"영어 교육 앱 중에서 불안정성, 버그 등등이 제일 안좋음. 유료서비스 그것도 꽤 고가에 포지셔닝 되어 있는데 자꾸만 유저 인내심을 시험함...",2020-06-05,rumble88
App Store,1,"앱 업데이트 기대했는데 ㅠㅠㅠㅠ 이게 뭔가요 ㅠㅠㅠㅠ
수강신청 페이지 직관적이지 않고 복잡하네요 ㅠㅠㅠㅠㅠㅠㅠ",2020-05-25,튜튜튜123
App Store,3,가로앱 안되서 아이패드에서 쓰기 너무 불편해요 ㅠㅠ,2020-03-31,jossss27353
App Store,1,돈만 빼먹고 안되는 강의 비싸게 받아쳐먹는 업체,2020-03-12,ssammaa
App Store,1,앱이 버벅거리고 수강 신청 시스템이 너무 불편한데 일정기간이 지나면 구매한 크레딧이 소멸되는 유효기간까지 있어요. 전반적으로 서비스 품질이 굉장히 낮아요. 정말 비추입니다.,2020-03-01,이시국에저품질혈세스타트업노!
App Store,1,업데이트를 완료했는데도 홈 화면에는 또 다시 업뎃 알림이...앱을 종료했다 다시 실행해도 업데이트 알림만 뜨고 도무지 수강신청을 할 수가 없네요.,2019-11-03,Christy201203
App Store,5,잘 쓰고있습니다.그런데 앱사용 도중에 자주 앱이 꺼집니다. 오류 수정이 있었으면 좋겠습니다!,2019-10-03,enenmin
App Store,5,"어플 전체적인 디자인과 버벅임 없는 깔끔함이 너무 좋네요, 1대 1로 수업을 한다는게 너무 좋습니다.
링글 화이팅",2019-07-04,곽대위
App Store,1,"업데이트를 했는데 로그인이 풀렸습니다.
(하지만 push 알람은 오고있네요)
구글로그인버튼이 아예 안눌려서 로그인을 못하고..

예전부터 느끼지만 앱이 너무 불안정한거같아요.
더불어 아이패드 가로모드 대응은 언제되나요?

내일 수업인데 그전에 수정이 될까요..?",2019-05-30,챤챳
App Store,5,구글 로그인 클릭이 안되요,2019-05-29,pjm1121
App Store,4,"다른건 다 좋은데 가로앱 기능이 안되서 아이패드로 불편하네요
그리고 추후에는 앱에서도 선생님과 수업중에 노트테이킹하는거 동시에 볼수 있었으면 합니다
지금은 아이패드로 수업하면서 컴퓨터 화면으로 보고 있어서 조금 불편해요
이런점을 제외하고는 다 만족스럽습니다:) 하이팅",2019-01-08,정재리
App Store,5,"모바일 웹으로 수강신청하며 앱이 없는 게 늘 아쉬웠는데, 드디어 나와서 정말 반갑습니다 :) 감사합니다!",2017-02-13,yoonkhong
App Store,5,오디오 듣는데 앱을 꺼도 재생이 되네요! 아직 수업은 안듣지만 자주 앱 들어가면서 링글과 친해져볼게요 ㅎㅎ,2017-02-08,오시마123
App Store,5,"아이폰 앱 나왔네요 
수업 예약하고 다른 외부 일정이 생기는 경우가 생겨서 불안했는데 다행입니다",2017-02-08,유저 포 지메일
