platform,rating,text,date,author,thumbsUp,replyContent,reviewId
Google Play,4,1대1 튜터링 매우 만족스럽게 쓰고 있습니다. 다만 교재 사전질문 선택시 다른 질문들 터치가 거의 되지 않는 점이 불편합니다. 다른 리뷰에서도 이런 내용을 봤는데 빠른 수정 부탁드립니다!!,2026-01-15,백만볼트,0,,2f7ccfed-73c1-4a95-82a0-b52fdea6761e
Google Play,1,갑자기 AI튜터 관련 메뉴들이 터치가 1도 안먹네요. 수업진행을 할수가없는데 기간은 가고;; 답답하네요,2025-12-28,파도하,0,,d9056b89-5a74-49b9-a80c-18979ae5fef5
Google Play,3,1. 앱 업데이트후 AI 듣기에서 찜하기가 없어졌습니다 2. 안드로이드는 AI 듣기 인터페이스와 안드로이드의 물리키 인터페이스가 겹쳐 선택하기가 어려워졌습니다 3. 반복기능도 안됩니다. 백그라운드에서 반복 설정해두면 계속 플레이되었는데 안되네요. 또한 다른 앱을 사용하다가 다시 돌아오면 끊기고 article을 다시 골라야합니다. 근데 찜하기가 안되어있으니 어디있던 article 인지 알기가 어렵네요 충분히 테스트 후 업데이트 사항은 적용부탁드립니다.....,2025-12-27,SHI,0,,10b13900-4e7a-480c-a788-f833b8b0a2c1
Google Play,1,오류나서 회원가입도 못하고 로그인도 못하고 있어요,2025-12-26,김나연,0,,24e1b229-4dcf-4c89-97c2-fceb85298771
Google Play,1,링글 공동창업자 이승훈 씨?? 여기서 자꾸 메일이 와요 미춰버리겠네.. 이메일좀 그만좀 보내세요. 하고싶다가도 자꾸 이메일 보내서 지워버렸어요. 진짜싫어요.,2025-12-17,Chris Y,0,,93b35570-c644-40fa-b5a0-96d081887c58
Google Play,1,오류가 너무 많아요,2025-12-05,챱챱,0,,179a6c23-804b-4446-a648-7bf1ad02ca7d
Google Play,2,"다른건 다 좋은데, 수업준비에서 질문들 선택하는 화면의 좌우 스크롤 및 터치가 매우 심각하게 안 먹어서 사용하기가 너무 불편합니다. 최소 별점 3개는 까먹을 정도로 불편해요. 개선된 부분 확인되면 별점 수정 고려해보겠습니다",2025-12-03,H Nate,1,,5f92cf28-4702-43e8-9dae-cb869fbcc6e5
Google Play,1,업뎃 후 아무것도 안됨. 수업 예약 화면도 안보임,2025-10-20,qqq “qqq qqq” qqq,0,,93408b6f-6832-4323-81ed-3aced336c583
Google Play,4,"안드로이드 앱은 이어폰 연결하라던데, 스피커 기능은 안 되는 건가요? 화면도 보고싶은데 잘 안 되더라고요 줌, 링글 모두 최신 버전입니다.",2025-09-30,Seokjin Kim,0,,6a584e7f-4be4-4657-b112-81f34ab944f4
Google Play,1,앱푸쉬가 와서 메시지 누르면 앱 접속이안되요.. 다시 어플 껐다켜서 처음부터 들어가야됨;;,2025-08-03,susan SK Oh,0,,238b7b81-3e19-4e32-a638-4104f2e21bf7
Google Play,5,안녕하세요. 글로벌 현장 영어 어떻게 신청하는 건가요??? 빨리 써보고 싶습니다 ㅜㅜ,2025-07-05,JIMIN NAM,0,,41ffaa9b-de52-4129-9669-ea22f4b1afe8
Google Play,1,튜터 스케줄 오픈 알림도 뜨고 튜터 페이지에서 예약하기 버튼이 활성화 되어있는데도 예약하기 버튼을 누르면 스케줄이 마감되었다고 계속 뜨네요,2025-06-20,hs Hwang,0,,64109237-f09a-489e-a852-b1b563acb97c
Google Play,5,나쁘지 않네요.,2025-06-19,ej song,0,,359b0de8-1b98-45f4-911a-e4bcbb539afa
Google Play,5,오후 6시 수업도 열어주세요...... ㅠ,2025-05-18,jiwoo kim,0,,61e53764-baa3-49fd-95c4-1f3ca4812ee4
Google Play,5,최고의 퀄리티가 보장되는 영어 스피킹 앱인 것 같습니다.,2025-03-04,Ethan Ka,0,,18f0e303-20fc-4bbd-aada-f6f952886fd2
Google Play,2,"링글의 컨텐츠에는 만족하며 2022년부터 계속 사용중입니다. 다만 휴대폰으로 접속했을 때 속도가 말할수 없이 느립니다. 그리고 최근 업데이트 이후에는 휴대폰으로 수업 접속 시 3~4분 동안은 화면은 나오는데 오디오가 연결이 안돼서, 한참동안 튜터와 뻘쭘하게 기다려야 합니다. 원래 리뷰 같은거 남기지 않는데, 전혀 개선이 없는것 같아서 남깁니다. 노트북으로 접속했을 때는 괜찮은데, 휴대폰 이용 편의성 좀 개선해주세요.",2024-11-05,J SON,3,,0fe2ab9a-6dfd-45fc-8f1b-f7d64df5a9dc
Google Play,3,ai 튜터 롤플레잉이 안돼요,2024-10-31,김재건,0,"안녕하세요, 김재건님. 링글입니다. 먼저, AI 튜터 이용에 불편을 드려 죄송합니다. 남겨 주신 문제 상황에 대한 정확한 파악 및 해결을 위해 고객님의 계정 정보 확인이 필요합니다. 번거로우시겠지만 링글 고객센터로 메시지 보내주시면 최대한 신속히 지원하겠습니다. (링글 앱 우측 상단 선 세개 > FAQ > 말풍선 클릭)",ffca0171-51be-468b-b36f-f707a64b1f47
Google Play,1,며칠째 앱 설치가 안되서 수업을 못듣고 있어요..,2024-10-25,Jeongmin Kim,2,"안녕하세요, Jeongmin Kim님. 링글입니다. 먼저, 이용에 불편을 드려 죄송합니다. 남겨 주신 문제 해결을 위해 고객님의 계정 정보 확인이 필요합니다. 번거로우시겠지만 링글 고객센터로 메시지 보내주시면 최대한 신속히 지원하겠습니다. (링글 앱 우측 상단 선 세개 > FAQ > 말풍선 클릭)",8df40f7e-a33a-4bc7-96ea-e63f214bfedc
Google Play,1,업데이트 이후 설치가 아예 안됩니다. 회사 지원으로 이번달 수업 완료해야하는데 아예 접속을 못하고 있어요,2024-10-22,민주채,0,"안녕하세요, 채민주님. 링글입니다. 먼저, 이용에 불편을 드려 죄송합니다. 남겨 주신 문제 해결을 위해 고객님의 계정 정보 확인이 필요합니다. 번거로우시겠지만 링글 고객센터로 메시지 보내주시면 최대한 신속히 지원하겠습니다. (링글 앱 우측 상단 선 세개 > FAQ > 말풍선 클릭)",5457f78f-fbef-4a9c-a523-8d83717e5a45
Google Play,1,어플이 너무너무너무너므너무너무너무커무너무무 구려요. 수업 준비해서 멘트 다 쓰면 계속 날려요. 답변 다 적었는데 수업 준비 완료 버튼도 안눌려요. 어플에서 수업 변경도 안되거 취소도 안되고. 오ㅑ 이렇게 어플로는 아무것도 못하게 만든건가요?? 어떤 이유가 있었겠지만 편의성이 필요한 저로서는 어플 사용이 간편한 다른 학습어플로 넘어갈 수 밖에 없는거 같아여,2024-10-22,Rachel Oh,2,"안녕하세요, Rachel Oh님. 링글입니다. 먼저 링글 앱 이용하시는 과정에 만족을 드리지 못한 것 같아 마음이 무겁습니다.
수업 취소의 경우, 수업 카드 우상단의 점 세 개 아이콘을 클릭하셔서 취소가 가능합니다. 다만 남겨 주신 수업 준비 완료 등 문제 해결을 위해서는 고객님의 계정 정보가 필요합니다. 번거로우시겠지만 링글 고객센터로 메시지 보내주실 수 있을까요? 최대한 신속히 지원하겠습니다. (링글 앱 내 프로필 > 고객지원 > 1:1 문의)",ef02eb3c-a930-4b90-a5a8-949529919059
Google Play,4,bites학습 기능 어디갔나요? 업그레이드 했더니 안보여요. 없어진거면 꼭 다시 살려주세요. 데일리학습 같은거말고 수업 복습 기능 강화해주세요,2024-10-19,JS S,0,"안녕하세요, JS님. 링글입니다. 링글의 복습 기능에 애정을 가지고 피드백 남겨 주셔서 감사합니다. 다만, 바이트 사이즈 피드백은 현재 보다 안정적인 운영을 위해 기능이 중단되었습니다.
1:1 수업을 보다 효율적으로 진행하실 수 있도록, 새로운 복습 기능으로 찾아뵐 수 있도록 노력하겠습니다. 감사합니다.",44ebfba8-f8e9-4452-9f18-bdad7e1e31a3
Google Play,1,업데이트 이후 설치가 안되고 있습니다.,2024-10-18,김정미,0,"안녕하세요, 김정미님. 링글입니다. 먼저, 이용에 불편을 드려 죄송합니다. 남겨 주신 문제 해결을 위해 고객님의 계정 정보 확인이 필요합니다. 번거로우시겠지만 링글 고객센터로 메시지 보내주시면 최대한 신속히 지원하겠습니다. (링글 앱 우측 상단 선 세개 > FAQ > 말풍선 클릭)",9d0f24e0-ad62-4063-8d2b-a0db67635c82
Google Play,4,잘 쓰고있습니다만 앱 안정성이 굉장히 떨어집니다. 교재 오디오 듣다가 종료돼서 다시 켜야하기 일쑤입니다. 개선 부탁드립니다. 하나 더 요청드리자면 교재 글씨크기를 조정할 수 있으면 좋겠습니다.,2024-10-14,Estella,2,"안녕하세요, Estella님. 링글입니다. 먼저 링글 및 교재에 애정을 가지고 피드백 남겨 주셔서 감사합니다.
교재 오디오 관련 사항은 담당 부서에 전달하여 보다 안정적으로 오디오 이용하실 수 있도록 노력하겠습니다.

글씨 크기는 앱 내에서 조정 가능하셔서, 경로 안내드립니다 :)
- 교재 하단의 T 클릭 > 글자 크기 작게/기본/크게 중 선택 가능합니다.",36c2d446-5656-4bb1-9004-2fef90cfb48d
Google Play,4,앱이 와이파이 빵빵한데도 너무 느림. 최적화 안되는듯 그래도 피드백 바로바로 수용하는 자세도 좋고 원어민이나 시스템도 좋아서 만족.,2024-09-02,강예준,1,"안녕하세요, 강예준님. 링글입니다. 먼저 링글 앱 이용하시는 과정에 만족을 드리지 못한 것 같아 마음이 무겁습니다. 남겨주신 귀중한 목소리를 기반으로 현재 링글 앱 속도 개선 버전이 릴리즈 된 점 안내드립니다. 최신 버전으로 앱 업데이트를 해주시면 이전에 비해 빨라진 링글 앱을 사용하실 수 있으실 거예요. 다른 의견이나 개선 사항 있다면 언제든지 말씀해주세요. 꼭 경청하여 더 좋은 서비스를 제공해드리도록 노력하겠습니다. (고객센터: 링글 앱 우측 상단 선 세개 > FAQ > 말풍선 클릭)",14754a5c-b38c-4bf4-89f7-659f77e2a148
Google Play,1,로딩만 한세월입니다. 한 페이지 넘어가는데 한 2분씩 걸려요 무슨일입니까 이게,2024-08-29,야채빙수,0,"안녕하세요, 야채빙수님. 링글입니다.
먼저 링글 앱 이용하시는 과정에 만족을 드리지 못한 것 같아 마음이 무겁습니다. 남겨주신 귀중한 목소리를 기반으로 현재 링글 앱 속도 개선 버전이 릴리즈 된 점 안내드립니다. 최신 버전으로 앱 업데이트를 해주시면 이전에 비해 빨라진 링글 앱을 사용하실 수 있으실 거예요. 다른 의견이나 개선 사항 있다면 언제든지 말씀해주세요. 꼭 경청하여 더 좋은 서비스를 제공해드리도록 노력하겠습니다. (고객센터: 링글 앱 우측 상단 선 세개 > FAQ > 말풍선 클릭)",4c942051-8c20-4bb6-ac48-faa30dbb0ad0
Google Play,3,서비스는 너무 좋아요 몇년째 사용중입니다 하지만 앱은 너무 느리고 오류가 많아서 사용하기 힘들어요,2024-08-27,dasom jeong,0,"안녕하세요, dasom jeong님. 링글입니다.
먼저 오랜 시간 학습 진행해주시고 계신데, 만족을 드리지 못한 것 같아 마음이 무겁습니다. 남겨주신 귀중한 목소리를 기반으로 현재 링글 앱 속도 개선 버전이 릴리즈 된 점 안내드립니다. 최신 버전으로 앱 업데이트를 해주시면 이전에 비해 빨라진 링글 앱을 사용하실 수 있으실 거예요. 다른 의견이나 개선 사항 있다면 언제든지 말씀해주세요. 꼭 경청하여 더 좋은 서비스를 제공해드리도록 노력하겠습니다. (고객센터: 링글 앱 우측 상단 선 세개 > FAQ > 말풍선 클릭)",9e8767ff-24b0-4b4b-ac4a-4e9ee4f13270
Google Play,3,"앱은 좋은데, 최적화가 필요합니다. 탭 클릭할 때 로딩이 너무 오래 걸립니다. 각 탭에서 데이터를 많이 불러오는지 미디어 보는 것도 아닌데 데이터 사용량도 많네요",2024-08-24,김삼영,0,"안녕하세요, 김삼영님. 링글입니다. 먼저 링글 앱 이용하시는 과정에 만족을 드리지 못한 것 같아 마음이 무겁습니다. 남겨주신 귀중한 목소리를 기반으로 현재 링글 앱 속도 개선 버전이 릴리즈 된 점 안내드립니다. 최신 버전으로 앱 업데이트를 해주시면 이전에 비해 빨라진 링글 앱을 사용하실 수 있으실 거예요. 다른 의견이나 개선 사항 있다면 언제든지 말씀해주세요. 꼭 경청하여 더 좋은 서비스를 제공해드리도록 노력하겠습니다. (고객센터: 링글 앱 우측 상단 선 세개 > FAQ > 말풍선 클릭)",4fe9aa80-08a0-4a9c-b520-32af55beb022
Google Play,5,정말 유용해요!,2024-08-10,류강걸,0,"안녕하세요, 류강걸님. 링글팀입니다. 힘이 나는 리뷰를 남겨주셔서 너무 감사드립니다. 앞으로도 더 좋은 서비스를 만들어 나가기 위해 노력하는 링글팀이 되겠습니다. 수업 수강하시다가 궁금하신 점 있다면 편하게 연락주세요. (고객센터: 링글 앱 우측 상단 선 세개 > FAQ > 말풍선 클릭)",42d25f3d-9ad8-4ed1-9a66-92f8a160fa08
Google Play,4,링글 링글틴즈 모두 앱로딩속도가 너무 느립니다. 웹에선 느리지않은데 메인화면과 튜터선택화면은 포기하고 피시를 켜는경우가 대다수입니다,2024-08-05,KT Kim,1,"안녕하세요, KT Kim님. 링글입니다. 먼저 링글/ 링글틴즈 모두 사용을 하시는 과정 내 만족을 드리지 못한 것 같아 마음이 무겁습니다. 남겨주신 귀중한 목소리를 기반으로 현재 링글 앱 속도 개선 버전이 릴리즈 된 점 안내드립니다. 최신 버전으로 앱 업데이트를 해주시면 이전에 비해 빨라진 링글 앱을 사용하실 수 있으실 거예요. 다른 의견이나 개선 사항 있다면 언제든지 말씀해주세요. 꼭 경청하여 더 좋은 서비스를 제공해드리도록 노력하겠습니다. (고객센터: 링글 앱 우측 상단 선 세개 > FAQ > 말풍선 클릭)",90c0e5a6-0910-4d0f-bb9b-c4b8b882e6e6
Google Play,1,이젠 앱이 열리지도 않네요..,2024-07-28,Karen Yang,0,"안녕하세요, Karen Yang님. 링글입니다. 먼저, 이용에 불편을 드려 죄송합니다. 남겨 주신 문제 해결을 위해 고객님의 계정 정보 확인이 필요합니다. 번거로우시겠지만 링글 고객센터로 메시지 보내주시면 최대한 신속히 지원하겠습니다. (링글 앱 우측 상단 선 세개 > FAQ > 말풍선 클릭)",5b0ea851-0c97-4153-9da5-16cdad97f6a4
Google Play,5,아주 낮은 수준의 학습자라도 당황하거나 부끄러워하지 않거 참여하도록 격려하며 잘 리드해줍니다,2024-07-22,임희경,1,,b4c7ea56-682c-43a7-93fb-b28ef4a126d1
Google Play,5,영어를 공부하기 좋은 플랫폼,2024-07-02,변재일,0,,6a51a9c2-be6f-4bcd-a778-1cc48f9696f7
Google Play,3,앱이 너무 느려요!!!!!!!!!!,2024-06-25,Inés Park,0,"안녕하세요, Inés Park님. 링글입니다. 먼저 링글 앱 이용하시는 과정에 만족을 드리지 못한 것 같아 마음이 무겁습니다. 남겨주신 귀중한 목소리를 기반으로 현재 링글 앱 속도 개선 버전이 릴리즈 된 점 안내드립니다. 최신 버전으로 앱 업데이트를 해주시면 이전에 비해 빨라진 링글 앱을 사용하실 수 있으실 거예요. 다른 의견이나 개선 사항 있다면 언제든지 말씀해주세요. 꼭 경청하여 더 좋은 서비스를 제공해드리도록 노력하겠습니다. (고객센터: 링글 앱 우측 상단 선 세개 > FAQ > 말풍선 클릭)",9015983e-adc6-492b-9969-78321b93536b
Google Play,3,업데이트가 있다고해서 구글앱에 들어가면 업데이트 버튼이 없고 앱열기를 눌러도 업데이트 알림만 떠서 수업 준비를 못하고 있습니다.,2024-06-24,Gold피닉스,0,,9870fae5-2489-4504-a1f4-ffafbc6f4d5f
Google Play,1,Ai스피킹이라고 사용권 줬는데 쓰려고하니까 계속 업데이트하라고 하네요. 사용 가능일 며칠 남지도 않았는데 다 날려먹게생겼는데요?,2024-05-16,시나브로Seenabro,1,,88eb6df5-98d4-466c-a40e-337ae4c76099
Google Play,5,이제 다른데서 수업 못 들을 듯 😂,2024-05-08,Youjung Kim,0,,d8cf178f-b342-470a-b53c-f280f461d398
Google Play,5,"교재도 충실히 업데이트 되고, 튜터 퀄리티도 좋아서 만족합니다. 그런데 교재에서 단어보기 할때 컨텐츠가 길면 위쪽이 안보여요. 수정 부탁드립니다",2024-04-30,Brad Kwon,2,,0fcd6c57-b1b9-4810-997c-db9fe7d750f1
Google Play,1,그냥 클릭하면 접속 가능한데 카톡으로 리워드 확인하라고 해서 카톡을 통해 접속하면 인터넷 연결안되어 있다고 뜨면서 이용 불가합니다. 작동해야 확인을 하던 말던 하죠. 이벤트 푸시만 보내지 마시고 앱 연결 링크도 좀 확인해주세요.,2024-04-29,Heekyoung Lee (Anne),1,,6b40a376-7802-456f-a72a-6ca80e9a4d1e
Google Play,1,앱이 진짜...너무 구림,2024-04-21,Cafe latte,0,,6e67302d-28eb-4bbb-bac1-1b8e6a714ed9
Google Play,2,수업시간 1시간전에 리마인드이메일이 한꺼번에 4개나 옵니다... 문자오는거까진 좋은데 왜 이리 메일폭탄을 보내시는건가요,2024-04-03,Sung Ji,1,,f7df09e2-6b70-4b46-90f3-59613527652d
Google Play,5,감사합니다,2024-03-30,박상일 (박실리콘),0,,bc1cc447-be67-4f7b-b973-35bdcaad073c
Google Play,1,교재 선택을 했는데 반영이 안돼서 하기 싫은 교재로 공부하게 되는 일이 비일비재합니다,2024-03-28,Jh Seok,1,,43c4cdbe-c353-40c6-9473-1f3e5d312416
Google Play,5,interesting and meaningful session,2024-03-15,은빛소피,0,,f039bad0-de10-4353-83d6-611c81773f9c
Google Play,5,튜터들이 대부분 어리지만 교육수준은 꽤 높아서 고급 회화능력자도 도움이 많이 되는 앱입니다,2024-02-26,배원철,0,,83b2907b-2011-450b-88b5-28e59c5f84f3
Google Play,3,"업데이트가 너무 많아요,콘텐츠도 좋고 다 좋은데 앱 자체 기능에 신뢰도 떨어집니다 ㅠㅠ",2024-02-02,정초코,0,,625079e2-042d-43cc-82de-0d1bd62e5d17
Google Play,3,아이패드프로6 화면비율호환지원부탁합니다 패드로 공부하려는데 비율호환이안돼서 화면이 잘려나와요 디스플레이 큰거로 공부할거여서 일부러 크게산건데 화면이 다 작게실행돼서 나와요,2024-01-22,효림,1,,63c7843c-5c8f-4286-92aa-1a2e1e2d000d
Google Play,5,어플 사용도 저는 불편한거 별로 없구요 불편하다고 얘기하면 바로바로 수정해주시니 좋습니다. 무엇보다 중상급자들에게 최적화된 수업이고 튜터분들도 좋으신분들이 대다수예요. 정말 좋습니다~번창하세요~~,2024-01-15,HEEYA MOON,9,,e6b09f8e-11c1-45e3-885b-34a7cde6362c
Google Play,1,3년째 이용중인 회원인데 앱이 업데이트 후 이상해졌네요,2024-01-06,Jungil Kim,0,,085f81d3-1f43-4681-8b25-83b7e4c23892
Google Play,5,자세하고 부드러운 수업진행,2023-12-30,강서구와우장산,1,,c68e41da-c8ab-4fa1-84b0-9c51e96c1f78
Google Play,3,업데이트 누가 승인해주신건가요... 더 불편해졌어요. 예약현황/복습/수업예약 확인하느데 더 불편해요. 예전 퀵메뉴가 더 직관적이고 좋은거 같네요.,2023-12-15,JJ B,4,,2d95ee0f-ea65-40d4-99cc-d136edb4c94f
Google Play,1,업데이트하고 튜터들 예약힘들어졌어요. 제발 롤백해주세요.,2023-12-08,온리원,3,,10c99f09-793d-41fb-89fe-3838abba6dc9
Google Play,1,어플 메뉴 위치 왜 바꾸는건가요? 위치가 바뀌어서 불편하기도 하고 기능도 하나씩 에러 나고 적응 하기는 하겠지만 너무 불편하네요 내년에 다시 결제 하는것 고민해볼 정도에요,2023-12-05,J L,2,"안녕하세요, J L님. 링글입니다. 먼저 긍정적인 평가와 개선 사항에 대해서 말씀해주셔서 진심으로 감사 인사를 드립니다. 더 나은 서비스를 제공하기 위해 노력하고 있음에도 불편하게 느끼셨던 부분이 발생하여 링글팀에서도 아쉬운 마음이 큽니다. 혹시라도 링글 교재 선택하시는 과정 내에 고민되는 부분이 있다면 링글 고객센터로 메시지 보내주시면 최대한 신속히 지원하겠습니다. (링글 앱 내 프로필 > 고객지원 > 1:1 문의) 다시 한번 피드백 남겨주셔서 감사합니다.",ea803b5d-861f-4216-9e87-a6057db01cf8
Google Play,1,운영시간은 낮에만 운영해서 멘토가 노쇼해도 할 수 있는게 없음. 하루에 2번 캔슬당하고 나니 더이상 이 플랫폼을 쓰고싶지 않아지네요. 비싼 비용내고 대접 못받는 기분입니다.,2023-11-07,SIM CHEOLHONG,0,"안녕하세요, SIM CHEOLHONG님. 링글입니다. 먼저, 소중한 시간 내어주셨는데 튜터의 캔슬로 수업에 불편을 드려 죄송합니다. SIM CHEOLHONG님께서 예약하신 튜터를 확인하여 보다 원활한 수업을 진행하실 수 있도록 도움을 드리고자 합니다. 번거로우시겠지만 링글 고객센터로 메시지 보내주시면 최대한 신속히 지원하겠습니다. (링글 앱 내 프로필 > 고객지원 > 1:1 문의) 감사합니다.",ac399c2c-7b00-4341-80f4-dc9db6df8f78
Google Play,3,근본과 목적성을 잃을 듯 합니다. 지속적인 이용자인데 선생님들의 퀄리티가 계속 떨어지는거 같습니다. 그래서 점점 더 멀어지고 있습니다. 후기 피드백을 수업 평가 그대로 붙여넣기 하는 분들도 많이 있고 교정도 대충하시는 분들도 많이 생긴듯 합니다.수업권에 대한 사용 기간도 계속 짧아지고 다른 어플보다 비싸면 돈값을 해야하는데 점점 더 못하는 느낌. 수익을 위해서 하는 사업이지만 본질에 집중하셨으면 좋겠음.,2023-11-07,myoungsup Lee,7,"안녕하세요, myoungsup Lee님. 링글입니다. 오랜 기간 링글에 애정을 담아 이용해주시는데 만족스러운 경험을 제공드리지 못해 마음이 무겁습니다. 번거로우시겠지만 링글 고객센터로 메시지 보내주시면 myoungsup Lee님의 더 나은 수업 경험을 위해 최대한 신속히 지원하겠습니다. (링글 앱 내 프로필 > 고객지원 > 1:1 문의) 감사합니다.

번거로우시겠지만 링글 고객센터로 메시지 보내주시면 최대한 신속히 지원하겠습니다. (링글 앱 내 프로필 > 고객지원 > 1:1 문의) 감사합니다.",4cc65e63-125b-4019-a4f8-4d16d22fe2fc
Google Play,1,"모바일기기로 Trial 첫수업듣는데, 소리안들리고 오디오에 문제 있어 4,000원 날렸네요. 첫 수업듣으려면 PC에서 웹에서 들으세요. 모바일기기에서 앱깔지말고.",2023-11-01,최은주,1,"안녕하세요, 최은주님. 링글입니다. 먼저, 이용에 불편을 드려 죄송합니다. 남겨 주신 문제 해결을 위해 고객님의 계정 정보 확인이 필요합니다. 번거로우시겠지만 링글 고객센터로 메시지 보내주시면 최대한 신속히 지원하겠습니다. (링글 앱 내 프로필 > 고객지원 > 1:1 문의)",8bdee258-1f7b-4ce9-838c-62e41d366d0c
Google Play,1,앱이 버그가 있다면서 계속 종료됩니다.,2023-10-17,김지윤,0,"안녕하세요, 김지윤님. 링글입니다. 먼저, 이용에 불편을 드려 죄송합니다. 남겨 주신 문제 해결을 위해 고객님의 계정 정보 확인이 필요합니다. 번거로우시겠지만 링글 고객센터로 메시지 보내주시면 최대한 신속히 지원하겠습니다. (링글 앱 내 프로필 > 고객지원 > 1:1 문의) 감사합니다.",6c3227ea-bc00-4c23-8e60-19784d307efb
Google Play,1,왤케 뻔질나게 업데이트를 하고 업데이트 할때마다 용량 모자라다고 하나요.. 그냥 화상영어 하겠다는데 너무 잦은 업데이트가 불편합니다,2023-09-10,김혜인,2,"안녕하세요, 김혜인님. 링글입니다. 먼저, 이용에 불편을 드려 죄송합니다. 보다 나은 환경을 제공드리기 위해 업데이트를 진행하고 있으나 이 과정에서 불편을 드린 것 같아 링글팀도 무거운 마음이 큽니다. 말씀하신 소중한 의견은 담당 부서에 전달하여 모든 수강생분들 대상으로 만족스러운 서비스를 제공드릴 수 있도록 노력하겠습니다. 이외에도 추가적인 문의 사항이 있다면 링글 고객센터로 메시지 보내주시면 최대한 신속히 지원하겠습니다. (링글 앱 내 프로필 > 고객지원 > 1:1 문의) 감사합니다.",746c6028-c7b7-49a8-bda8-85dda05ed3a0
Google Play,2,컨텐츠는 좋은데 앱 에러가 너무 심합니다 ㅠ 최근들어서 더 늘어난 것 같아서 개선이 필요합니다.,2023-05-24,mj kim,1,,ca466975-e72d-4d1a-8b03-a6e7fd9e62e1
Google Play,1,시간먼저 선택 수업예약하려고 하면 화면 안나오고 멈추네요.,2023-04-28,Jinho Choi,1,,9e848229-faab-475a-8178-8e061d3b925c
Google Play,1,"링글은 좋지만, 앱으로는 안되는게 너무 많고 느림. 생각하고 만든것인지 의문.",2023-03-26,Owl Zean,2,,d0706cab-c560-43ac-a474-7fc0c93357b0
Google Play,3,앱 안정성이 좀 부족한거 같아요 특정 기능 실행 시 계속 앱이 중단되고 다음 단계로 안 넘어가는 경우가 많아요,2023-02-28,이찬미,0,,ada53a46-86fc-4277-8400-aca39a1920bb
Google Play,1,"어플 버그 엄청 많아요. 특히 다시듣기는 실행하면 중간에 아무 버튼도 안눌러지고, 대화도 어느시점부터 끊겨서 안나옵니다.",2023-02-08,hoegw,1,,c115a774-0a97-4420-b712-73ae2ccca066
Google Play,1,느려터짐,2023-01-30,박정호 (Jay),1,,e9ba42dc-ec36-4e07-a716-cf4e9d26ecc3
Google Play,2,너무 앱이 무겁고 중간에 멈추는 일이 잦음.,2023-01-27,Peter Ahn,1,"안녕하세요, Min yong Ahn님. 링글입니다. 먼저, 앱속도 및 잦은 멈춤 등으로 서비스 이용에 불편을 드려 죄송합니다. 귀중한 시간내어주시는 만큼 빠르게 개선하여 최대한 원활히 서비스 이용할 수 있도록 조치하겠습니다. 감사합니다. 링글 드림",a430c8c0-85a5-4e64-beef-944a547dfb08
Google Play,2,링글이라는 학습프로그램자체는좋지만 어플은 문제가 많은거같습니다. 교제에 들어가서 듣기를 실행하다가 멈추려고해도 반응하지않습니다. 혹시나 여러 버튼을 누르면 오류가 더 많아져서 다른아이콘은 반응하지도 않습니다...프로그램의 대부분이 오류가 너무 많아서 정정이필요할거같습니다ㅠ,2023-01-24,돼고양,6,"안녕하세요, 돼고양님. 링글입니다. 먼저, 이용에 불편을 드려 죄송합니다. 남겨주신 문제 해결을 위해 고객님의 계정 정보 확인이 필요합니다. 번거로우시겠지만 링글 고객센터로 메시지 보내주시면 최대한 신속히 지원하겠습니다. (링글 앱 내 프로필 > 고객지원 > 1:1 문의) 감사합니다. 링글 드림",12f4fd85-ce00-4783-81d9-36b29ee44f71
Google Play,3,앱에서 컨텐츠 재생중 배속(1.0~) 조정버튼을 누르면 앱이 팝업 상태로 변경되며 영상은 정지합니다.,2023-01-06,김찬호,0,"안녕하세요, 김찬호님. 링글입니다. 먼저, 링글 앱 이용에 불편을 드려 죄송합니다. 겪으셨던 문제는 즉시 담당팀에 전달되어 개선될 예정입니다. 그 전까지 콘텐츠 재생 시 배속 기능을 활용하고자 하신다면, 번거로우시겠지만 웹사이트 이용을 권해드립니다. 하루 빨리 문제를 해결하여 이용에 불편함이 없도록 조치하겠습니다. 감사합니다. 링글 드림",d926a90f-4bbc-472a-8706-fb1c2ddfa75f
Google Play,5,단점도 있지만 써본 영어 학습 어플중에 제일 유익해요,2022-12-29,S,0,"안녕하세요, S님. 링글입니다. 아직 링글 앱이 완벽하진 않지만 유익하게 활용해 주셔서 감사합니다! 값진 시간 내어주시는 만큼 단점은 빠르게 보완하고 보다 의미 있는 경험 드릴 수 있도록 최선을 다하겠습니다. 감사합니다. 링글 드림",e764ac48-ec76-473a-b761-bc5241fb7cdd
Google Play,1,업데이트때마다 접속하면 팅깁니다. 이럴거면 왜 업데이트를 하는건가요?,2022-12-25,Jaejeong Lee,1,"안녕하세요, Jaejeong Lee님. 링글입니다. 먼저, 링글 앱 이용에 불편을 드려 죄송합니다. 남겨주신 문제 해결을 위해서는 고객님의 계정 정보 확인이 필요해요. 번거로우시겠지만 링글 고객센터로 메시지 보내주실 수 있을까요? 최대한 신속히 지원하겠습니다. (링글 앱 내 프로필 > 고객지원 > 1:1 문의) 감사합니다. 링글 드림",71deb010-39ce-450e-9fd2-3fbf70fa5b11
Google Play,2,링글 자체는 좋은데 앱이 튕기는 현상이 자주 나타남. 이 부분이 개선 되길 바람,2022-12-22,지은,0,"안녕하세요, 지은님. 링글입니다. 먼저, 링글 앱 이용에 불편을 드려 죄송합니다. 남겨주신 문제 해결을 위해서는 고객님의 계정 정보 확인이 필요해요. 번거로우시겠지만 링글 고객센터로 메시지 보내주실 수 있을까요? 최대한 신속히 지원하겠습니다. (링글 앱 내 프로필 > 고객지원 > 1:1 문의) 감사합니다. 링글 드림",446bf59a-6a5c-415c-b078-f2d3c03ff7a6
Google Play,4,업데이트 이후 소셜 계정으로 로그인란에서 카카오톡은 사라졌습니다. 카카오톡으로 로그인 하기 기능 빠르게 복구 부탁드립니다.,2022-12-21,Alex,2,"안녕하세요, Minseok Gong님. 링글입니다. 앱 소셜 로그인 이용에 불편을 드려 죄송합니다. 영어 페이지에서 카카오 소셜 로그인 기능을 지원하지 않던 시기가 있었습니다. 지금은 영어/한국어 페이지 모두 카카오 소셜 로그인을 정상적으로 지원하고 있습니다. 혹시 지금도 어려움을 겪으실 경우, 링글 고객센터로 메시지 보내주실 수 있을까요? 최대한 신속히 지원하겠습니다. (링글 앱 내 프로필 > 고객지원 > 1:1 문의) 감사합니다. 링글 드림",313a1b50-cc9b-478a-bbe2-b4e55f8445e7
Google Play,5,아침 출근 할 때마다 새로 나온 교재를 읽습니다. 주제가 다양해서 좋았구 친구들도 교재 내용이 다양해서 활용하기 좋다고 하네용~! 좋은 앱 항상 감사합니다~,2022-12-12,동방밍쮠쭈 상해 일기장,2,"안녕하세요, 동방밍쮠쭈 상해 일기장님. 링글입니다. 바쁜 출근 길 소중한 시간에 링글 콘텐츠를 읽어주셔서 감사합니다! 다양한 주제의 콘텐츠를 적극 활용해 주시는 만큼, 앞으로도 시의적절하고 흥미로운 주제의 콘텐츠로 보답하겠습니다. 감사합니다. 링글 드림",3cd6ece6-f28a-4c86-b504-9f45a5d7c813
Google Play,5,제대로된 선생님들과 영어실력 키우고 싶을때 링글이 직빵입니다 교재도 좋고 콘텐츠가 많아서 아침에 어플보며 무료료 공부할 때도 많네요 뽕뽑아가요~!,2022-12-08,이미선,1,"안녕하세요, 이미선님. 링글입니다. 먼저 힘이 나는 리뷰 남겨주셔서 감사합니다! 일대일 수업 이외에 매일 업데이트되는 무료 콘텐츠까지 200% 활용해 주시는 만큼, 영어 목표 꼭 이루시길 바랄게요. 앞으로도 양질의 콘텐츠 제공할 수 있도록 최선을 다하겠습니다. 감사합니다. 링글 드림",bf3d9c3b-f823-4904-912a-57380858fb09
Google Play,5,"학원이나 다른 전화영어, 화상영어로 아쉬웠던 부분들이 다 해소되는 만족스러운 수업이었습니다. 수업 해보고 싶은 튜터들이 너무 많네요",2022-12-07,Wooram Choi (버떠뜨),2,안녕하세요 최우람님. 링글입니다. 그동안 영어 공부하시면서 느끼셨던 아쉬움을 링글에서 해소하셨다니 기쁩니다 :) 앞으로도 더 의미 있는 수업 경험하실 수 있도록 최선을 다하겠습니다. 학습 관련 지원이 필요하실 경우 언제든 편하게 연락 남겨주세요. 최대한 상세히 알려드릴게요. 감사합니다. 링글 드림,93f4f5d3-4506-4c50-8460-5725c4a7a352
Google Play,2,링글 다운 받고 싶은테 Play 스토어 앱 다운로드 문제 해결 해 주세요 잘 안돼요,2022-11-22,박 근영박,1,,227121a1-df30-4f8e-b704-57e5c774fead
Google Play,2,"링글이라는 튜터 시스템이 아니라, 앱의 강제 업데이트가 너무너무 잦고 앱또한 불안정해보입니다.",2022-11-17,Hyeji Jang,1,,be7caa43-d895-4a97-bc0c-e1fac2943710
Google Play,4,수업 중에 모바일로도 강의노트를 보고싶어요,2022-11-17,우지,4,,75798ec5-90bf-45ab-ae81-cdb8af0fc39c
Google Play,1,인내심테스트 앱인가요. 열때마다 업데이트 한다고 시간걸리고_ 업데이트할것도 없는데_ 튜터 피드백 확인하려고하면 그냥 흰 화면만 뜹니다. 처음엔 이정도까지는 아니었는데 왜이런가요,2022-11-09,ssu lee,3,,f1f61d55-bbbf-45b0-ac4b-1c1da199e1cb
Google Play,3,수업은 너무 좋습니다 앱의 오류가 많고 업데이트가 잦아서 몇번 예약 시도하다가 안 쓰게 되네요..,2022-11-06,Yo Kan,0,,0f9aadc1-b4b6-450e-ad4b-be847f60eb5d
Google Play,5,"서비스나 as는 아주 좋아요, 다만 앱이 자꾸 다운되는 현상이 있어서 업데이트좀 부탁드려용",2022-10-26,깨짱,0,,7997025a-8e38-4794-96ac-0bedd56bd5a2
Google Play,1,오늘 깔아서 네 번 열었는데 열 때마다 자꾸 업데이트 한다고 떠요. 답답해요,2022-10-20,오잉,0,,195cf821-c0fa-4111-96cd-9a3ef76d1611
Google Play,5,링글 매우 잘 활용하고 만족도도 높습니다. 그런데 갤럭시 폴드의 경우는 화면이 큰 편이라 수업을 하면서 class note도 같이 볼 수 있는데 줌 화면만 나오도록 되어있더군요. 이 부분 수정되면 수업하는데 큰 도움이 될 거 같습니다,2022-10-08,학습심층,10,,df22d183-4667-44f9-9164-79504318bb31
Google Play,5,필요한 정보찾기가 편하고 일반적으로 작동잘됩니다.,2022-10-07,Sunyoung Huh,0,,aef515ce-0e82-48ff-9d0b-92209cd9f918
Google Play,4,"링글 수업 9번 들었어요, 회사 노트북으로는 보안 때문에 ZOOM 접속이 안되서 휴대폰으로 주로 들고 (;;) 합니다. 갤럭시 탭으로 들어와 봤는데, 놀랍게도 화면 가로 전환이 안되네요.... 큰화면으로 볼려고 하는데... 태블릿 가로 버전도 지원 해주시면 좋겠네요 감사합니다",2022-09-24,Jenny Park,25,,bf5f96a3-8ac4-40ed-bd1f-20baa5cbf704
Google Play,1,수업 자체는 좋은데 앱이 엉망입니다. 첫번째 깔았을 땐 열면 바로 튕겨서 무용지물이더니 두번째 깔았을 땐 필수 업데이트를 무한진행합니다.,2022-08-21,Yeun Kang,0,,dd0b16f9-e371-465b-9978-846d7a26132c
Google Play,5,Its really amazing app for learning English!!!,2022-08-14,Selochan Lee (Sero),0,,7fc96bcd-bda2-46cc-8af7-c9d5bcfaee12
Google Play,1,앱이 갑자기 아예 안열립니다.. 수강 기간도 얼마 안남았는데,2022-08-05,Gyeong-Ha Kim,2,,07c24cd5-4c1f-4e3c-a796-c65b9180d876
Google Play,1,맨날 튕기더니 업데이트 후 이제는 아예 앱 실행이 안됨,2022-08-02,Silveriver,1,,73046a82-51be-4a23-b53f-fcb25eb28971
Google Play,4,8월 1일부터 앱이 아예 안열립니다ㅠ,2022-08-02,Jeehye Kim,1,,b394106d-0ae2-40c1-bc8e-572f58ae5a0c
Google Play,3,링글 수업 자체의 퀄리티는 굉장히 높은 편인것 같고 만족합니다. 교재 또한 다양해서 굳이 1:1 수업을 하지 않아도 공부할 수 있는게 많이 있습니다. 무료 강의도 몇 번 들어봤는데 이런 서비스도 만족합니다. 다만 수업은 좋지만 환경 개선이 필요할 것 같습니다. 링글 수업은 웹으로 보기에만 적합하게 만든 것 같습니다. 저는 직장인이기 때문에 중간중간 시간 날때마다 공부를 하려고 하는데 핸드폰(갤럭시노트10)으로 무료강의를 들으려고 하면 웨비나 접속이 안 되서 못 듣고 아이패드로 수업예습을 하려고 오늘 처음 접속해 봤더니 화면 비율이 최적화 되어있지 않더군요. 집에서 노트북으로 접속하는 경우가 아니라면 굉장히 불편합니다. 제가 수업 결제하기 전에도 이런 비슷한 리뷰를 본 적이 있었는데 역시나 직접 써보니 저도 불편하네요. 수업 자체는 좋은데 이런 부분들 때문에 계속 들어야 할지 말지 고민입니다. 빨리 업데이트 해주셨으면 해서 적습니다.,2022-07-22,Gina Suh,22,"안녕하세요, Gina Suh님. 링글입니다. 서비스 전반에 대한 긍정적인 리뷰와 건설적인 피드백 함께 남겨주셔서 진심으로 감사합니다. 링글 수업이 아직까지 웹사이트 이용에 최적화가 되어 있어, 링글 앱을 아이패드로 이용하실 때 많은 불편을 겪으셨으리라 생각합니다. 아이패드 앱 최적화 요청은 담당자에게 전달하여 개발을 검토하고 있습니다. 즉각적인 개선을 약속드리기에는 어려우나 보다 편한 학습을 위해 피드백 남겨주신 만큼, 면밀히 살펴보고 늦지 않게 좋은 소식을 전달해드릴 수 있도록 최선을 다하겠습니다. 감사합니다. 링글 드림",e1272d5e-5741-4b65-b27f-aba809df4ef7
Google Play,2,"오류가 너무 많고, 한번에 앱이 실행되는 경우가 드물 정도.",2022-07-21,gahee yu,0,,e1bf3031-b893-41fe-9bf0-3ad783778368
Google Play,4,"링글의 학습 시스템은 굉장히 좋은데 앱에 몇 가지 개선했으면 하는 부분들이 있습니다. 1. 가끔 앱을 실행하면 오류가 났는지 튕기고 다시 실행되는 경우가 있는데 이 부분이 수정이 됐으면 좋겠습니다. 2. 1:1 수업 탭에 시간 먼저 선택과 튜터 먼저 선택이 있는데, 교재 먼저 선택도 추가됐으면 좋겠습니다. 원하는 수업 주제를 먼저 고르고 해당 주제에 특화된 튜터를 고르길 희망하는 경우도 있기 때문입니다.",2022-07-02,송시영 (Simon Song),25,"안녕하세요, 송시영님. 쉽지 않은 영어 학습 여정을 링글과 함께해 주시며, 건설적인 개선 사항 남겨주셔서 감사합니다! 간헐적으로 발생하는 앱 실행 오류는 담당자에게 전달하여 보다 안정적으로 앱 이용하실 수 있도록 개선하겠습니다. 수업 예약 절차 관련하여 남겨주신 의견은 즉시 반영을 약속하기 어려우나, 귀중한 의견으로 다음 업데이트 시 심도 깊게 논의해 보겠습니다. 조금 더 나은 수업 경험하실 수 있도록 앞으로도 최선을 다하겠습니다. 감사합니다. 링글 드림",279dd027-34e7-49c0-ad44-0b32d84263e1
Google Play,3,"앱 너무 좋고 잘 공부하는 중인데요, 업데이트 이후에 자꾸 화면도 튕기고 교재를 한글로 전환하는 기능이 아예 안됩니다. 가끔 뜻을 모를때 한글 전환하며 볼 수 있는 것이 정말 좋았는데 이것좀 고쳐주시면 좋겠어요. 한가지 더 추가합니다. 튜터 알림시간 설정이 있으면 좋겠어요. 가끔 새벽에 알람이 와서 불편합니다.",2022-05-26,Juni Yoo,3,,e70173c1-068f-446d-9831-4d1ce822a9a9
Google Play,1,대상이 제가 아닌 푸시알림이 계속 옵니다 버그인지 운영에서 테스트중이신건진 모르겠으나 빠르게 수정해주세요 계속 울려서 거슬려요,2022-05-06,Xiz Li,0,,49fbd9b7-02a5-492a-8c48-86f768f3b027
Google Play,4,"어제(5월2일)까지 잘되던 앱이 오늘부터 계속 튕겨서 못들어갑니다. 7.6.1버전입니다. 지우고 다시 깔아봐도 계속 안됩니다. 노트9이고요, 탭7에서는 잘되서 수업은 일단 탭으로 진행했습니다. 탭에는 7.6.0버전입니다.",2022-05-03,Dongmyung Min,9,,a50abede-cb13-4e22-8b74-9e3dcdb8eb70
Google Play,5,알람 오는것 유용해요,2022-03-19,Juneyoung Lee,0,,8df3fcdc-fb24-4408-b0da-59a26cbd269b
Google Play,3,"링글 잘 사용하고 있어요. 다만 어플 사용하는데 몇가지 오류가 있어서 불편해요. 핸드폰으로 링글과 영영사전을 모두 보느라 여러 앱을 번갈아 쓰는 경우가 많은데, 어플 전환할 때 그냥 홈화면으로 돌아가더라구요; 예를 들면 교재 읽다가 모르는 단어 나와서 사전 어플 켰다가 다시 링글로 돌아오면 갑자기 홈화면으로 돌아가요. 그래서 매번 공부하던 데 다시 찾아서 돌아가야해서 불편하네요. 갤럭시 유전데, 화면분할 해놓고 화면 비율 조정할 때도 똑같은 문제가 발생해요. 비율 조정하다가 갑자기 홈화면으로 돌아가요. 이것 좀 고쳐주세요...",2022-03-02,ka,37,"안녕하세요, Ka님. 링글입니다. 먼저, 값진 시간내어 링글과 함께 영어 학습 여정을 함께해 주셔서 감사합니다. 다만, 아직 링글 앱이 완벽하지 않아 이용에 불편을 드려 죄송한 마음이 큽니다. 앱 전환 시 겪으셨던 문제는 담당 팀에서 최대한 빠르게 해결할 수 있도록 조치하겠습니다. 더해서 링글 고객센터로 메시지 보내주시면 진행 상황에 대해서도 보다 상세히 알려드리겠습니다. (링글 앱 내 프로필 > 고객지원 > 1:1 문의) 다시 한번, 건설적인 피드백 남겨주셔서 감사합니다. 링글 드림",88b6c021-7fcf-4ec9-ac4c-cfa7e867c01f
Google Play,2,두 세 번 짧게 칠 거면 좋음 근데 나처럼 몇 십 번 할 거면 안 하는 게 정말 최선이다.. 선생이랑 애초에 쭉 매칭해서 아니기 때문에 계속 생선이 바뀐다 그 때마다 일일이 하나씩 하나씩 처음하는 느낌.. 너무 싫다 참고로 이거 선생이 매 수업마다 바뀜 다른 화상 영어 전화영어 좋은 거 많으니 그거 쓰세요 이거 선생이 그냥 복불복 운빨입니다 여러 번 쓸 거면 절대 이거 쓰지 마세요,2022-03-01,Y Logic Machine,4,,0366dc10-2584-4fa6-a68e-f33d9ea3716a
Google Play,5,항상 노력하는 자세에 감동합니다. 선생님들이 너무 자주 바뀌는건 좀 불만인데요 새로운 사람을 지속적으로 만나서 이야기 해 보는걸로는 좋은 기회가 될것 같아요. 찜한 튜터 예약알림 기능이 제일 좋습니다,2022-02-20,Ji-young Lee,3,,d54068ad-11e0-49cc-8612-a5450d12bd1d
Google Play,1,앱이 매번 튕겨요,2022-02-11,롱롱,0,,6d4ff44d-e471-426e-bdaa-feebbdb4ba6f
Google Play,1,계속 다운됨,2022-01-31,WJ K,0,,fe0c76e6-8336-4ad0-9d81-c4d9b4656000
Google Play,2,수강일자 남은 날 중에 딱 하루만 일정이 맞아서 신청했는데 튜터가 취소했네요...24시간 내 수업 신청가능한 보충 수업권 들어오고 원래 수업권도 복원됐는데 어차피 들을 수 있는 날이 없어서 그냥 버리게 생겼어요...보충수업권은 원하는 대로 쓸 수도 없는데ㅜㅠ팔아버릴수도 없고 그대로 날리겠네요...,2022-01-28,나의,2,,e306e6e3-42c5-404a-89f8-72212a3ae9a6
Google Play,1,"환불하는데 무슨 1:1 문의를 시키고, 30분이 넘도록 답장이 없나요. 별로네요.",2022-01-27,TJ Kim,1,,2b3f44ba-dc1d-4763-bb84-77a37bc9bd44
Google Play,5,현재까지는 맘에 들어요. 다만 동영상 올리기 용량 좀 늘려주세요. 튜터들 영상이 왜이리 퀄리티 떨어지는지 불만이었는데 제가 소개영상 올려보니 10MB 제한이 걸려있으니 그럴수 밖에 없다는 생각이 듭니다. 일단 제폰 노트20 기준으로 낮은 SD수준으로 아무리 빨리 찍어서 1분 30초 안에 끝내도 90MB이고 압축해도 11MB네요. 그래서 앞뒤를 조금 자르고 겨우 1분27초로 10MB 안에 맞췄습니다. 참고해 주세요. 바이~~,2022-01-27,Yun Cheol Lee,33,,ba004317-3272-4206-92c9-13f41a326822
Google Play,5,직장인들에게 최고의 영어학습 플랫폼,2022-01-22,Ji Young Jeong,1,,961d3dd4-1082-4e5a-9b6c-d4dca163cd39
Google Play,5,태블릿 Pc로 수업할 수 있으면 좋겠네요,2022-01-20,Heecheol Kim,4,,17db6336-b07c-43fb-bca7-277e60fc51e6
Google Play,4,애정하며 사용하는 영어 앱. 수준있는 컨텐츠와 글들 잘 읽고있어요,2022-01-14,su-yeon Jun,0,,adeb7da5-25cf-476f-974c-740a3f2a71ad
Google Play,1,업데이트 후 오류 작렬,2021-11-15,a,0,,e0ddfa3f-3b19-42e5-b2f1-dd2b9c9c1fb9
Google Play,1,"지금까지 총 2회 수업했습니다. 그 중 한 번은 튜터가 강의 시작 시간이 지났는데도 들어오지 않았고, 수업시작 6분뒤 고객센터에서 튜터 사정 상 수업이 어렵다는 말만 전달받고 수업이 취소되었습니다. 해당 수업권은 환불되고 추가 수업권까지 보상으로 받았지만 다시 수업하고싶지 않네요.",2021-11-11,김예림,28,,42fd6a62-2a88-4507-93a8-a01b84438bc4
Google Play,5,돈이 좀 들지만 굉장히 좋은 영어 선생님들을 만날 수 있음,2021-11-05,Aiden uishin Lee,1,,1ab5e8f7-3163-4909-90a0-11e375ad88a0
Google Play,4,"너무 잘 사용하고 있습니다. 좋아요~ 헌데, 수업 다시 듣기에서 속도 조절 기능이 있으면 너무너무 좋을 것 같아요~!",2021-11-04,YOUNGSEONG LEE,7,,74e87245-c2e7-4066-ab9a-c85abaad3720
Google Play,1,나의정보수정하기(회원탈퇴) 메뉴는 도대체 어디있는건지 모르겠습니다.,2021-08-24,최정우,1,,199411c7-aae5-4f27-94db-35c2d3a1725d
Google Play,4,"링글 수업 자체는 너무너무 좋아하는 수강생이지만, 링글 앱에 들어갈 때마다 앱이 새로 업데이트 되었다는 알림창이 떠서 매우 불편해요 :(",2021-08-10,Youjung An,11,,ba3b4ce7-0a98-4ae0-9202-62e0f4af51ba
Google Play,5,참좋네요공부가쏙쏙잘들어와서참좋네요,2021-08-07,박박석한,1,,ca3ef66a-3d1a-4a11-adf7-712a24c8ed0e
Google Play,1,설치가 안되고 자꾸할면튕기네요,2021-08-03,송이,0,,90ad5e3a-472c-4ff6-80b6-fffd1ea9f499
Google Play,1,제발 업데이트 좀 그만 해요. 뭔 업데이트릉 이주마다 한 번씩 하나요????? 바뀌는 것도 없구만. 이번 업데이트는 특히 최악. 앱 삭제하고 다시 깔았는데도 아예 먹통이네...,2021-07-31,No Name,7,,f2c15174-1c38-42e8-9bd4-220c04c57ef4
Google Play,4,"원어민 튜터링 서비스는 좋은데. 앱은 너무너무너무 느리고 불편해서 별 하나 깎았아요. 오늘은 아예 안 뜨네요. 느리고, 오류도 많고, UI는 엉뚱하고... 이 사실을 링글만 모르시는 것 같아요.",2021-07-30,soyun kim,10,,60511b37-4be0-45a5-b61c-74523706bca7
Google Play,3,자꾸 업데이트 사항이 있다면서 플레이 스토어로 넘어와요. 지워서 다시 깔아봤는데도 똑같아요. 고쳐주세요!,2021-07-30,_먕미,5,,807c7ef8-6f93-48d1-a381-61833fa415b6
Google Play,5,"40분씩 3번의 튜터링을 받았습니다. 자동 매칭된 선생님들이었는데도 모두가 만족스러웠습니다. 대학생들이 알바로 하는 거라 전문적인 피드백은 어렵지 않을까 생각했는데 기대의 몇배로 뛰어난 피드백을 받았습니다. 대화도 얼굴을 보고 하니 더욱 화기애애했고, 격려를 많이 해주고 틀린 문법, 단어도 찰떡같이 알아듣고 교정해줍니다. 당장 급한 영어인터뷰가 있어 대비하려고 3회분만 끊었는데 정기적으로 이용할 계획입니다. 주변에도 강추하겠습니다.",2021-07-13,JH JANG,18,,5fd9ca66-cab6-4302-b690-9ba6548c6789
Google Play,2,링글 이용자 입니다 업데이트가 너무 자주됩니다 하지 않고 싶은 사람도 있는데 할 수 밖에 없는 구조로 짜놓으시고 계속 업뎃도 안돼서 폰도 껏다 켜보고 앱을 지워도 보고 다시 설치하려니까 또 깔리지도 않네요 이 부분만 해결되면 인터페이스도 편리하고 좋은 앱인데.. 너무 치명적이네요,2021-06-21,SY H,7,,32de37bd-933c-4fbe-933d-a5a97ad78731
Google Play,5,해외명문대생과 지식도나누고 영어 배움이 있는 좋은 앱입니다,2021-06-17,DM Choi,4,,863d137f-0234-4d85-8d10-98d0a9a69400
Google Play,4,링글 잘 쓰고 있습니다. 그런데 폰으로 접속하면 앱이 업데이트되어 홈 화면으로 이동한다는 안내창이 계속 뜨는데 이거 못 없애나요? 언제까지 매 접속마다 이걸 봐야 하죠...,2021-06-02,Hailey H,14,,41c422bf-1e54-424a-a78e-b26b825659d1
Google Play,5,좋아요! 이렇게 좋은앱 첨인듯요,2021-05-22,문유선,0,,c3cc97d1-7c3e-45f5-b8ef-d87fc5c59ded
Google Play,4,본문 읽기 화면에 북마크 기능 추가 부탁부탁드립니다^^ 유익한 프로그램 만들어 주셔서 감사합니다~ 덕분에 삶이 조금은 자신 있어졌어요ㅎ,2021-05-07,saranghae,3,,4bac3ea3-ff72-4dd9-9cb7-c16a3f965e8e
Google Play,1,예약하려고 하면 앱이 계속 중단돼요. 튜터 다고르고 어떤 수업교재로 할건지 정하는 단계에서요,2021-04-06,djslsls fjfjdjs,6,"djslsls fjfjdjs 님 안녕하세요, 링글팀 Lily입니다. 먼저 링글 앱 이용에 불편 드려 대단히 죄송합니다. 당시 앱 업데이트 이후 일시적으로 교재 선택 시 장애가 있었습니다. 현재는 예약 부분 업데이트가 완료가 되어 정상적으로 이용 가능하심을 안내드립니다. 앞으로도 겪으셨던 불편 사항 또는 추가 제안 사항이 있다면 편히 말씀해 주십시오. 최대한 지원하겠습니다. 감사합니다!",4cb64393-7d8f-4723-b2eb-67bfc07c8049
Google Play,5,사용하는데 편합니다,2021-03-31,기백송,0,"기백송님 안녕하세요, 링글팀 Lily입니다. 값진 시간 내어 친절한 피드백 남겨주셔서 감사합니다. 앞으로 보다 더 나은 서비스를 제공할 수 있도록 최선을 다하겠습니다. 감사합니다!",1a926d3c-3147-41c2-b04d-f25cac7a7d18
Google Play,5,"최근에 앱 업데이트가 다시 되면서, 다시 사용성이 좋아져서 별점 높여드립니다!, 이제 다시 속도도 빨라져서 예약도 잘 되네요.",2021-03-06,YongHun Jeong,8,"YongHun Jeong 님 안녕하세요, 링글팀 Lily입니다. 링글팀 모두 힘낼 수 있는 리뷰 남겨주셔서 감사합니다! YongHun Jeong 님께서 남겨 주신 의견을 바탕으로 보다 더 나은 서비스를 제공할 수 있도록 최선을 다하겠습니다. 감사합니다!

",2e171ec4-fcc9-46ac-9740-b82560de779f
Google Play,1,지금까지 5번 수업 신청을 하였으나 막상 수업이 이루어진건 2번이고 나머지는 튜터의 노쇼및 당일 일방적인 취소였습니다. 원하는 튜터와 시간 잡기도 힘들어요. 수업의 질이 튜터의 운에 달려있는 점이 아쉽습니다,2021-02-22,김지현,17,"김지현님 안녕하세요, 링글팀 Lily입니다. 수업 매칭 과정에서 겪으셨던 불편사항을 공유해 주셔서 감사합니다. 전체 수업 중, 노쇼율은 1% 미만으로 관리되고 있으나 100% 미연에 방지 하지 못함에 있어 큰 책임을 느낍니다. 관련팀을 통해 같은 문제가 재발되지 않도록 빠르게 해결안을 만들겠습니다. 다시 한번 서비스 이용에 불편을 드린 점에 진심으로 사과드립니다. 앞으로도 겪으셨던 불편 사항 또는 추가 제안 사항이 있다면 편히 말씀해 주십시오. 최대한 지원하겠습니다. 감사합니다!",d2aa9398-4f78-471c-acdf-752d2f11315a
Google Play,5,미국 원어민 튜터와 주말에도 수업할 수 있어서 편리하네요.,2021-02-05,Ji Ann,1,"Ji Ann님 안녕하세요, 링글팀 Lily입니다. 링글의 자유로운 수업 예약 기능에 대해 값진 피드백을 남겨주셔서 감사합니다. Ji Ann님께서 남겨 주신 의견을 바탕으로 보다 더 나은 서비스를 제공할 수 있도록 링글팀과 함께 최선을 다하겠습니다. 감사합니다!",c4ebb015-e382-4975-8e04-900047c622d5
Google Play,2,카톡 로그인이 안돼요,2021-02-01,zuno M,1,"zuno M님 안녕하세요, 링글팀 Lily입니다. 먼저, 값진 시간 내어 링글 카카오톡 로그인 접속 관련 불편사항을 공유해 주셔서 감사합니다. 현재는 담당팀을 통해 카카오톡 로그인 연결 기능에 많은 보완이 이뤄진 점 전달 드립니다. 앞으로도 겪으셨던 불편 사항 또는 추가 제안 사항이 있다면 편히 말씀해 주십시오. 최대한 지원하겠습니다. 감사합니다!",464a6314-3557-4604-8dd5-2c8db7b4e357
Google Play,1,업데이트하고나서 앱구현속도가 너무 느려요 진짜 불편해요 개발자 기획자님들일좀하세요,2021-01-22,The JR,5,"The JR 님 안녕하세요, 링글팀 Lily입니다. 당시 업데이트 이후, 최적화 기간에 앱 속도 저하가 발생했던 문제가 있었습니다. 불편사항을 링글팀에 시간내어 공유해 주셔서 감사합니다. 현재는 담당팀을 통해 앱 속도 최적화 작업이 지속적으로 진행되어 업데이트 이전 만큼의 속도로 개선된 점 전달 드립니다. 앞으로도 겪으셨던 불편 사항 또는 추가 제안 사항이 있다면 편히 말씀해 주십시오. 최대한 지원하겠습니다. 감사합니다!",4397c07f-14fb-4225-95c4-6b8d0a3f25a8
Google Play,2,이렇게 수업잡기 어려운 줄 알았으면 안했을거 같아요...,2021-01-18,Stella J,1,"Dahyun Jang 님 안녕하세요, 링글팀 Lily입니다. 먼저, 값진 시간내어 건설적인 피드백을 남겨 주셔서 감사합니다. 당시 수업을 진행하는 튜터 수가 일시적으로 부족했던 문제가 있었습니다. 현재는 약 600명 이상의 튜터가 스케쥴을 운영하고 있어 시간대 별 수업 진행이 비교적 원활한 점 전달 드립니다. 앞으로도 겪으셨던 불편 사항 또는 추가 제안 사항이 있다면 편히 말씀해 주십시오. 최대한 지원하겠습니다. 감사합니다!",725fd235-dc10-4b8f-9370-9d0229b1a55f
Google Play,2,수업잡기가 너무힘듭니다... 3주전에 미리잡으려고해도 힘듭니다 게다가 업데이트후엔 수강신청하는것자체가 엄청느려져서 도저히 핸드폰으론 예약을 할 수가업네요...,2021-01-16,이미미미,11,"이미미미님 안녕하세요, 링글팀 Lily입니다. 먼저, 값진 시간내어 건설적인 피드백을 남겨 주셔서 감사합니다. 당시 앱 업데이트 업데이트 이후 속도 저하와 수업을 진행하는 튜터 수가 일시적으로 부족했던 문제가 있었습니다. 현재는 앱 최적화를 지속적으로 진행하여 속도 저하 문제를 해결 했고, 약 600명 이상의 튜터가 스케쥴을 운영하고 있어 시간대 별 수업 진행이 비교적 원활한 점 전달 드립니다. 앞으로도 겪으셨던 불편 사항 또는 추가 제안 사항이 있다면 편히 말씀해 주십시오. 최대한 지원하겠습니다. 감사합니다!",c52c5385-09ee-4b6b-87f5-203abe1507aa
Google Play,1,개발자 퇴사시켜라 좀,2021-01-16,Shane,3,"Shane 님 안녕하세요, 링글팀 Lily입니다. 링글 서비스 이용에 만족스럽지 못한 경험을 드린 듯하여 팀차원에서 아쉬움이 큽니다. 관련하여 링글 홈페이지 내 1:1 문의 채널을 통해 메시지 남겨주시면, 최대한 성심성의껏 지원하겠습니다. 감사합니다.",8d975ed2-2d9b-452a-9e9d-ec7afe098525
Google Play,5,굳,2021-01-15,Sejun,2,"NOH Sejun 님 안녕하세요, 링글팀 Lily입니다. 링글팀 모두 힘낼 수 있는 리뷰 남겨주셔서 감사합니다! 앞으로 보다 더 나은 서비스를 제공할 수 있도록 최선을 다하겠습니다. 감사합니다!",4f1041e1-dc56-4554-862f-db9a7241429b
Google Play,5,"네이티브 수준은 아닌데, 그렇다고 영어를 못하는 것도 아니어서 강의를 듣기엔 애매했는데, 똑똑한 튜터가 말하는 것 바로 첨삭해줘서 좋아요",2021-01-15,Inae Kim,3,"Inae Kim 님 안녕하세요, 링글팀 Lily입니다. 링글 튜터와의 첨삭 수업 경험에 대해 값진 피드백을 남겨주셔서 감사합니다. Inae Kim님께서 남겨 주신 의견을 바탕으로 보다 더 나은 서비스를 제공할 수 있도록 최선을 다하겠습니다. 감사합니다!",d6bb9332-8971-4c9a-a08f-8635e4f17454
Google Play,5,좋아졌네요!,2020-12-31,안소영,2,,e785d5c9-8b00-4524-8ffe-9373a2811f54
Google Play,5,"영어공부를 많이 오래 해보았을수록 이 서비스의 가치를 제대로 느끼실 수 있을 겁니다. 중상급 이상의 영어학습자에게 최적화된, 제대로 고민하고 설계한 최고의 앱입니다. 별 5개를 더 얹어서 드리고 싶네요.",2020-12-20,Heekyung Kim,7,,1642100e-38b7-40cd-a126-2fd2cc7a7d10
Google Play,5,중고급자 이상 영어학습자에게 강추합니다. 개발자의 경험이 녹아있는 많은 고민과 섬세함이 느껴지는 획기적인 교육앱이라고 생각합니다. 저는 개인적으로 많은 도움을 받고있습니다. 계속 번창하시길!,2020-12-06,김현경,26,,215516a6-bd51-4071-baa6-a01960422501
Google Play,3,최근 광고를 늘리면서 수강생이 많아진 건지 튜터매칭이 어렵습니다. 프라임 시간대에는 매칭 가능 튜터가 0에서 최대 2명? 어찌된 일인지 몇달동안 계속 지정하던 고퀄 튜터들은 보이지도 않고요 예전 TLX가 업체에 지급을 못 해서 돈만 날린 기억을 상기시켜 불안하네요,2020-10-10,SE Oh,20,,981972c7-251b-4ac7-ba22-1e78c155a49e
Google Play,4,아직 인터뷰는 안해봤어요 그런데 어플 렉이 너무 심한데 해결방법좀 알려주실분..ㅠ 엘지 X4 쓰고있고 현재는 외부 공용와이파이 사용중입니다.,2020-06-05,념념,6,,9d6461b8-447f-4ee9-a062-9b5cafb4d66a
Google Play,5,일주일에 두 번 무조건 링글. 이 퀄의 대화를 영어로 나눌 수 있는 기회는 드물어요.,2020-04-07,Google 사용자,8,,ad75b707-eaf1-4683-b0cc-feeea11f5a30
Google Play,5,엄청 좋아졌습니다.,2020-03-25,Google 사용자,0,,51a0de12-aada-4272-96c8-9e2affce98a4
Google Play,1,트라이얼 레슨 신청하려고 하는데 자꾸 에러남..,2020-01-18,Google 사용자,1,,d84cd2a7-2d1a-41b3-8d88-1a8fddefd8f4
Google Play,5,공부하는 만큼 얻어갈 수 있어요. 튜터들 다 좋으심.,2019-12-09,Google 사용자,5,,d01bea0c-9ad9-4a9d-b1d4-248e3aef633b
Google Play,5,조금비싸긴하지만 정말 흠 잡을데가없네요,2019-11-13,Google 사용자,5,,764bb81c-8da3-4926-bb1a-96209c2dbedc
Google Play,5,회화 연습에 크게 도움됨,2019-05-09,Google 사용자,2,,09c6536b-750a-4af1-b063-e57dba9da788
Google Play,1,준비안된 일반 학생들로 구성된 최악의 언어학습앱. 차라리 전화영어가 더 도움될듯.,2019-03-23,Google 사용자,29,,ebc5a0bd-a381-4b23-9b7d-19075c548147
Google Play,5,짱이예요. 그저그런 회화가 아니라 수준 높은 지적대화와 토론을 위한 앱입니다.,2019-03-07,Google 사용자,4,,10f477af-7148-41b1-a36e-eca487fd237b
Google Play,5,아무에게도 알려주지 않고 나만 알고 싶은 최고의 어플,2019-03-06,Google 사용자,8,,f430ac18-0ac8-4c9f-9fd9-b43401dff978
Google Play,5,Good!,2018-09-10,Google 사용자,2,,19d8d1d9-e170-4c00-9a2d-242510d7b29f
Google Play,5,최고의 영어 선생님과 교재!,2018-08-16,Google 사용자,2,,ebac4971-4112-4ba8-8994-6755f73daf3c
Google Play,5,영어를 제대로 하고 싶은 사람에게 최고의 그리고 유일한 선택지,2018-05-18,Google 사용자,3,,b8b21e72-41f8-43a0-83f7-f0523c72fb1e
Google Play,5,유용한 앱입니다.,2018-01-24,Google 사용자,1,,4560ae5a-fa79-4287-b187-8d1e2f5e8ced
Google Play,5,너무 좋아요 ^^ 일단 교재 퀄리티가 정말,2018-01-10,Google 사용자,4,,fbeb0bfc-5069-463c-9726-6aa528d689c8
Google Play,5,정말 정성스럽게 만든 앱인게 느껴집니다.,2018-01-07,Google 사용자,3,,5a01f35a-09f7-4956-af45-480113028fe5
Google Play,5,최고에요 믿을 수 있는 프로그램,2017-12-27,Google 사용자,2,,052c712a-1b87-4c7c-a39f-41bb4b9868c2
Google Play,5,고맙습니다,2017-08-30,Google 사용자,5,,d9e530f5-c80c-42b4-a474-062d94db5289
Google Play,5,너무 좋아요,2017-08-24,Google 사용자,2,,82013862-9454-4f8a-97a2-00925292995e
Google Play,5,좋아요!!,2017-04-28,Google 사용자,0,,f286e7f2-681f-4c24-aa8e-c3b515f6d689
Google Play,5,좋아요^^,2017-02-08,Google 사용자,0,,f5b35a8c-a956-4660-b94e-fcd6b58a73c8
Google Play,5,잘만들었네요,2017-02-02,Google 사용자,2,,d09daa99-9f6f-4504-867c-9bfd3c672e22
Google Play,5,최고의 영어 서비스,2016-12-23,Google 사용자,3,,df5e8245-bec7-4465-b267-2cdf0ef73e37
Google Play,5,가입 진행이 안됩니다.  구글 연동을 해도 이메일 작성이후 아래 작성란으로 넘어가질 않아요. 선택도 안되고요.. (이메일은 제대로 썼는데 틀린 것처럼 붉은색 라인으로 뜨고요 ㅜㅠ) 확인 부탁드립니다,2016-12-12,Google 사용자,3,"안녕하세요! 불편을 드려 죄송합니다. 빠른 시일 내 업데이트를 해서 문제를 해결해 드리도록 하겠습니다. 감사합니다.
(우선 회원가입은 www.ringleplus.com에서 하실 수 있습니다!)",bcf3850e-06d7-433d-9973-a8b285c7b3e7
Google Play,5,"단순한 영어 회화를 연습하는 것이 아닌, 비즈니스 실제 상황에 도움이 될수 있게 설계되어 있습니다. 나의 사고와 견해를 영어로 표현해보고, 투터에게 교정받는 실전 영어...  차별화 되는 서비스입니다.",2016-12-12,Google 사용자,6,,771868f0-7ba5-447c-aba4-98cfa8ac167e
Google Play,5,외부이동시에 영어기사를 쉽게 보고 들을수 있어서 좋네요! 추쳔,2016-12-10,Google 사용자,1,,7264e1f3-007a-4fe3-b164-0db611f7e407
Google Play,5,이걸로 영어 배우면 울어,2016-12-10,Google 사용자,2,,ffde6219-deb6-47ee-a0c0-a15fe74c1ab5
